oid	wr_id	main_id	ra	dec	otype	vmag	identifier
30310	"WR 147"	"EM* AS  431"	309.18180114487996	40.35206739109	"WR*"	13.73	"19P 45"
30310	"WR 147"	"EM* AS  431"	309.18180114487996	40.35206739109	"WR*"	13.73	"1E 2034+40.1"
30310	"WR 147"	"EM* AS  431"	309.18180114487996	40.35206739109	"WR*"	13.73	"2E 2034.8+4010"
30310	"WR 147"	"EM* AS  431"	309.18180114487996	40.35206739109	"WR*"	13.73	"2E  4394"
30310	"WR 147"	"EM* AS  431"	309.18180114487996	40.35206739109	"WR*"	13.73	"2MASS J20364364+4021075"
30310	"WR 147"	"EM* AS  431"	309.18180114487996	40.35206739109	"WR*"	13.73	"ALS 19607"
30310	"WR 147"	"EM* AS  431"	309.18180114487996	40.35206739109	"WR*"	13.73	"BGPS G079.847-00.313"
30310	"WR 147"	"EM* AS  431"	309.18180114487996	40.35206739109	"WR*"	13.73	"EM* AS  431"
30310	"WR 147"	"EM* AS  431"	309.18180114487996	40.35206739109	"WR*"	13.73	"Gaia DR2 2064671253991921408"
30310	"WR 147"	"EM* AS  431"	309.18180114487996	40.35206739109	"WR*"	13.73	"Gaia DR3 2064671253991921408"
30310	"WR 147"	"EM* AS  431"	309.18180114487996	40.35206739109	"WR*"	13.73	"HBHA 4203-20"
30310	"WR 147"	"EM* AS  431"	309.18180114487996	40.35206739109	"WR*"	13.73	"IRAS 20349+4010"
30310	"WR 147"	"EM* AS  431"	309.18180114487996	40.35206739109	"WR*"	13.73	"[KW97] 48-11"
30310	"WR 147"	"EM* AS  431"	309.18180114487996	40.35206739109	"WR*"	13.73	"[MDB89] AS 431 N"
30310	"WR 147"	"EM* AS  431"	309.18180114487996	40.35206739109	"WR*"	13.73	"[MDB89] WR 147 N"
30310	"WR 147"	"EM* AS  431"	309.18180114487996	40.35206739109	"WR*"	13.73	"MHA 328-50"
30310	"WR 147"	"EM* AS  431"	309.18180114487996	40.35206739109	"WR*"	13.73	"NAME WR 147 NIR"
30310	"WR 147"	"EM* AS  431"	309.18180114487996	40.35206739109	"WR*"	13.73	"** NML    2"
30310	"WR 147"	"EM* AS  431"	309.18180114487996	40.35206739109	"WR*"	13.73	"[PSW2002] Source 1"
30310	"WR 147"	"EM* AS  431"	309.18180114487996	40.35206739109	"WR*"	13.73	"StRS 378"
30310	"WR 147"	"EM* AS  431"	309.18180114487996	40.35206739109	"WR*"	13.73	"TIC 64413984"
30310	"WR 147"	"EM* AS  431"	309.18180114487996	40.35206739109	"WR*"	13.73	"UCAC4 652-091381"
30310	"WR 147"	"EM* AS  431"	309.18180114487996	40.35206739109	"WR*"	13.73	"WDS J20367+4021AB"
30310	"WR 147"	"EM* AS  431"	309.18180114487996	40.35206739109	"WR*"	13.73	"WISEA J203643.63+402107.6"
30310	"WR 147"	"EM* AS  431"	309.18180114487996	40.35206739109	"WR*"	13.73	"WISE J203643.45+402106.8"
30310	"WR 147"	"EM* AS  431"	309.18180114487996	40.35206739109	"WR*"	13.73	"WR 147"
30360	"WR 143"	"HD 195177"	307.09443180079	38.62193817797	"WR*"	11.46	"2MASS J20282266+3837188"
30360	"WR 143"	"HD 195177"	307.09443180079	38.62193817797	"WR*"	11.46	"ALS 11371"
30360	"WR 143"	"HD 195177"	307.09443180079	38.62193817797	"WR*"	11.46	"AP J20282266+3837188"
30360	"WR 143"	"HD 195177"	307.09443180079	38.62193817797	"WR*"	11.46	"CSI+38-20265"
30360	"WR 143"	"HD 195177"	307.09443180079	38.62193817797	"WR*"	11.46	"Gaia DR1 2064136921403778816"
30360	"WR 143"	"HD 195177"	307.09443180079	38.62193817797	"WR*"	11.46	"Gaia DR2 2064136921403778816"
30360	"WR 143"	"HD 195177"	307.09443180079	38.62193817797	"WR*"	11.46	"Gaia DR3 2064136925704910080"
30360	"WR 143"	"HD 195177"	307.09443180079	38.62193817797	"WR*"	11.46	"GEN# +1.00195177"
30360	"WR 143"	"HD 195177"	307.09443180079	38.62193817797	"WR*"	11.46	"GSC 03152-01081"
30360	"WR 143"	"HD 195177"	307.09443180079	38.62193817797	"WR*"	11.46	"HBHA 3704-13"
30360	"WR 143"	"HD 195177"	307.09443180079	38.62193817797	"WR*"	11.46	"HD 195177"
30360	"WR 143"	"HD 195177"	307.09443180079	38.62193817797	"WR*"	11.46	"Hen 3-1901"
30360	"WR 143"	"HD 195177"	307.09443180079	38.62193817797	"WR*"	11.46	"JP11  3242"
30360	"WR 143"	"HD 195177"	307.09443180079	38.62193817797	"WR*"	11.46	"[KW97] 47-1"
30360	"WR 143"	"HD 195177"	307.09443180079	38.62193817797	"WR*"	11.46	"LS  II +38   90"
30360	"WR 143"	"HD 195177"	307.09443180079	38.62193817797	"WR*"	11.46	"MR 109"
30360	"WR 143"	"HD 195177"	307.09443180079	38.62193817797	"WR*"	11.46	"MSX6C G077.4993-00.0459"
30360	"WR 143"	"HD 195177"	307.09443180079	38.62193817797	"WR*"	11.46	"NSVS   5737242"
30360	"WR 143"	"HD 195177"	307.09443180079	38.62193817797	"WR*"	11.46	"TIC 15792520"
30360	"WR 143"	"HD 195177"	307.09443180079	38.62193817797	"WR*"	11.46	"TYC 3152-1081-1"
30360	"WR 143"	"HD 195177"	307.09443180079	38.62193817797	"WR*"	11.46	"UBV   17768"
30360	"WR 143"	"HD 195177"	307.09443180079	38.62193817797	"WR*"	11.46	"UCAC2  45397944"
30360	"WR 143"	"HD 195177"	307.09443180079	38.62193817797	"WR*"	11.46	"WR 143"
52244	"WR 145"	"EM* AS  422"	308.02616107143	40.80820197266	"WR*"	11.83	"2MASS J20320628+4048295"
52244	"WR 145"	"EM* AS  422"	308.02616107143	40.80820197266	"WR*"	11.83	"CSI+40-20303"
52244	"WR 145"	"EM* AS  422"	308.02616107143	40.80820197266	"WR*"	11.83	"EM* AS  422"
52244	"WR 145"	"EM* AS  422"	308.02616107143	40.80820197266	"WR*"	11.83	"Gaia DR2 2067745076187793024"
52244	"WR 145"	"EM* AS  422"	308.02616107143	40.80820197266	"WR*"	11.83	"Gaia DR3 2067745076187793024"
52244	"WR 145"	"EM* AS  422"	308.02616107143	40.80820197266	"WR*"	11.83	"GSC 03157-00233"
52244	"WR 145"	"EM* AS  422"	308.02616107143	40.80820197266	"WR*"	11.83	"HBHA 4203-33"
52244	"WR 145"	"EM* AS  422"	308.02616107143	40.80820197266	"WR*"	11.83	"Hen 3-1907"
52244	"WR 145"	"EM* AS  422"	308.02616107143	40.80820197266	"WR*"	11.83	"IRAS 20303+4038"
52244	"WR 145"	"EM* AS  422"	308.02616107143	40.80820197266	"WR*"	11.83	"JP11  5256"
52244	"WR 145"	"EM* AS  422"	308.02616107143	40.80820197266	"WR*"	11.83	"[KW97] 47-33"
52244	"WR 145"	"EM* AS  422"	308.02616107143	40.80820197266	"WR*"	11.83	"MHA 328-53"
52244	"WR 145"	"EM* AS  422"	308.02616107143	40.80820197266	"WR*"	11.83	"MR 111"
52244	"WR 145"	"EM* AS  422"	308.02616107143	40.80820197266	"WR*"	11.83	"SV* SVS  2843"
52244	"WR 145"	"EM* AS  422"	308.02616107143	40.80820197266	"WR*"	11.83	"TIC 17031739"
52244	"WR 145"	"EM* AS  422"	308.02616107143	40.80820197266	"WR*"	11.83	"UCAC2  46032027"
52244	"WR 145"	"EM* AS  422"	308.02616107143	40.80820197266	"WR*"	11.83	"V* V1923 Cyg"
52244	"WR 145"	"EM* AS  422"	308.02616107143	40.80820197266	"WR*"	11.83	"WR 145"
52987	"WR 145a"	"V* V1521 Cyg"	308.10741666666667	40.957750000000004	"HXB"		"18P  57"
52987	"WR 145a"	"V* V1521 Cyg"	308.10741666666667	40.957750000000004	"HXB"		"19P 17"
52987	"WR 145a"	"V* V1521 Cyg"	308.10741666666667	40.957750000000004	"HXB"		"1ES 2030+40.7"
52987	"WR 145a"	"V* V1521 Cyg"	308.10741666666667	40.957750000000004	"HXB"		"1FGL J2032.4+4057"
52987	"WR 145a"	"V* V1521 Cyg"	308.10741666666667	40.957750000000004	"HXB"		"1H 2030+407"
52987	"WR 145a"	"V* V1521 Cyg"	308.10741666666667	40.957750000000004	"HXB"		"1M 2030+407"
52987	"WR 145a"	"V* V1521 Cyg"	308.10741666666667	40.957750000000004	"HXB"		"1RXS J203226.2+405725"
52987	"WR 145a"	"V* V1521 Cyg"	308.10741666666667	40.957750000000004	"HXB"		"1WGA J2032.4+4057"
52987	"WR 145a"	"V* V1521 Cyg"	308.10741666666667	40.957750000000004	"HXB"		"1XRS 20305+407"
52987	"WR 145a"	"V* V1521 Cyg"	308.10741666666667	40.957750000000004	"HXB"		"2AGL J2033+4100"
52987	"WR 145a"	"V* V1521 Cyg"	308.10741666666667	40.957750000000004	"HXB"		"2CXO J203225.7+405728"
52987	"WR 145a"	"V* V1521 Cyg"	308.10741666666667	40.957750000000004	"HXB"		"2E 2030.5+4047"
52987	"WR 145a"	"V* V1521 Cyg"	308.10741666666667	40.957750000000004	"HXB"		"2E  4376"
52987	"WR 145a"	"V* V1521 Cyg"	308.10741666666667	40.957750000000004	"HXB"		"2FGL J2032.1+4049"
52987	"WR 145a"	"V* V1521 Cyg"	308.10741666666667	40.957750000000004	"HXB"		"2MASS J20322578+4057279"
52987	"WR 145a"	"V* V1521 Cyg"	308.10741666666667	40.957750000000004	"HXB"		"2SXPS J203225.7+405727"
52987	"WR 145a"	"V* V1521 Cyg"	308.10741666666667	40.957750000000004	"HXB"		"2U 2030+40"
52987	"WR 145a"	"V* V1521 Cyg"	308.10741666666667	40.957750000000004	"HXB"		"3A 2030+407"
52987	"WR 145a"	"V* V1521 Cyg"	308.10741666666667	40.957750000000004	"HXB"		"3U 2030+40"
52987	"WR 145a"	"V* V1521 Cyg"	308.10741666666667	40.957750000000004	"HXB"		"4FGL J2032.6+4053"
52987	"WR 145a"	"V* V1521 Cyg"	308.10741666666667	40.957750000000004	"HXB"		"4U 2030+40"
52987	"WR 145a"	"V* V1521 Cyg"	308.10741666666667	40.957750000000004	"HXB"		"4XMM J203225.7+405730"
52987	"WR 145a"	"V* V1521 Cyg"	308.10741666666667	40.957750000000004	"HXB"		"87GB 203037.0+404726"
52987	"WR 145a"	"V* V1521 Cyg"	308.10741666666667	40.957750000000004	"HXB"		"[AAA2018] FGL J2032.1+4058"
52987	"WR 145a"	"V* V1521 Cyg"	308.10741666666667	40.957750000000004	"HXB"		"[BM83] X2030+407"
52987	"WR 145a"	"V* V1521 Cyg"	308.10741666666667	40.957750000000004	"HXB"		"[BSF97] J203225.77+405728.0"
52987	"WR 145a"	"V* V1521 Cyg"	308.10741666666667	40.957750000000004	"HXB"		"ECX6-23"
52987	"WR 145a"	"V* V1521 Cyg"	308.10741666666667	40.957750000000004	"HXB"		"[FS2003] 1076"
52987	"WR 145a"	"V* V1521 Cyg"	308.10741666666667	40.957750000000004	"HXB"		"GB6 B2030+4047"
52987	"WR 145a"	"V* V1521 Cyg"	308.10741666666667	40.957750000000004	"HXB"		"GPS 2030+407"
52987	"WR 145a"	"V* V1521 Cyg"	308.10741666666667	40.957750000000004	"HXB"		"GPSR 079.846+0.700"
52987	"WR 145a"	"V* V1521 Cyg"	308.10741666666667	40.957750000000004	"HXB"		"GT 2030+407"
52987	"WR 145a"	"V* V1521 Cyg"	308.10741666666667	40.957750000000004	"HXB"		"H 2030+407"
52987	"WR 145a"	"V* V1521 Cyg"	308.10741666666667	40.957750000000004	"HXB"		"INTEGRAL1 118"
52987	"WR 145a"	"V* V1521 Cyg"	308.10741666666667	40.957750000000004	"HXB"		"[KRL2007b] 376"
52987	"WR 145a"	"V* V1521 Cyg"	308.10741666666667	40.957750000000004	"HXB"		"PBC J2032.4+4057"
52987	"WR 145a"	"V* V1521 Cyg"	308.10741666666667	40.957750000000004	"HXB"		"RGB J2032+409"
52987	"WR 145a"	"V* V1521 Cyg"	308.10741666666667	40.957750000000004	"HXB"		"RX J2032.3+4057"
52987	"WR 145a"	"V* V1521 Cyg"	308.10741666666667	40.957750000000004	"HXB"		"SPICY 112094"
52987	"WR 145a"	"V* V1521 Cyg"	308.10741666666667	40.957750000000004	"HXB"		"SRGA J203225.6+405729"
52987	"WR 145a"	"V* V1521 Cyg"	308.10741666666667	40.957750000000004	"HXB"		"SSTCYGXC G079.8455+00.7000"
52987	"WR 145a"	"V* V1521 Cyg"	308.10741666666667	40.957750000000004	"HXB"		"SWIFT J2032.4+4057"
52987	"WR 145a"	"V* V1521 Cyg"	308.10741666666667	40.957750000000004	"HXB"		"SWIFT J2032.5+4055"
52987	"WR 145a"	"V* V1521 Cyg"	308.10741666666667	40.957750000000004	"HXB"		"TIC 17032547"
52987	"WR 145a"	"V* V1521 Cyg"	308.10741666666667	40.957750000000004	"HXB"		"UGPS J203225.77+405728.0"
52987	"WR 145a"	"V* V1521 Cyg"	308.10741666666667	40.957750000000004	"HXB"		"V* V1521 Cyg"
52987	"WR 145a"	"V* V1521 Cyg"	308.10741666666667	40.957750000000004	"HXB"		"[WBC2013] J203225.6+405726"
52987	"WR 145a"	"V* V1521 Cyg"	308.10741666666667	40.957750000000004	"HXB"		"WR 145a"
52987	"WR 145a"	"V* V1521 Cyg"	308.10741666666667	40.957750000000004	"HXB"		"X Cyg X-3"
56219	"WR 144"	"MR 110"	308.01258377055	41.25569437006	"WR*"	13.97	"2MASS J20320302+4115205"
56219	"WR 144"	"MR 110"	308.01258377055	41.25569437006	"WR*"	13.97	"CSI+41-20303"
56219	"WR 144"	"MR 110"	308.01258377055	41.25569437006	"WR*"	13.97	"Gaia DR2 2067824545964503168"
56219	"WR 144"	"MR 110"	308.01258377055	41.25569437006	"WR*"	13.97	"Gaia DR3 2067824545964503168"
56219	"WR 144"	"MR 110"	308.01258377055	41.25569437006	"WR*"	13.97	"HBHA 4203-49"
56219	"WR 144"	"MR 110"	308.01258377055	41.25569437006	"WR*"	13.97	"[HM60] 1"
56219	"WR 144"	"MR 110"	308.01258377055	41.25569437006	"WR*"	13.97	"[KW97] 47-31"
56219	"WR 144"	"MR 110"	308.01258377055	41.25569437006	"WR*"	13.97	"MR 110"
56219	"WR 144"	"MR 110"	308.01258377055	41.25569437006	"WR*"	13.97	"[PJ95] 125"
56219	"WR 144"	"MR 110"	308.01258377055	41.25569437006	"WR*"	13.97	"RLP  600"
56219	"WR 144"	"MR 110"	308.01258377055	41.25569437006	"WR*"	13.97	"TIC 17034174"
56219	"WR 144"	"MR 110"	308.01258377055	41.25569437006	"WR*"	13.97	"UCAC2  46178741"
56219	"WR 144"	"MR 110"	308.01258377055	41.25569437006	"WR*"	13.97	"WR 144"
57748	"WR 146"	"MR 112"	308.9461913660853	41.3790843111516	"WR*"	12.64	"2MASS J20354707+4122445"
57748	"WR 146"	"MR 112"	308.9461913660853	41.3790843111516	"WR*"	12.64	"ALS 19606"
57748	"WR 146"	"MR 112"	308.9461913660853	41.3790843111516	"WR*"	12.64	"BD+40  4243p"
57748	"WR 146"	"MR 112"	308.9461913660853	41.3790843111516	"WR*"	12.64	"BD+40  4243P"
57748	"WR 146"	"MR 112"	308.9461913660853	41.3790843111516	"WR*"	12.64	"CSS 1229"
57748	"WR 146"	"MR 112"	308.9461913660853	41.3790843111516	"WR*"	12.64	"EM* CDS 1176"
57748	"WR 146"	"MR 112"	308.9461913660853	41.3790843111516	"WR*"	12.64	"Gaia DR2 2067867358199590400"
57748	"WR 146"	"MR 112"	308.9461913660853	41.3790843111516	"WR*"	12.64	"Gaia DR3 2067867358199590400"
57748	"WR 146"	"MR 112"	308.9461913660853	41.3790843111516	"WR*"	12.64	"GSC 03161-01125"
57748	"WR 146"	"MR 112"	308.9461913660853	41.3790843111516	"WR*"	12.64	"HBHA 4203-51"
57748	"WR 146"	"MR 112"	308.9461913660853	41.3790843111516	"WR*"	12.64	"[HM60] 3"
57748	"WR 146"	"MR 112"	308.9461913660853	41.3790843111516	"WR*"	12.64	"IRAS 20339+4112"
57748	"WR 146"	"MR 112"	308.9461913660853	41.3790843111516	"WR*"	12.64	"JP11   166"
57748	"WR 146"	"MR 112"	308.9461913660853	41.3790843111516	"WR*"	12.64	"[KW97] 48-8"
57748	"WR 146"	"MR 112"	308.9461913660853	41.3790843111516	"WR*"	12.64	"MR 112"
57748	"WR 146"	"MR 112"	308.9461913660853	41.3790843111516	"WR*"	12.64	"MSX6C G080.5602+00.4449"
57748	"WR 146"	"MR 112"	308.9461913660853	41.3790843111516	"WR*"	12.64	"** NML    1"
57748	"WR 146"	"MR 112"	308.9461913660853	41.3790843111516	"WR*"	12.64	"PPMX J203547.0+412244"
57748	"WR 146"	"MR 112"	308.9461913660853	41.3790843111516	"WR*"	12.64	"RLP 1166"
57748	"WR 146"	"MR 112"	308.9461913660853	41.3790843111516	"WR*"	12.64	"S1* 654"
57748	"WR 146"	"MR 112"	308.9461913660853	41.3790843111516	"WR*"	12.64	"SDSS J203547.08+412244.6"
57748	"WR 146"	"MR 112"	308.9461913660853	41.3790843111516	"WR*"	12.64	"[TGC96] 2033+4112"
57748	"WR 146"	"MR 112"	308.9461913660853	41.3790843111516	"WR*"	12.64	"TIC 64149599"
57748	"WR 146"	"MR 112"	308.9461913660853	41.3790843111516	"WR*"	12.64	"UCAC3 263-197356"
57748	"WR 146"	"MR 112"	308.9461913660853	41.3790843111516	"WR*"	12.64	"WDS J20358+4123AB"
57748	"WR 146"	"MR 112"	308.9461913660853	41.3790843111516	"WR*"	12.64	"WR 146"
68150	"WR 160"	"V* V1251 Cyg"	325.2265488322238	48.66195572716833	"CV*"		"AAVSO 2137+48"
68150	"WR 160"	"V* V1251 Cyg"	325.2265488322238	48.66195572716833	"CV*"		"Gaia DR2 1978805267094491904"
68150	"WR 160"	"V* V1251 Cyg"	325.2265488322238	48.66195572716833	"CV*"		"Gaia DR3 1978805267094491904"
68150	"WR 160"	"V* V1251 Cyg"	325.2265488322238	48.66195572716833	"CV*"		"SV* WR   160"
68150	"WR 160"	"V* V1251 Cyg"	325.2265488322238	48.66195572716833	"CV*"		"V* V1251 Cyg"
68150	"WR 160"	"V* V1251 Cyg"	325.2265488322238	48.66195572716833	"CV*"		"WR 160"
73233	"WR 150"	"WR 150"	327.52321891665	50.70686541700001	"WR*"	13.47	"2MASS J21500557+5042247"
73233	"WR 150"	"WR 150"	327.52321891665	50.70686541700001	"WR*"	13.47	"Gaia DR2 1980522738604744704"
73233	"WR 150"	"WR 150"	327.52321891665	50.70686541700001	"WR*"	13.47	"Gaia DR3 1980522738604744704"
73233	"WR 150"	"WR 150"	327.52321891665	50.70686541700001	"WR*"	13.47	"GSC 03616-01163"
73233	"WR 150"	"WR 150"	327.52321891665	50.70686541700001	"WR*"	13.47	"HBHA 5204-07"
73233	"WR 150"	"WR 150"	327.52321891665	50.70686541700001	"WR*"	13.47	"[KW97] 59-49"
73233	"WR 150"	"WR 150"	327.52321891665	50.70686541700001	"WR*"	13.47	"[S66] 5"
73233	"WR 150"	"WR 150"	327.52321891665	50.70686541700001	"WR*"	13.47	"TIC 384095917"
73233	"WR 150"	"WR 150"	327.52321891665	50.70686541700001	"WR*"	13.47	"WR 150"
90149	"WR 142a"	"WR 142a"	306.02579129897	41.42606280828	"WR*"	18.0	"2MASS J20240619+4125339"
90149	"WR 142a"	"WR 142a"	306.02579129897	41.42606280828	"WR*"	18.0	"Cl* NGC 6910     MS      21"
90149	"WR 142a"	"WR 142a"	306.02579129897	41.42606280828	"WR*"	18.0	"Gaia DR2 2068434332539101056"
90149	"WR 142a"	"WR 142a"	306.02579129897	41.42606280828	"WR*"	18.0	"Gaia DR3 2068434332539101056"
90149	"WR 142a"	"WR 142a"	306.02579129897	41.42606280828	"WR*"	18.0	"HBHA 4202-02"
90149	"WR 142a"	"WR 142a"	306.02579129897	41.42606280828	"WR*"	18.0	"[KW97] 46-21"
90149	"WR 142a"	"WR 142a"	306.02579129897	41.42606280828	"WR*"	18.0	"TIC 14319232"
90149	"WR 142a"	"WR 142a"	306.02579129897	41.42606280828	"WR*"	18.0	"WR 142a"
90942	"WR 138-1"	"WR 138a"	304.28383037355997	41.12416441563	"WR*"	15.44	"2MASS J20170811+4107270"
90942	"WR 138-1"	"WR 138a"	304.28383037355997	41.12416441563	"WR*"	15.44	"Gaia DR2 2062560122958679936"
90942	"WR 138-1"	"WR 138a"	304.28383037355997	41.12416441563	"WR*"	15.44	"Gaia DR3 2062560122958679936"
90942	"WR 138-1"	"WR 138a"	304.28383037355997	41.12416441563	"WR*"	15.44	"[GKF2010] MN114"
90942	"WR 138-1"	"WR 138a"	304.28383037355997	41.12416441563	"WR*"	15.44	"HBHA 4202-22"
90942	"WR 138-1"	"WR 138a"	304.28383037355997	41.12416441563	"WR*"	15.44	"IPHAS J201708.12+410727.0"
90942	"WR 138-1"	"WR 138a"	304.28383037355997	41.12416441563	"WR*"	15.44	"[KW97] 44-47"
90942	"WR 138-1"	"WR 138a"	304.28383037355997	41.12416441563	"WR*"	15.44	"TIC 11797283"
90942	"WR 138-1"	"WR 138a"	304.28383037355997	41.12416441563	"WR*"	15.44	"WR 138-1"
90942	"WR 138-1"	"WR 138a"	304.28383037355997	41.12416441563	"WR*"	15.44	"WR 138a"
90942	"WR 138a"	"WR 138a"	304.28383037355997	41.12416441563	"WR*"	15.44	"2MASS J20170811+4107270"
90942	"WR 138a"	"WR 138a"	304.28383037355997	41.12416441563	"WR*"	15.44	"Gaia DR2 2062560122958679936"
90942	"WR 138a"	"WR 138a"	304.28383037355997	41.12416441563	"WR*"	15.44	"Gaia DR3 2062560122958679936"
90942	"WR 138a"	"WR 138a"	304.28383037355997	41.12416441563	"WR*"	15.44	"[GKF2010] MN114"
90942	"WR 138a"	"WR 138a"	304.28383037355997	41.12416441563	"WR*"	15.44	"HBHA 4202-22"
90942	"WR 138a"	"WR 138a"	304.28383037355997	41.12416441563	"WR*"	15.44	"IPHAS J201708.12+410727.0"
90942	"WR 138a"	"WR 138a"	304.28383037355997	41.12416441563	"WR*"	15.44	"[KW97] 44-47"
90942	"WR 138a"	"WR 138a"	304.28383037355997	41.12416441563	"WR*"	15.44	"TIC 11797283"
90942	"WR 138a"	"WR 138a"	304.28383037355997	41.12416441563	"WR*"	15.44	"WR 138-1"
90942	"WR 138a"	"WR 138a"	304.28383037355997	41.12416441563	"WR*"	15.44	"WR 138a"
93785	"WR 149"	"WR 149"	316.79872234034997	48.4267329313	"WR*"	14.7	"2MASS J21071169+4825361"
93785	"WR 149"	"WR 149"	316.79872234034997	48.4267329313	"WR*"	14.7	"EM* CGHA   39"
93785	"WR 149"	"WR 149"	316.79872234034997	48.4267329313	"WR*"	14.7	"Gaia DR2 2165537770680635904"
93785	"WR 149"	"WR 149"	316.79872234034997	48.4267329313	"WR*"	14.7	"Gaia DR3 2165537770680635904"
93785	"WR 149"	"WR 149"	316.79872234034997	48.4267329313	"WR*"	14.7	"GSC 03592-06255"
93785	"WR 149"	"WR 149"	316.79872234034997	48.4267329313	"WR*"	14.7	"HBHA 4703-52"
93785	"WR 149"	"WR 149"	316.79872234034997	48.4267329313	"WR*"	14.7	"[KW97] 55-46"
93785	"WR 149"	"WR 149"	316.79872234034997	48.4267329313	"WR*"	14.7	"[S66] 4"
93785	"WR 149"	"WR 149"	316.79872234034997	48.4267329313	"WR*"	14.7	"TIC 267280385"
93785	"WR 149"	"WR 149"	316.79872234034997	48.4267329313	"WR*"	14.7	"WR 149"
93785	"WR 149"	"WR 149"	316.79872234034997	48.4267329313	"WR*"	14.7	"ZTF J210711.69+482536.2"
100080	"WR 154"	"HD 213049"	336.82424484826	56.25326963381999	"WR*"	10.928	"2MASS J22271782+5615117"
100080	"WR 154"	"HD 213049"	336.82424484826	56.25326963381999	"WR*"	10.928	"ALS 12426"
100080	"WR 154"	"HD 213049"	336.82424484826	56.25326963381999	"WR*"	10.928	"CSI+55-22254"
100080	"WR 154"	"HD 213049"	336.82424484826	56.25326963381999	"WR*"	10.928	"CSI+56-22255  2"
100080	"WR 154"	"HD 213049"	336.82424484826	56.25326963381999	"WR*"	10.928	"DO 41389"
100080	"WR 154"	"HD 213049"	336.82424484826	56.25326963381999	"WR*"	10.928	"EM* CDS 1347"
100080	"WR 154"	"HD 213049"	336.82424484826	56.25326963381999	"WR*"	10.928	"Gaia DR1 2007494033713745792"
100080	"WR 154"	"HD 213049"	336.82424484826	56.25326963381999	"WR*"	10.928	"Gaia DR2 2007494038022005248"
100080	"WR 154"	"HD 213049"	336.82424484826	56.25326963381999	"WR*"	10.928	"Gaia DR3 2007494038022005248"
100080	"WR 154"	"HD 213049"	336.82424484826	56.25326963381999	"WR*"	10.928	"GSC 03991-01919"
100080	"WR 154"	"HD 213049"	336.82424484826	56.25326963381999	"WR*"	10.928	"HBHA 5705-66"
100080	"WR 154"	"HD 213049"	336.82424484826	56.25326963381999	"WR*"	10.928	"HD 213049"
100080	"WR 154"	"HD 213049"	336.82424484826	56.25326963381999	"WR*"	10.928	"HIC 110836"
100080	"WR 154"	"HD 213049"	336.82424484826	56.25326963381999	"WR*"	10.928	"HIP 110836"
100080	"WR 154"	"HD 213049"	336.82424484826	56.25326963381999	"WR*"	10.928	"JP11  3496"
100080	"WR 154"	"HD 213049"	336.82424484826	56.25326963381999	"WR*"	10.928	"[KW97] 63-21"
100080	"WR 154"	"HD 213049"	336.82424484826	56.25326963381999	"WR*"	10.928	"LS III +55   79"
100080	"WR 154"	"HD 213049"	336.82424484826	56.25326963381999	"WR*"	10.928	"MR 117"
100080	"WR 154"	"HD 213049"	336.82424484826	56.25326963381999	"WR*"	10.928	"TIC 414018497"
100080	"WR 154"	"HD 213049"	336.82424484826	56.25326963381999	"WR*"	10.928	"TYC 3991-1919-1"
100080	"WR 154"	"HD 213049"	336.82424484826	56.25326963381999	"WR*"	10.928	"UCAC4 732-084141"
100080	"WR 154"	"HD 213049"	336.82424484826	56.25326963381999	"WR*"	10.928	"WISE J222717.81+561511.6"
100080	"WR 154"	"HD 213049"	336.82424484826	56.25326963381999	"WR*"	10.928	"WR 154"
100277	"WR 153"	"HD 211853"	334.69002398611	56.12608296649	"WR*"	9.236	"2MASS J22184560+5607338"
100277	"WR 153"	"HD 211853"	334.69002398611	56.12608296649	"WR*"	9.236	"AG+55 1559"
100277	"WR 153"	"HD 211853"	334.69002398611	56.12608296649	"WR*"	9.236	"AGASC 522466352"
100277	"WR 153"	"HD 211853"	334.69002398611	56.12608296649	"WR*"	9.236	"ALS 12288"
100277	"WR 153"	"HD 211853"	334.69002398611	56.12608296649	"WR*"	9.236	"BD+55  2721"
100277	"WR 153"	"HD 211853"	334.69002398611	56.12608296649	"WR*"	9.236	"EM* CDS 1325"
100277	"WR 153"	"HD 211853"	334.69002398611	56.12608296649	"WR*"	9.236	"Gaia DR1 2006219974613696384"
100277	"WR 153"	"HD 211853"	334.69002398611	56.12608296649	"WR*"	9.236	"Gaia DR2 2006219978921880192"
100277	"WR 153"	"HD 211853"	334.69002398611	56.12608296649	"WR*"	9.236	"Gaia DR3 2006219978921880192"
100277	"WR 153"	"HD 211853"	334.69002398611	56.12608296649	"WR*"	9.236	"GCRV 14037"
100277	"WR 153"	"HD 211853"	334.69002398611	56.12608296649	"WR*"	9.236	"GEN# +1.00211853"
100277	"WR 153"	"HD 211853"	334.69002398611	56.12608296649	"WR*"	9.236	"GOS G102.78-00.65 01"
100277	"WR 153"	"HD 211853"	334.69002398611	56.12608296649	"WR*"	9.236	"GSC 03986-01670"
100277	"WR 153"	"HD 211853"	334.69002398611	56.12608296649	"WR*"	9.236	"HBHA 5705-92"
100277	"WR 153"	"HD 211853"	334.69002398611	56.12608296649	"WR*"	9.236	"HD 211853"
100277	"WR 153"	"HD 211853"	334.69002398611	56.12608296649	"WR*"	9.236	"HIC 110154"
100277	"WR 153"	"HD 211853"	334.69002398611	56.12608296649	"WR*"	9.236	"Hilt 1108"
100277	"WR 153"	"HD 211853"	334.69002398611	56.12608296649	"WR*"	9.236	"HIP 110154"
100277	"WR 153"	"HD 211853"	334.69002398611	56.12608296649	"WR*"	9.236	"JP11  3473"
100277	"WR 153"	"HD 211853"	334.69002398611	56.12608296649	"WR*"	9.236	"[KW97] 62-24"
100277	"WR 153"	"HD 211853"	334.69002398611	56.12608296649	"WR*"	9.236	"LS III +55   34"
100277	"WR 153"	"HD 211853"	334.69002398611	56.12608296649	"WR*"	9.236	"MCW 1042"
100277	"WR 153"	"HD 211853"	334.69002398611	56.12608296649	"WR*"	9.236	"MR 116"
100277	"WR 153"	"HD 211853"	334.69002398611	56.12608296649	"WR*"	9.236	"PMSC 22150+5537AB"
100277	"WR 153"	"HD 211853"	334.69002398611	56.12608296649	"WR*"	9.236	"PPM  40485"
100277	"WR 153"	"HD 211853"	334.69002398611	56.12608296649	"WR*"	9.236	"SAO  34301"
100277	"WR 153"	"HD 211853"	334.69002398611	56.12608296649	"WR*"	9.236	"SBC7   906"
100277	"WR 153"	"HD 211853"	334.69002398611	56.12608296649	"WR*"	9.236	"SBC9 1369"
100277	"WR 153"	"HD 211853"	334.69002398611	56.12608296649	"WR*"	9.236	"TIC 421782795"
100277	"WR 153"	"HD 211853"	334.69002398611	56.12608296649	"WR*"	9.236	"TYC 3986-1670-1"
100277	"WR 153"	"HD 211853"	334.69002398611	56.12608296649	"WR*"	9.236	"UBV   19106"
100277	"WR 153"	"HD 211853"	334.69002398611	56.12608296649	"WR*"	9.236	"UBV M  26320"
100277	"WR 153"	"HD 211853"	334.69002398611	56.12608296649	"WR*"	9.236	"UCAC3 293-183215"
100277	"WR 153"	"HD 211853"	334.69002398611	56.12608296649	"WR*"	9.236	"UCAC4 731-082747"
100277	"WR 153"	"HD 211853"	334.69002398611	56.12608296649	"WR*"	9.236	"V* GP Cep"
100277	"WR 153"	"HD 211853"	334.69002398611	56.12608296649	"WR*"	9.236	"WEB 19770"
100277	"WR 153"	"HD 211853"	334.69002398611	56.12608296649	"WR*"	9.236	"WISE J221845.60+560733.9"
100277	"WR 153"	"HD 211853"	334.69002398611	56.12608296649	"WR*"	9.236	"WR 153"
100277	"WR 153"	"HD 211853"	334.69002398611	56.12608296649	"WR*"	9.236	"WR 153ab"
100277	"WR 153"	"HD 211853"	334.69002398611	56.12608296649	"WR*"	9.236	"YZ  55 13041"
100277	"WR 153ab"	"HD 211853"	334.69002398611	56.12608296649	"WR*"	9.236	"2MASS J22184560+5607338"
100277	"WR 153ab"	"HD 211853"	334.69002398611	56.12608296649	"WR*"	9.236	"AG+55 1559"
100277	"WR 153ab"	"HD 211853"	334.69002398611	56.12608296649	"WR*"	9.236	"AGASC 522466352"
100277	"WR 153ab"	"HD 211853"	334.69002398611	56.12608296649	"WR*"	9.236	"ALS 12288"
100277	"WR 153ab"	"HD 211853"	334.69002398611	56.12608296649	"WR*"	9.236	"BD+55  2721"
100277	"WR 153ab"	"HD 211853"	334.69002398611	56.12608296649	"WR*"	9.236	"EM* CDS 1325"
100277	"WR 153ab"	"HD 211853"	334.69002398611	56.12608296649	"WR*"	9.236	"Gaia DR1 2006219974613696384"
100277	"WR 153ab"	"HD 211853"	334.69002398611	56.12608296649	"WR*"	9.236	"Gaia DR2 2006219978921880192"
100277	"WR 153ab"	"HD 211853"	334.69002398611	56.12608296649	"WR*"	9.236	"Gaia DR3 2006219978921880192"
100277	"WR 153ab"	"HD 211853"	334.69002398611	56.12608296649	"WR*"	9.236	"GCRV 14037"
100277	"WR 153ab"	"HD 211853"	334.69002398611	56.12608296649	"WR*"	9.236	"GEN# +1.00211853"
100277	"WR 153ab"	"HD 211853"	334.69002398611	56.12608296649	"WR*"	9.236	"GOS G102.78-00.65 01"
100277	"WR 153ab"	"HD 211853"	334.69002398611	56.12608296649	"WR*"	9.236	"GSC 03986-01670"
100277	"WR 153ab"	"HD 211853"	334.69002398611	56.12608296649	"WR*"	9.236	"HBHA 5705-92"
100277	"WR 153ab"	"HD 211853"	334.69002398611	56.12608296649	"WR*"	9.236	"HD 211853"
100277	"WR 153ab"	"HD 211853"	334.69002398611	56.12608296649	"WR*"	9.236	"HIC 110154"
100277	"WR 153ab"	"HD 211853"	334.69002398611	56.12608296649	"WR*"	9.236	"Hilt 1108"
100277	"WR 153ab"	"HD 211853"	334.69002398611	56.12608296649	"WR*"	9.236	"HIP 110154"
100277	"WR 153ab"	"HD 211853"	334.69002398611	56.12608296649	"WR*"	9.236	"JP11  3473"
100277	"WR 153ab"	"HD 211853"	334.69002398611	56.12608296649	"WR*"	9.236	"[KW97] 62-24"
100277	"WR 153ab"	"HD 211853"	334.69002398611	56.12608296649	"WR*"	9.236	"LS III +55   34"
100277	"WR 153ab"	"HD 211853"	334.69002398611	56.12608296649	"WR*"	9.236	"MCW 1042"
100277	"WR 153ab"	"HD 211853"	334.69002398611	56.12608296649	"WR*"	9.236	"MR 116"
100277	"WR 153ab"	"HD 211853"	334.69002398611	56.12608296649	"WR*"	9.236	"PMSC 22150+5537AB"
100277	"WR 153ab"	"HD 211853"	334.69002398611	56.12608296649	"WR*"	9.236	"PPM  40485"
100277	"WR 153ab"	"HD 211853"	334.69002398611	56.12608296649	"WR*"	9.236	"SAO  34301"
100277	"WR 153ab"	"HD 211853"	334.69002398611	56.12608296649	"WR*"	9.236	"SBC7   906"
100277	"WR 153ab"	"HD 211853"	334.69002398611	56.12608296649	"WR*"	9.236	"SBC9 1369"
100277	"WR 153ab"	"HD 211853"	334.69002398611	56.12608296649	"WR*"	9.236	"TIC 421782795"
100277	"WR 153ab"	"HD 211853"	334.69002398611	56.12608296649	"WR*"	9.236	"TYC 3986-1670-1"
100277	"WR 153ab"	"HD 211853"	334.69002398611	56.12608296649	"WR*"	9.236	"UBV   19106"
100277	"WR 153ab"	"HD 211853"	334.69002398611	56.12608296649	"WR*"	9.236	"UBV M  26320"
100277	"WR 153ab"	"HD 211853"	334.69002398611	56.12608296649	"WR*"	9.236	"UCAC3 293-183215"
100277	"WR 153ab"	"HD 211853"	334.69002398611	56.12608296649	"WR*"	9.236	"UCAC4 731-082747"
100277	"WR 153ab"	"HD 211853"	334.69002398611	56.12608296649	"WR*"	9.236	"V* GP Cep"
100277	"WR 153ab"	"HD 211853"	334.69002398611	56.12608296649	"WR*"	9.236	"WEB 19770"
100277	"WR 153ab"	"HD 211853"	334.69002398611	56.12608296649	"WR*"	9.236	"WISE J221845.60+560733.9"
100277	"WR 153ab"	"HD 211853"	334.69002398611	56.12608296649	"WR*"	9.236	"WR 153"
100277	"WR 153ab"	"HD 211853"	334.69002398611	56.12608296649	"WR*"	9.236	"WR 153ab"
100277	"WR 153ab"	"HD 211853"	334.69002398611	56.12608296649	"WR*"	9.236	"YZ  55 13041"
101209	"WR 152"	"HD 211564"	334.10013285239	55.62687988062001	"WR*"	11.61	"2MASS J22162403+5537367"
101209	"WR 152"	"HD 211564"	334.10013285239	55.62687988062001	"WR*"	11.61	"ALS 12252"
101209	"WR 152"	"HD 211564"	334.10013285239	55.62687988062001	"WR*"	11.61	"CSI+55-22146"
101209	"WR 152"	"HD 211564"	334.10013285239	55.62687988062001	"WR*"	11.61	"CSI+55-22147"
101209	"WR 152"	"HD 211564"	334.10013285239	55.62687988062001	"WR*"	11.61	"EM* CDS 1318"
101209	"WR 152"	"HD 211564"	334.10013285239	55.62687988062001	"WR*"	11.61	"Gaia DR1 2006109679851181696"
101209	"WR 152"	"HD 211564"	334.10013285239	55.62687988062001	"WR*"	11.61	"Gaia DR2 2006109684163831296"
101209	"WR 152"	"HD 211564"	334.10013285239	55.62687988062001	"WR*"	11.61	"Gaia DR3 2006109684151966720"
101209	"WR 152"	"HD 211564"	334.10013285239	55.62687988062001	"WR*"	11.61	"GSC 03986-02068"
101209	"WR 152"	"HD 211564"	334.10013285239	55.62687988062001	"WR*"	11.61	"HBHA 5704-12"
101209	"WR 152"	"HD 211564"	334.10013285239	55.62687988062001	"WR*"	11.61	"HD 211564"
101209	"WR 152"	"HD 211564"	334.10013285239	55.62687988062001	"WR*"	11.61	"JP11  3472"
101209	"WR 152"	"HD 211564"	334.10013285239	55.62687988062001	"WR*"	11.61	"[KW97] 62-12"
101209	"WR 152"	"HD 211564"	334.10013285239	55.62687988062001	"WR*"	11.61	"LF  4 +55   83"
101209	"WR 152"	"HD 211564"	334.10013285239	55.62687988062001	"WR*"	11.61	"LS III +55   30"
101209	"WR 152"	"HD 211564"	334.10013285239	55.62687988062001	"WR*"	11.61	"MR 115"
101209	"WR 152"	"HD 211564"	334.10013285239	55.62687988062001	"WR*"	11.61	"TIC 330741403"
101209	"WR 152"	"HD 211564"	334.10013285239	55.62687988062001	"WR*"	11.61	"TYC 3986-2068-1"
101209	"WR 152"	"HD 211564"	334.10013285239	55.62687988062001	"WR*"	11.61	"WR 152"
101996	"WR 155"	"HD 214419"	339.22481179277	56.90583033062	"WR*"	8.996	"2MASS J22365395+5654208"
101996	"WR 155"	"HD 214419"	339.22481179277	56.90583033062	"WR*"	8.996	"AG+56 1596"
101996	"WR 155"	"HD 214419"	339.22481179277	56.90583033062	"WR*"	8.996	"ALS 12520"
101996	"WR 155"	"HD 214419"	339.22481179277	56.90583033062	"WR*"	8.996	"BD+56  2818"
101996	"WR 155"	"HD 214419"	339.22481179277	56.90583033062	"WR*"	8.996	"EM* CDS 1373"
101996	"WR 155"	"HD 214419"	339.22481179277	56.90583033062	"WR*"	8.996	"Gaia DR1 2006888821278386688"
101996	"WR 155"	"HD 214419"	339.22481179277	56.90583033062	"WR*"	8.996	"Gaia DR2 2006888825592397440"
101996	"WR 155"	"HD 214419"	339.22481179277	56.90583033062	"WR*"	8.996	"Gaia DR3 2006888825592397440"
101996	"WR 155"	"HD 214419"	339.22481179277	56.90583033062	"WR*"	8.996	"GCRV 14210"
101996	"WR 155"	"HD 214419"	339.22481179277	56.90583033062	"WR*"	8.996	"GEN# +1.00214419"
101996	"WR 155"	"HD 214419"	339.22481179277	56.90583033062	"WR*"	8.996	"GSC 03991-01076"
101996	"WR 155"	"HD 214419"	339.22481179277	56.90583033062	"WR*"	8.996	"HD 214419"
101996	"WR 155"	"HD 214419"	339.22481179277	56.90583033062	"WR*"	8.996	"HIC 111633"
101996	"WR 155"	"HD 214419"	339.22481179277	56.90583033062	"WR*"	8.996	"Hilt 1147"
101996	"WR 155"	"HD 214419"	339.22481179277	56.90583033062	"WR*"	8.996	"HIP 111633"
101996	"WR 155"	"HD 214419"	339.22481179277	56.90583033062	"WR*"	8.996	"JP11  3508"
101996	"WR 155"	"HD 214419"	339.22481179277	56.90583033062	"WR*"	8.996	"[KW97] 64-23"
101996	"WR 155"	"HD 214419"	339.22481179277	56.90583033062	"WR*"	8.996	"LS III +56   80"
101996	"WR 155"	"HD 214419"	339.22481179277	56.90583033062	"WR*"	8.996	"MCW 1064"
101996	"WR 155"	"HD 214419"	339.22481179277	56.90583033062	"WR*"	8.996	"MR 118"
101996	"WR 155"	"HD 214419"	339.22481179277	56.90583033062	"WR*"	8.996	"PPM  40872"
101996	"WR 155"	"HD 214419"	339.22481179277	56.90583033062	"WR*"	8.996	"SAO  34622"
101996	"WR 155"	"HD 214419"	339.22481179277	56.90583033062	"WR*"	8.996	"SBC7   921"
101996	"WR 155"	"HD 214419"	339.22481179277	56.90583033062	"WR*"	8.996	"SBC9 1388"
101996	"WR 155"	"HD 214419"	339.22481179277	56.90583033062	"WR*"	8.996	"SV* HV 11086"
101996	"WR 155"	"HD 214419"	339.22481179277	56.90583033062	"WR*"	8.996	"TIC 416028609"
101996	"WR 155"	"HD 214419"	339.22481179277	56.90583033062	"WR*"	8.996	"TYC 3991-1076-1"
101996	"WR 155"	"HD 214419"	339.22481179277	56.90583033062	"WR*"	8.996	"UBV   21543"
101996	"WR 155"	"HD 214419"	339.22481179277	56.90583033062	"WR*"	8.996	"UCAC3 294-197545"
101996	"WR 155"	"HD 214419"	339.22481179277	56.90583033062	"WR*"	8.996	"UCAC4 735-088860"
101996	"WR 155"	"HD 214419"	339.22481179277	56.90583033062	"WR*"	8.996	"V* CQ Cep"
101996	"WR 155"	"HD 214419"	339.22481179277	56.90583033062	"WR*"	8.996	"WEB 19954"
101996	"WR 155"	"HD 214419"	339.22481179277	56.90583033062	"WR*"	8.996	"WISE J223653.96+565420.9"
101996	"WR 155"	"HD 214419"	339.22481179277	56.90583033062	"WR*"	8.996	"WR 155"
101996	"WR 155"	"HD 214419"	339.22481179277	56.90583033062	"WR*"	8.996	"YZ  56 13295"
115171	"WR 140"	"HD 193793"	305.11656579529	43.85452412229001	"WR*"	6.85	"1ES 2018+43.6"
115171	"WR 140"	"HD 193793"	305.11656579529	43.85452412229001	"WR*"	6.85	"1RXS J202028.5+435111"
115171	"WR 140"	"HD 193793"	305.11656579529	43.85452412229001	"WR*"	6.85	"2MASS J20202798+4351164"
115171	"WR 140"	"HD 193793"	305.11656579529	43.85452412229001	"WR*"	6.85	"ADS 13736 A"
115171	"WR 140"	"HD 193793"	305.11656579529	43.85452412229001	"WR*"	6.85	"AG+43 1809"
115171	"WR 140"	"HD 193793"	305.11656579529	43.85452412229001	"WR*"	6.85	"AKARI-IRC-V1 J2020280+435114"
115171	"WR 140"	"HD 193793"	305.11656579529	43.85452412229001	"WR*"	6.85	"ALS 11192"
115171	"WR 140"	"HD 193793"	305.11656579529	43.85452412229001	"WR*"	6.85	"BD+43  3571"
115171	"WR 140"	"HD 193793"	305.11656579529	43.85452412229001	"WR*"	6.85	"** BU 1207A"
115171	"WR 140"	"HD 193793"	305.11656579529	43.85452412229001	"WR*"	6.85	"CCDM J20205+4351A"
115171	"WR 140"	"HD 193793"	305.11656579529	43.85452412229001	"WR*"	6.85	"CEL   5033"
115171	"WR 140"	"HD 193793"	305.11656579529	43.85452412229001	"WR*"	6.85	"CMC  413912"
115171	"WR 140"	"HD 193793"	305.11656579529	43.85452412229001	"WR*"	6.85	"CSI+43  3571  1"
115171	"WR 140"	"HD 193793"	305.11656579529	43.85452412229001	"WR*"	6.85	"DO 38301"
115171	"WR 140"	"HD 193793"	305.11656579529	43.85452412229001	"WR*"	6.85	"EM* CDS 1159"
115171	"WR 140"	"HD 193793"	305.11656579529	43.85452412229001	"WR*"	6.85	"Gaia DR1 2081261368330789632"
115171	"WR 140"	"HD 193793"	305.11656579529	43.85452412229001	"WR*"	6.85	"Gaia DR2 2081261372633822592"
115171	"WR 140"	"HD 193793"	305.11656579529	43.85452412229001	"WR*"	6.85	"Gaia DR3 2081261372633822592"
115171	"WR 140"	"HD 193793"	305.11656579529	43.85452412229001	"WR*"	6.85	"GC 28303"
115171	"WR 140"	"HD 193793"	305.11656579529	43.85452412229001	"WR*"	6.85	"GCRV 12706"
115171	"WR 140"	"HD 193793"	305.11656579529	43.85452412229001	"WR*"	6.85	"GOS G080.93+04.18 01"
115171	"WR 140"	"HD 193793"	305.11656579529	43.85452412229001	"WR*"	6.85	"GSC 03164-01678"
115171	"WR 140"	"HD 193793"	305.11656579529	43.85452412229001	"WR*"	6.85	"HD 193793"
115171	"WR 140"	"HD 193793"	305.11656579529	43.85452412229001	"WR*"	6.85	"HIC 100287"
115171	"WR 140"	"HD 193793"	305.11656579529	43.85452412229001	"WR*"	6.85	"HIP 100287"
115171	"WR 140"	"HD 193793"	305.11656579529	43.85452412229001	"WR*"	6.85	"IDS 20171+4332 A"
115171	"WR 140"	"HD 193793"	305.11656579529	43.85452412229001	"WR*"	6.85	"IRAS 20187+4341"
115171	"WR 140"	"HD 193793"	305.11656579529	43.85452412229001	"WR*"	6.85	"JP11  3234"
115171	"WR 140"	"HD 193793"	305.11656579529	43.85452412229001	"WR*"	6.85	"[KW97] 45-31"
115171	"WR 140"	"HD 193793"	305.11656579529	43.85452412229001	"WR*"	6.85	"LS III +43    7"
115171	"WR 140"	"HD 193793"	305.11656579529	43.85452412229001	"WR*"	6.85	"MCW  874"
115171	"WR 140"	"HD 193793"	305.11656579529	43.85452412229001	"WR*"	6.85	"MR 107"
115171	"WR 140"	"HD 193793"	305.11656579529	43.85452412229001	"WR*"	6.85	"NSV 13030"
115171	"WR 140"	"HD 193793"	305.11656579529	43.85452412229001	"WR*"	6.85	"PLX 4850"
115171	"WR 140"	"HD 193793"	305.11656579529	43.85452412229001	"WR*"	6.85	"PPM  59749"
115171	"WR 140"	"HD 193793"	305.11656579529	43.85452412229001	"WR*"	6.85	"SAO  49491"
115171	"WR 140"	"HD 193793"	305.11656579529	43.85452412229001	"WR*"	6.85	"SBC9 1232"
115171	"WR 140"	"HD 193793"	305.11656579529	43.85452412229001	"WR*"	6.85	"[SKV93] 4-61"
115171	"WR 140"	"HD 193793"	305.11656579529	43.85452412229001	"WR*"	6.85	"SKY# 38412"
115171	"WR 140"	"HD 193793"	305.11656579529	43.85452412229001	"WR*"	6.85	"TD1 26580"
115171	"WR 140"	"HD 193793"	305.11656579529	43.85452412229001	"WR*"	6.85	"TIC 193109650"
115171	"WR 140"	"HD 193793"	305.11656579529	43.85452412229001	"WR*"	6.85	"TYC 3164-1678-1"
115171	"WR 140"	"HD 193793"	305.11656579529	43.85452412229001	"WR*"	6.85	"UBV   17647"
115171	"WR 140"	"HD 193793"	305.11656579529	43.85452412229001	"WR*"	6.85	"UBV M  24766"
115171	"WR 140"	"HD 193793"	305.11656579529	43.85452412229001	"WR*"	6.85	"UCAC3 268-193927"
115171	"WR 140"	"HD 193793"	305.11656579529	43.85452412229001	"WR*"	6.85	"V* V1687 Cyg"
115171	"WR 140"	"HD 193793"	305.11656579529	43.85452412229001	"WR*"	6.85	"WDS J20205+4351A"
115171	"WR 140"	"HD 193793"	305.11656579529	43.85452412229001	"WR*"	6.85	"WEB 18089"
115171	"WR 140"	"HD 193793"	305.11656579529	43.85452412229001	"WR*"	6.85	"WR 140"
122123	"WR 151"	"MR 114"	332.38934622918	57.741813301	"WR*"	12.078	"2MASS J22093343+5744305"
122123	"WR 151"	"MR 114"	332.38934622918	57.741813301	"WR*"	12.078	"ALS 12163"
122123	"WR 151"	"MR 114"	332.38934622918	57.741813301	"WR*"	12.078	"CSI+57-22078"
122123	"WR 151"	"MR 114"	332.38934622918	57.741813301	"WR*"	12.078	"CSI+57-22093"
122123	"WR 151"	"MR 114"	332.38934622918	57.741813301	"WR*"	12.078	"EM* CDS 1307"
122123	"WR 151"	"MR 114"	332.38934622918	57.741813301	"WR*"	12.078	"EM* VES  923"
122123	"WR 151"	"MR 114"	332.38934622918	57.741813301	"WR*"	12.078	"Gaia DR2 2198726735323427072"
122123	"WR 151"	"MR 114"	332.38934622918	57.741813301	"WR*"	12.078	"Gaia DR3 2198726735325037440"
122123	"WR 151"	"MR 114"	332.38934622918	57.741813301	"WR*"	12.078	"GCRV 72911"
122123	"WR 151"	"MR 114"	332.38934622918	57.741813301	"WR*"	12.078	"GCRV 80225"
122123	"WR 151"	"MR 114"	332.38934622918	57.741813301	"WR*"	12.078	"GEN# +6.20055923"
122123	"WR 151"	"MR 114"	332.38934622918	57.741813301	"WR*"	12.078	"GSC 03977-00446"
122123	"WR 151"	"MR 114"	332.38934622918	57.741813301	"WR*"	12.078	"HBHA 5704-45"
122123	"WR 151"	"MR 114"	332.38934622918	57.741813301	"WR*"	12.078	"[KW97] 61-44"
122123	"WR 151"	"MR 114"	332.38934622918	57.741813301	"WR*"	12.078	"LS III +57   26"
122123	"WR 151"	"MR 114"	332.38934622918	57.741813301	"WR*"	12.078	"MR 114"
122123	"WR 151"	"MR 114"	332.38934622918	57.741813301	"WR*"	12.078	"SBC9 1359"
122123	"WR 151"	"MR 114"	332.38934622918	57.741813301	"WR*"	12.078	"SSTSMOGA G102.6571+01.3887"
122123	"WR 151"	"MR 114"	332.38934622918	57.741813301	"WR*"	12.078	"TIC 329136425"
122123	"WR 151"	"MR 114"	332.38934622918	57.741813301	"WR*"	12.078	"UCAC4 739-078407"
122123	"WR 151"	"MR 114"	332.38934622918	57.741813301	"WR*"	12.078	"V* CX Cep"
122123	"WR 151"	"MR 114"	332.38934622918	57.741813301	"WR*"	12.078	"WEB 19655"
122123	"WR 151"	"MR 114"	332.38934622918	57.741813301	"WR*"	12.078	"WISE J220933.43+574430.5"
122123	"WR 151"	"MR 114"	332.38934622918	57.741813301	"WR*"	12.078	"WR 151"
126289	"WR 156"	"MR 119"	345.04218912176	60.92733635285	"WR*"	10.844	"2MASS J23001010+6055385"
126289	"WR 156"	"MR 119"	345.04218912176	60.92733635285	"WR*"	10.844	"AC +60 38562-0"
126289	"WR 156"	"MR 119"	345.04218912176	60.92733635285	"WR*"	10.844	"ALS 12730"
126289	"WR 156"	"MR 119"	345.04218912176	60.92733635285	"WR*"	10.844	"AP J23001010+6055385"
126289	"WR 156"	"MR 119"	345.04218912176	60.92733635285	"WR*"	10.844	"[B53]  35"
126289	"WR 156"	"MR 119"	345.04218912176	60.92733635285	"WR*"	10.844	"CSI+60-22581"
126289	"WR 156"	"MR 119"	345.04218912176	60.92733635285	"WR*"	10.844	"EM* CDS 1431"
126289	"WR 156"	"MR 119"	345.04218912176	60.92733635285	"WR*"	10.844	"EM* CDS 5181"
126289	"WR 156"	"MR 119"	345.04218912176	60.92733635285	"WR*"	10.844	"EM* GGR  124"
126289	"WR 156"	"MR 119"	345.04218912176	60.92733635285	"WR*"	10.844	"Gaia DR1 2014674222596498176"
126289	"WR 156"	"MR 119"	345.04218912176	60.92733635285	"WR*"	10.844	"Gaia DR2 2014674226896884864"
126289	"WR 156"	"MR 119"	345.04218912176	60.92733635285	"WR*"	10.844	"Gaia DR3 2014674226896884864"
126289	"WR 156"	"MR 119"	345.04218912176	60.92733635285	"WR*"	10.844	"GCRV 73711"
126289	"WR 156"	"MR 119"	345.04218912176	60.92733635285	"WR*"	10.844	"GSC 04278-00506"
126289	"WR 156"	"MR 119"	345.04218912176	60.92733635285	"WR*"	10.844	"HBHA 6206-19"
126289	"WR 156"	"MR 119"	345.04218912176	60.92733635285	"WR*"	10.844	"HIC 113569"
126289	"WR 156"	"MR 119"	345.04218912176	60.92733635285	"WR*"	10.844	"HIP 113569"
126289	"WR 156"	"MR 119"	345.04218912176	60.92733635285	"WR*"	10.844	"[KW97] 66-51"
126289	"WR 156"	"MR 119"	345.04218912176	60.92733635285	"WR*"	10.844	"LS III +60   30"
126289	"WR 156"	"MR 119"	345.04218912176	60.92733635285	"WR*"	10.844	"[MO2001]  43"
126289	"WR 156"	"MR 119"	345.04218912176	60.92733635285	"WR*"	10.844	"MR 119"
126289	"WR 156"	"MR 119"	345.04218912176	60.92733635285	"WR*"	10.844	"SSTSMOGA G109.8240+00.9194"
126289	"WR 156"	"MR 119"	345.04218912176	60.92733635285	"WR*"	10.844	"TIC 434333256"
126289	"WR 156"	"MR 119"	345.04218912176	60.92733635285	"WR*"	10.844	"TYC 4278-506-1"
126289	"WR 156"	"MR 119"	345.04218912176	60.92733635285	"WR*"	10.844	"UCAC3 302-170388"
126289	"WR 156"	"MR 119"	345.04218912176	60.92733635285	"WR*"	10.844	"UCAC4 755-076188"
126289	"WR 156"	"MR 119"	345.04218912176	60.92733635285	"WR*"	10.844	"WISE J230010.12+605538.4"
126289	"WR 156"	"MR 119"	345.04218912176	60.92733635285	"WR*"	10.844	"WR 156"
126376	"WR 157"	"HD 219460B"	348.8022725793358	60.45027798647501	"WR*"	10.75	"[B53]  93"
126376	"WR 157"	"HD 219460B"	348.8022725793358	60.45027798647501	"WR*"	10.75	"Cl* Mrk   50    BVC       2"
126376	"WR 157"	"HD 219460B"	348.8022725793358	60.45027798647501	"WR*"	10.75	"Gaia DR2 2013906561629759232"
126376	"WR 157"	"HD 219460B"	348.8022725793358	60.45027798647501	"WR*"	10.75	"Gaia DR3 2013906561629759232"
126376	"WR 157"	"HD 219460B"	348.8022725793358	60.45027798647501	"WR*"	10.75	"HD 219460B"
126376	"WR 157"	"HD 219460B"	348.8022725793358	60.45027798647501	"WR*"	10.75	"LS III +60   55"
126376	"WR 157"	"HD 219460B"	348.8022725793358	60.45027798647501	"WR*"	10.75	"MR 120"
126376	"WR 157"	"HD 219460B"	348.8022725793358	60.45027798647501	"WR*"	10.75	"TYC 4279-2192-2"
126376	"WR 157"	"HD 219460B"	348.8022725793358	60.45027798647501	"WR*"	10.75	"WR 157"
133362	"WR   2"	"HD   6327"	16.345962184190416	60.42191685473223	"WR*"	11.33	"2MASS J01052303+6025188"
133362	"WR   2"	"HD   6327"	16.345962184190416	60.42191685473223	"WR*"	11.33	"ALS  6453"
133362	"WR   2"	"HD   6327"	16.345962184190416	60.42191685473223	"WR*"	11.33	"BSD   8-533"
133362	"WR   2"	"HD   6327"	16.345962184190416	60.42191685473223	"WR*"	11.33	"CSI+60-01022"
133362	"WR   2"	"HD   6327"	16.345962184190416	60.42191685473223	"WR*"	11.33	"EM* CDS  113"
133362	"WR   2"	"HD   6327"	16.345962184190416	60.42191685473223	"WR*"	11.33	"Gaia DR2 426378793807948032"
133362	"WR   2"	"HD   6327"	16.345962184190416	60.42191685473223	"WR*"	11.33	"Gaia DR3 426378793809476096"
133362	"WR   2"	"HD   6327"	16.345962184190416	60.42191685473223	"WR*"	11.33	"GSC 04017-01829"
133362	"WR   2"	"HD   6327"	16.345962184190416	60.42191685473223	"WR*"	11.33	"HBHA 6209-24"
133362	"WR   2"	"HD   6327"	16.345962184190416	60.42191685473223	"WR*"	11.33	"HD   6327"
133362	"WR   2"	"HD   6327"	16.345962184190416	60.42191685473223	"WR*"	11.33	"HIC   5100"
133362	"WR   2"	"HD   6327"	16.345962184190416	60.42191685473223	"WR*"	11.33	"HIP 5100"
133362	"WR   2"	"HD   6327"	16.345962184190416	60.42191685473223	"WR*"	11.33	"JP11   452"
133362	"WR   2"	"HD   6327"	16.345962184190416	60.42191685473223	"WR*"	11.33	"[KW97]  4-42"
133362	"WR   2"	"HD   6327"	16.345962184190416	60.42191685473223	"WR*"	11.33	"LS   I +60  137"
133362	"WR   2"	"HD   6327"	16.345962184190416	60.42191685473223	"WR*"	11.33	"MR   2"
133362	"WR   2"	"HD   6327"	16.345962184190416	60.42191685473223	"WR*"	11.33	"TIC 52428793"
133362	"WR   2"	"HD   6327"	16.345962184190416	60.42191685473223	"WR*"	11.33	"TYC 4017-1829-1"
133362	"WR   2"	"HD   6327"	16.345962184190416	60.42191685473223	"WR*"	11.33	"WR   2"
134836	"WR   3"	"HD   9974"	24.731780873789997	58.156298279519994	"WR*"	10.69	"2MASS J01385562+5809227"
134836	"WR   3"	"HD   9974"	24.731780873789997	58.156298279519994	"WR*"	10.69	"2XMM J013855.5+580922"
134836	"WR   3"	"HD   9974"	24.731780873789997	58.156298279519994	"WR*"	10.69	"ALS  6662"
134836	"WR   3"	"HD   9974"	24.731780873789997	58.156298279519994	"WR*"	10.69	"CSI+57-01355"
134836	"WR   3"	"HD   9974"	24.731780873789997	58.156298279519994	"WR*"	10.69	"CSI+57-01356"
134836	"WR   3"	"HD   9974"	24.731780873789997	58.156298279519994	"WR*"	10.69	"EM* CDS  173"
134836	"WR   3"	"HD   9974"	24.731780873789997	58.156298279519994	"WR*"	10.69	"EM* GGA   73"
134836	"WR   3"	"HD   9974"	24.731780873789997	58.156298279519994	"WR*"	10.69	"Gaia DR1 508955651800615168"
134836	"WR   3"	"HD   9974"	24.731780873789997	58.156298279519994	"WR*"	10.69	"Gaia DR2 508955656105078912"
134836	"WR   3"	"HD   9974"	24.731780873789997	58.156298279519994	"WR*"	10.69	"Gaia DR3 508955656105078912"
134836	"WR   3"	"HD   9974"	24.731780873789997	58.156298279519994	"WR*"	10.69	"GEN# +1.00009974"
134836	"WR   3"	"HD   9974"	24.731780873789997	58.156298279519994	"WR*"	10.69	"Goy  20"
134836	"WR   3"	"HD   9974"	24.731780873789997	58.156298279519994	"WR*"	10.69	"GSC 03683-00986"
134836	"WR   3"	"HD   9974"	24.731780873789997	58.156298279519994	"WR*"	10.69	"HBHA 5710-07"
134836	"WR   3"	"HD   9974"	24.731780873789997	58.156298279519994	"WR*"	10.69	"HD   9974"
134836	"WR   3"	"HD   9974"	24.731780873789997	58.156298279519994	"WR*"	10.69	"HIC   7681"
134836	"WR   3"	"HD   9974"	24.731780873789997	58.156298279519994	"WR*"	10.69	"Hilt  148"
134836	"WR   3"	"HD   9974"	24.731780873789997	58.156298279519994	"WR*"	10.69	"HIP 7681"
134836	"WR   3"	"HD   9974"	24.731780873789997	58.156298279519994	"WR*"	10.69	"[HJ56]  15"
134836	"WR   3"	"HD   9974"	24.731780873789997	58.156298279519994	"WR*"	10.69	"JP11   514"
134836	"WR   3"	"HD   9974"	24.731780873789997	58.156298279519994	"WR*"	10.69	"[KW97]  6-48"
134836	"WR   3"	"HD   9974"	24.731780873789997	58.156298279519994	"WR*"	10.69	"LS   I +57   24"
134836	"WR   3"	"HD   9974"	24.731780873789997	58.156298279519994	"WR*"	10.69	"MCW   80"
134836	"WR   3"	"HD   9974"	24.731780873789997	58.156298279519994	"WR*"	10.69	"MR   3"
134836	"WR   3"	"HD   9974"	24.731780873789997	58.156298279519994	"WR*"	10.69	"[NM51]  4"
134836	"WR   3"	"HD   9974"	24.731780873789997	58.156298279519994	"WR*"	10.69	"SBC9 85"
134836	"WR   3"	"HD   9974"	24.731780873789997	58.156298279519994	"WR*"	10.69	"SDSS J013855.64+580922.9"
134836	"WR   3"	"HD   9974"	24.731780873789997	58.156298279519994	"WR*"	10.69	"TIC 453305574"
134836	"WR   3"	"HD   9974"	24.731780873789997	58.156298279519994	"WR*"	10.69	"TYC 3683-986-1"
134836	"WR   3"	"HD   9974"	24.731780873789997	58.156298279519994	"WR*"	10.69	"UBV    1672"
134836	"WR   3"	"HD   9974"	24.731780873789997	58.156298279519994	"WR*"	10.69	"UBV M   8311"
134836	"WR   3"	"HD   9974"	24.731780873789997	58.156298279519994	"WR*"	10.69	"WEB  1643"
134836	"WR   3"	"HD   9974"	24.731780873789997	58.156298279519994	"WR*"	10.69	"WR   3"
154961	"WR 148"	"HD 197406"	310.3397856336	52.58753962136001	"WR*"	10.3	"2MASS J20412154+5235151"
154961	"WR 148"	"HD 197406"	310.3397856336	52.58753962136001	"WR*"	10.3	"2XMM J204121.5+523514"
154961	"WR 148"	"HD 197406"	310.3397856336	52.58753962136001	"WR*"	10.3	"ALS 11490"
154961	"WR 148"	"HD 197406"	310.3397856336	52.58753962136001	"WR*"	10.3	"BD+52  2777"
154961	"WR 148"	"HD 197406"	310.3397856336	52.58753962136001	"WR*"	10.3	"EM* AS  438"
154961	"WR 148"	"HD 197406"	310.3397856336	52.58753962136001	"WR*"	10.3	"Gaia DR1 2182307448995333120"
154961	"WR 148"	"HD 197406"	310.3397856336	52.58753962136001	"WR*"	10.3	"Gaia DR2 2182307453299864064"
154961	"WR 148"	"HD 197406"	310.3397856336	52.58753962136001	"WR*"	10.3	"Gaia DR3 2182307453299864064"
154961	"WR 148"	"HD 197406"	310.3397856336	52.58753962136001	"WR*"	10.3	"GCRV 12973"
154961	"WR 148"	"HD 197406"	310.3397856336	52.58753962136001	"WR*"	10.3	"GEN# +1.00197406"
154961	"WR 148"	"HD 197406"	310.3397856336	52.58753962136001	"WR*"	10.3	"GSC 03951-00353"
154961	"WR 148"	"HD 197406"	310.3397856336	52.58753962136001	"WR*"	10.3	"HD 197406"
154961	"WR 148"	"HD 197406"	310.3397856336	52.58753962136001	"WR*"	10.3	"HIC 102088"
154961	"WR 148"	"HD 197406"	310.3397856336	52.58753962136001	"WR*"	10.3	"Hilt 1005"
154961	"WR 148"	"HD 197406"	310.3397856336	52.58753962136001	"WR*"	10.3	"HIP 102088"
154961	"WR 148"	"HD 197406"	310.3397856336	52.58753962136001	"WR*"	10.3	"JP11  3266"
154961	"WR 148"	"HD 197406"	310.3397856336	52.58753962136001	"WR*"	10.3	"[KW97] 48-31"
154961	"WR 148"	"HD 197406"	310.3397856336	52.58753962136001	"WR*"	10.3	"LS III +52    2"
154961	"WR 148"	"HD 197406"	310.3397856336	52.58753962136001	"WR*"	10.3	"MR 113"
154961	"WR 148"	"HD 197406"	310.3397856336	52.58753962136001	"WR*"	10.3	"NSV 13240"
154961	"WR 148"	"HD 197406"	310.3397856336	52.58753962136001	"WR*"	10.3	"SBC9 1257"
154961	"WR 148"	"HD 197406"	310.3397856336	52.58753962136001	"WR*"	10.3	"TIC 286298962"
154961	"WR 148"	"HD 197406"	310.3397856336	52.58753962136001	"WR*"	10.3	"TYC 3951-353-1"
154961	"WR 148"	"HD 197406"	310.3397856336	52.58753962136001	"WR*"	10.3	"UBV   17957"
154961	"WR 148"	"HD 197406"	310.3397856336	52.58753962136001	"WR*"	10.3	"V* V1696 Cyg"
154961	"WR 148"	"HD 197406"	310.3397856336	52.58753962136001	"WR*"	10.3	"WEB 18467"
154961	"WR 148"	"HD 197406"	310.3397856336	52.58753962136001	"WR*"	10.3	"WR 148"
164099	"WR 158"	"EM* AS  513"	355.8774836705799	61.93003877552	"WR*"	11.282	"2MASS J23433059+6155484"
164099	"WR 158"	"EM* AS  513"	355.8774836705799	61.93003877552	"WR*"	11.282	"ALS 13110"
164099	"WR 158"	"EM* AS  513"	355.8774836705799	61.93003877552	"WR*"	11.282	"[B53] 210"
164099	"WR 158"	"EM* AS  513"	355.8774836705799	61.93003877552	"WR*"	11.282	"CSI+61-23411"
164099	"WR 158"	"EM* AS  513"	355.8774836705799	61.93003877552	"WR*"	11.282	"EM* AS  513"
164099	"WR 158"	"EM* AS  513"	355.8774836705799	61.93003877552	"WR*"	11.282	"Gaia DR1 2012912495735383040"
164099	"WR 158"	"EM* AS  513"	355.8774836705799	61.93003877552	"WR*"	11.282	"Gaia DR2 2012912500041834752"
164099	"WR 158"	"EM* AS  513"	355.8774836705799	61.93003877552	"WR*"	11.282	"Gaia DR3 2012912500041834752"
164099	"WR 158"	"EM* AS  513"	355.8774836705799	61.93003877552	"WR*"	11.282	"GEN# +8.01610027"
164099	"WR 158"	"EM* AS  513"	355.8774836705799	61.93003877552	"WR*"	11.282	"GSC 04285-02973"
164099	"WR 158"	"EM* AS  513"	355.8774836705799	61.93003877552	"WR*"	11.282	"HBHA 6207-41"
164099	"WR 158"	"EM* AS  513"	355.8774836705799	61.93003877552	"WR*"	11.282	"HIC 117034"
164099	"WR 158"	"EM* AS  513"	355.8774836705799	61.93003877552	"WR*"	11.282	"HIP 117034"
164099	"WR 158"	"EM* AS  513"	355.8774836705799	61.93003877552	"WR*"	11.282	"JP11  5259"
164099	"WR 158"	"EM* AS  513"	355.8774836705799	61.93003877552	"WR*"	11.282	"[KW97] 69-25"
164099	"WR 158"	"EM* AS  513"	355.8774836705799	61.93003877552	"WR*"	11.282	"LS   I +61   27"
164099	"WR 158"	"EM* AS  513"	355.8774836705799	61.93003877552	"WR*"	11.282	"MHA 217-9"
164099	"WR 158"	"EM* AS  513"	355.8774836705799	61.93003877552	"WR*"	11.282	"MR 122"
164099	"WR 158"	"EM* AS  513"	355.8774836705799	61.93003877552	"WR*"	11.282	"TIC 272325493"
164099	"WR 158"	"EM* AS  513"	355.8774836705799	61.93003877552	"WR*"	11.282	"TYC 4285-2973-1"
164099	"WR 158"	"EM* AS  513"	355.8774836705799	61.93003877552	"WR*"	11.282	"UBV   20400"
164099	"WR 158"	"EM* AS  513"	355.8774836705799	61.93003877552	"WR*"	11.282	"UBV M  50586"
164099	"WR 158"	"EM* AS  513"	355.8774836705799	61.93003877552	"WR*"	11.282	"UCAC3 304-161380"
164099	"WR 158"	"EM* AS  513"	355.8774836705799	61.93003877552	"WR*"	11.282	"WR 158"
164135	"WR 159"	"BD+62  2296B"	356.8349413739999	63.22062385059001	"WR*"	11.11	"ADS 17001 B"
164135	"WR 159"	"BD+62  2296B"	356.8349413739999	63.22062385059001	"WR*"	11.11	"BD+62  2296B"
164135	"WR 159"	"BD+62  2296B"	356.8349413739999	63.22062385059001	"WR*"	11.11	"CCDM J23473+6313B"
164135	"WR 159"	"BD+62  2296B"	356.8349413739999	63.22062385059001	"WR*"	11.11	"** D   27B"
164135	"WR 159"	"BD+62  2296B"	356.8349413739999	63.22062385059001	"WR*"	11.11	"Gaia DR2 2016055591466060672"
164135	"WR 159"	"BD+62  2296B"	356.8349413739999	63.22062385059001	"WR*"	11.11	"Gaia DR3 2016055591466867712"
164135	"WR 159"	"BD+62  2296B"	356.8349413739999	63.22062385059001	"WR*"	11.11	"IDS 23425+6240 B"
164135	"WR 159"	"BD+62  2296B"	356.8349413739999	63.22062385059001	"WR*"	11.11	"TYC 4285-585-2"
164135	"WR 159"	"BD+62  2296B"	356.8349413739999	63.22062385059001	"WR*"	11.11	"WDS J23473+6313B"
164135	"WR 159"	"BD+62  2296B"	356.8349413739999	63.22062385059001	"WR*"	11.11	"WR 159"
178542	"WR   5"	"HD  17638"	43.0485887865	56.93531418125	"WR*"	10.41	"2MASS J02521165+5656071"
178542	"WR   5"	"HD  17638"	43.0485887865	56.93531418125	"WR*"	10.41	"ALS  7518"
178542	"WR   5"	"HD  17638"	43.0485887865	56.93531418125	"WR*"	10.41	"BD+56   731"
178542	"WR   5"	"HD  17638"	43.0485887865	56.93531418125	"WR*"	10.41	"DO 26298"
178542	"WR   5"	"HD  17638"	43.0485887865	56.93531418125	"WR*"	10.41	"EM* CDS  319"
178542	"WR   5"	"HD  17638"	43.0485887865	56.93531418125	"WR*"	10.41	"Gaia DR1 460606174157449344"
178542	"WR   5"	"HD  17638"	43.0485887865	56.93531418125	"WR*"	10.41	"Gaia DR2 460606178458202496"
178542	"WR   5"	"HD  17638"	43.0485887865	56.93531418125	"WR*"	10.41	"Gaia DR3 460606178458202496"
178542	"WR   5"	"HD  17638"	43.0485887865	56.93531418125	"WR*"	10.41	"GEN# +1.00017638"
178542	"WR   5"	"HD  17638"	43.0485887865	56.93531418125	"WR*"	10.41	"GSC 03708-00965"
178542	"WR   5"	"HD  17638"	43.0485887865	56.93531418125	"WR*"	10.41	"HBHA 5712-10"
178542	"WR   5"	"HD  17638"	43.0485887865	56.93531418125	"WR*"	10.41	"HD  17638"
178542	"WR   5"	"HD  17638"	43.0485887865	56.93531418125	"WR*"	10.41	"HIC  13380"
178542	"WR   5"	"HD  17638"	43.0485887865	56.93531418125	"WR*"	10.41	"HIP 13380"
178542	"WR   5"	"HD  17638"	43.0485887865	56.93531418125	"WR*"	10.41	"JP11   706"
178542	"WR   5"	"HD  17638"	43.0485887865	56.93531418125	"WR*"	10.41	"[KW97] 13-58"
178542	"WR   5"	"HD  17638"	43.0485887865	56.93531418125	"WR*"	10.41	"LS   I +56   77"
178542	"WR   5"	"HD  17638"	43.0485887865	56.93531418125	"WR*"	10.41	"MR   5"
178542	"WR   5"	"HD  17638"	43.0485887865	56.93531418125	"WR*"	10.41	"PLX  577"
178542	"WR   5"	"HD  17638"	43.0485887865	56.93531418125	"WR*"	10.41	"PLX  577.00"
178542	"WR   5"	"HD  17638"	43.0485887865	56.93531418125	"WR*"	10.41	"TIC 251145358"
178542	"WR   5"	"HD  17638"	43.0485887865	56.93531418125	"WR*"	10.41	"TYC 3708-965-1"
178542	"WR   5"	"HD  17638"	43.0485887865	56.93531418125	"WR*"	10.41	"UBV    2765"
178542	"WR   5"	"HD  17638"	43.0485887865	56.93531418125	"WR*"	10.41	"UCAC3 294-62840"
178542	"WR   5"	"HD  17638"	43.0485887865	56.93531418125	"WR*"	10.41	"WR   5"
178543	"WR   4"	"HD  16523"	40.29864723112	56.73048196393	"WR*"	9.881	"2MASS J02411166+5643496"
178543	"WR   4"	"HD  16523"	40.29864723112	56.73048196393	"WR*"	9.881	"AG+56  348"
178543	"WR   4"	"HD  16523"	40.29864723112	56.73048196393	"WR*"	9.881	"ALS  7384"
178543	"WR   4"	"HD  16523"	40.29864723112	56.73048196393	"WR*"	9.881	"BD+56   686"
178543	"WR   4"	"HD  16523"	40.29864723112	56.73048196393	"WR*"	9.881	"DO 26040"
178543	"WR   4"	"HD  16523"	40.29864723112	56.73048196393	"WR*"	9.881	"EM* CDS  293"
178543	"WR   4"	"HD  16523"	40.29864723112	56.73048196393	"WR*"	9.881	"EM* GGA  189"
178543	"WR   4"	"HD  16523"	40.29864723112	56.73048196393	"WR*"	9.881	"Gaia DR1 454818035714964992"
178543	"WR   4"	"HD  16523"	40.29864723112	56.73048196393	"WR*"	9.881	"Gaia DR2 454818035714964992"
178543	"WR   4"	"HD  16523"	40.29864723112	56.73048196393	"WR*"	9.881	"Gaia DR3 454818035714964992"
178543	"WR   4"	"HD  16523"	40.29864723112	56.73048196393	"WR*"	9.881	"GSC 03708-00966"
178543	"WR   4"	"HD  16523"	40.29864723112	56.73048196393	"WR*"	9.881	"HBHA 5711-52"
178543	"WR   4"	"HD  16523"	40.29864723112	56.73048196393	"WR*"	9.881	"HD  16523"
178543	"WR   4"	"HD  16523"	40.29864723112	56.73048196393	"WR*"	9.881	"HIC  12527"
178543	"WR   4"	"HD  16523"	40.29864723112	56.73048196393	"WR*"	9.881	"HIP 12527"
178543	"WR   4"	"HD  16523"	40.29864723112	56.73048196393	"WR*"	9.881	"JP11   679"
178543	"WR   4"	"HD  16523"	40.29864723112	56.73048196393	"WR*"	9.881	"[KW97] 13-4"
178543	"WR   4"	"HD  16523"	40.29864723112	56.73048196393	"WR*"	9.881	"LS   I +56   62"
178543	"WR   4"	"HD  16523"	40.29864723112	56.73048196393	"WR*"	9.881	"MR   4"
178543	"WR   4"	"HD  16523"	40.29864723112	56.73048196393	"WR*"	9.881	"PLX  532"
178543	"WR   4"	"HD  16523"	40.29864723112	56.73048196393	"WR*"	9.881	"PLX  532.00"
178543	"WR   4"	"HD  16523"	40.29864723112	56.73048196393	"WR*"	9.881	"PPM  27875"
178543	"WR   4"	"HD  16523"	40.29864723112	56.73048196393	"WR*"	9.881	"SAO  23526"
178543	"WR   4"	"HD  16523"	40.29864723112	56.73048196393	"WR*"	9.881	"TIC 245701221"
178543	"WR   4"	"HD  16523"	40.29864723112	56.73048196393	"WR*"	9.881	"TYC 3708-966-1"
178543	"WR   4"	"HD  16523"	40.29864723112	56.73048196393	"WR*"	9.881	"UBV    2621"
178543	"WR   4"	"HD  16523"	40.29864723112	56.73048196393	"WR*"	9.881	"UCAC4 734-027087"
178543	"WR   4"	"HD  16523"	40.29864723112	56.73048196393	"WR*"	9.881	"V* V493 Per"
178543	"WR   4"	"HD  16523"	40.29864723112	56.73048196393	"WR*"	9.881	"WISE J024111.67+564349.8"
178543	"WR   4"	"HD  16523"	40.29864723112	56.73048196393	"WR*"	9.881	"WR   4"
178543	"WR   4"	"HD  16523"	40.29864723112	56.73048196393	"WR*"	9.881	"YZ  56  2421"
204074	"WR   1"	"HD   4004"	10.86832155727	64.75982907013	"WR*"	10.138	"2MASS J00432841+6445355"
204074	"WR   1"	"HD   4004"	10.86832155727	64.75982907013	"WR*"	10.138	"2XMM J004328.3+644535"
204074	"WR   1"	"HD   4004"	10.86832155727	64.75982907013	"WR*"	10.138	"ALS  6312"
204074	"WR   1"	"HD   4004"	10.86832155727	64.75982907013	"WR*"	10.138	"ASCC  104027"
204074	"WR   1"	"HD   4004"	10.86832155727	64.75982907013	"WR*"	10.138	"BD+63    83"
204074	"WR   1"	"HD   4004"	10.86832155727	64.75982907013	"WR*"	10.138	"DO 23708"
204074	"WR   1"	"HD   4004"	10.86832155727	64.75982907013	"WR*"	10.138	"EM* CDS   75"
204074	"WR   1"	"HD   4004"	10.86832155727	64.75982907013	"WR*"	10.138	"Gaia DR1 524101252676120448"
204074	"WR   1"	"HD   4004"	10.86832155727	64.75982907013	"WR*"	10.138	"Gaia DR2 524101256981955200"
204074	"WR   1"	"HD   4004"	10.86832155727	64.75982907013	"WR*"	10.138	"Gaia DR3 524101256981955200"
204074	"WR   1"	"HD   4004"	10.86832155727	64.75982907013	"WR*"	10.138	"GEN# +1.00004004"
204074	"WR   1"	"HD   4004"	10.86832155727	64.75982907013	"WR*"	10.138	"GSC 04024-01467"
204074	"WR   1"	"HD   4004"	10.86832155727	64.75982907013	"WR*"	10.138	"HBHA 6209-23"
204074	"WR   1"	"HD   4004"	10.86832155727	64.75982907013	"WR*"	10.138	"HD   4004"
204074	"WR   1"	"HD   4004"	10.86832155727	64.75982907013	"WR*"	10.138	"HIC   3415"
204074	"WR   1"	"HD   4004"	10.86832155727	64.75982907013	"WR*"	10.138	"Hilt   50"
204074	"WR   1"	"HD   4004"	10.86832155727	64.75982907013	"WR*"	10.138	"HIP 3415"
204074	"WR   1"	"HD   4004"	10.86832155727	64.75982907013	"WR*"	10.138	"JP11   409"
204074	"WR   1"	"HD   4004"	10.86832155727	64.75982907013	"WR*"	10.138	"[KW97]  3-41"
204074	"WR   1"	"HD   4004"	10.86832155727	64.75982907013	"WR*"	10.138	"LS   I +64   34"
204074	"WR   1"	"HD   4004"	10.86832155727	64.75982907013	"WR*"	10.138	"MR   1"
204074	"WR   1"	"HD   4004"	10.86832155727	64.75982907013	"WR*"	10.138	"NSV 15159"
204074	"WR   1"	"HD   4004"	10.86832155727	64.75982907013	"WR*"	10.138	"TIC 420295917"
204074	"WR   1"	"HD   4004"	10.86832155727	64.75982907013	"WR*"	10.138	"TYC 4024-1467-1"
204074	"WR   1"	"HD   4004"	10.86832155727	64.75982907013	"WR*"	10.138	"UBV     568"
204074	"WR   1"	"HD   4004"	10.86832155727	64.75982907013	"WR*"	10.138	"UBV M   7585"
204074	"WR   1"	"HD   4004"	10.86832155727	64.75982907013	"WR*"	10.138	"UCAC3 310-9224"
204074	"WR   1"	"HD   4004"	10.86832155727	64.75982907013	"WR*"	10.138	"V* V863 Cas"
204074	"WR   1"	"HD   4004"	10.86832155727	64.75982907013	"WR*"	10.138	"WR   1"
931601	"WR   6"	"HD  50896"	103.55434983683	-23.928339811070003	"WR*"	6.91	"1RXS J065413.8-235543"
931601	"WR   6"	"HD  50896"	103.55434983683	-23.928339811070003	"WR*"	6.91	"2E 0652.1-2351"
931601	"WR   6"	"HD  50896"	103.55434983683	-23.928339811070003	"WR*"	6.91	"2E  1743"
931601	"WR   6"	"HD  50896"	103.55434983683	-23.928339811070003	"WR*"	6.91	"2MASS J06541303-2355422"
931601	"WR   6"	"HD  50896"	103.55434983683	-23.928339811070003	"WR*"	6.91	"2XMM J065413.0-235542"
931601	"WR   6"	"HD  50896"	103.55434983683	-23.928339811070003	"WR*"	6.91	"ALS    98"
931601	"WR   6"	"HD  50896"	103.55434983683	-23.928339811070003	"WR*"	6.91	"[BNJ2003] XMM   1"
931601	"WR   6"	"HD  50896"	103.55434983683	-23.928339811070003	"WR*"	6.91	"BRAN   2"
931601	"WR   6"	"HD  50896"	103.55434983683	-23.928339811070003	"WR*"	6.91	"CD-23  4553"
931601	"WR   6"	"HD  50896"	103.55434983683	-23.928339811070003	"WR*"	6.91	"CEL   1426"
931601	"WR   6"	"HD  50896"	103.55434983683	-23.928339811070003	"WR*"	6.91	"Cl Collinder  121     4"
931601	"WR   6"	"HD  50896"	103.55434983683	-23.928339811070003	"WR*"	6.91	"CMC  172546"
931601	"WR   6"	"HD  50896"	103.55434983683	-23.928339811070003	"WR*"	6.91	"CMC  203719"
931601	"WR   6"	"HD  50896"	103.55434983683	-23.928339811070003	"WR*"	6.91	"CPD-23  1588"
931601	"WR   6"	"HD  50896"	103.55434983683	-23.928339811070003	"WR*"	6.91	"CSV   6527"
931601	"WR   6"	"HD  50896"	103.55434983683	-23.928339811070003	"WR*"	6.91	"Gaia DR1 2922367972368451072"
931601	"WR   6"	"HD  50896"	103.55434983683	-23.928339811070003	"WR*"	6.91	"Gaia DR2 2922367976673391232"
931601	"WR   6"	"HD  50896"	103.55434983683	-23.928339811070003	"WR*"	6.91	"Gaia DR3 2922367976673391232"
931601	"WR   6"	"HD  50896"	103.55434983683	-23.928339811070003	"WR*"	6.91	"GC  9061"
931601	"WR   6"	"HD  50896"	103.55434983683	-23.928339811070003	"WR*"	6.91	"GCRV  4522"
931601	"WR   6"	"HD  50896"	103.55434983683	-23.928339811070003	"WR*"	6.91	"GEN# +5.11210004"
931601	"WR   6"	"HD  50896"	103.55434983683	-23.928339811070003	"WR*"	6.91	"GSC 06522-03270"
931601	"WR   6"	"HD  50896"	103.55434983683	-23.928339811070003	"WR*"	6.91	"HD  50896"
931601	"WR   6"	"HD  50896"	103.55434983683	-23.928339811070003	"WR*"	6.91	"Hen 3-20"
931601	"WR   6"	"HD  50896"	103.55434983683	-23.928339811070003	"WR*"	6.91	"HIC  33165"
931601	"WR   6"	"HD  50896"	103.55434983683	-23.928339811070003	"WR*"	6.91	"HIP 33165"
931601	"WR   6"	"HD  50896"	103.55434983683	-23.928339811070003	"WR*"	6.91	"HR  2583"
931601	"WR   6"	"HD  50896"	103.55434983683	-23.928339811070003	"WR*"	6.91	"IRAS 06521-2351"
931601	"WR   6"	"HD  50896"	103.55434983683	-23.928339811070003	"WR*"	6.91	"JP11  4532"
931601	"WR   6"	"HD  50896"	103.55434983683	-23.928339811070003	"WR*"	6.91	"LBN  1052"
931601	"WR   6"	"HD  50896"	103.55434983683	-23.928339811070003	"WR*"	6.91	"LBN 234.57-10.00"
931601	"WR   6"	"HD  50896"	103.55434983683	-23.928339811070003	"WR*"	6.91	"LMA IC 1613 10"
931601	"WR   6"	"HD  50896"	103.55434983683	-23.928339811070003	"WR*"	6.91	"LS   98"
931601	"WR   6"	"HD  50896"	103.55434983683	-23.928339811070003	"WR*"	6.91	"MR   6"
931601	"WR   6"	"HD  50896"	103.55434983683	-23.928339811070003	"WR*"	6.91	"N30 1504"
931601	"WR   6"	"HD  50896"	103.55434983683	-23.928339811070003	"WR*"	6.91	"PPM 251223"
931601	"WR   6"	"HD  50896"	103.55434983683	-23.928339811070003	"WR*"	6.91	"RCW  11"
931601	"WR   6"	"HD  50896"	103.55434983683	-23.928339811070003	"WR*"	6.91	"SAO 172546"
931601	"WR   6"	"HD  50896"	103.55434983683	-23.928339811070003	"WR*"	6.91	"SH  2-308"
931601	"WR   6"	"HD  50896"	103.55434983683	-23.928339811070003	"WR*"	6.91	"SKY# 12250"
931601	"WR   6"	"HD  50896"	103.55434983683	-23.928339811070003	"WR*"	6.91	"TD1  8528"
931601	"WR   6"	"HD  50896"	103.55434983683	-23.928339811070003	"WR*"	6.91	"TIC 78959225"
931601	"WR   6"	"HD  50896"	103.55434983683	-23.928339811070003	"WR*"	6.91	"[TSA98] J065412.01-235541.40"
931601	"WR   6"	"HD  50896"	103.55434983683	-23.928339811070003	"WR*"	6.91	"TYC 6522-3270-1"
931601	"WR   6"	"HD  50896"	103.55434983683	-23.928339811070003	"WR*"	6.91	"UBV    6842"
931601	"WR   6"	"HD  50896"	103.55434983683	-23.928339811070003	"WR*"	6.91	"UBV M  12581"
931601	"WR   6"	"HD  50896"	103.55434983683	-23.928339811070003	"WR*"	6.91	"UBV M  40625"
931601	"WR   6"	"HD  50896"	103.55434983683	-23.928339811070003	"WR*"	6.91	"UCAC4 331-017802"
931601	"WR   6"	"HD  50896"	103.55434983683	-23.928339811070003	"WR*"	6.91	"uvby98 511210004"
931601	"WR   6"	"HD  50896"	103.55434983683	-23.928339811070003	"WR*"	6.91	"V* EZ CMa"
931601	"WR   6"	"HD  50896"	103.55434983683	-23.928339811070003	"WR*"	6.91	"WR   6"
931601	"WR   6"	"HD  50896"	103.55434983683	-23.928339811070003	"WR*"	6.91	"WRAY 15-2"
931601	"WR   6"	"HD  50896"	103.55434983683	-23.928339811070003	"WR*"	6.91	"YZ 113  4156"
959824	"WR   7"	"HD  56925"	109.62137976487001	-13.21708720348	"WR*"	11.56	"2MASS J07182912-1313015"
959824	"WR   7"	"HD  56925"	109.62137976487001	-13.21708720348	"WR*"	11.56	"ALS   299"
959824	"WR   7"	"HD  56925"	109.62137976487001	-13.21708720348	"WR*"	11.56	"CSI-13-07162  1"
959824	"WR   7"	"HD  56925"	109.62137976487001	-13.21708720348	"WR*"	11.56	"CSI-13-07162  2"
959824	"WR   7"	"HD  56925"	109.62137976487001	-13.21708720348	"WR*"	11.56	"EM* CDS  677"
959824	"WR   7"	"HD  56925"	109.62137976487001	-13.21708720348	"WR*"	11.56	"Gaia DR1 3032940840257683840"
959824	"WR   7"	"HD  56925"	109.62137976487001	-13.21708720348	"WR*"	11.56	"Gaia DR2 3032940844556081408"
959824	"WR   7"	"HD  56925"	109.62137976487001	-13.21708720348	"WR*"	11.56	"Gaia DR3 3032940844556081408"
959824	"WR   7"	"HD  56925"	109.62137976487001	-13.21708720348	"WR*"	11.56	"GEN# +1.00056925"
959824	"WR   7"	"HD  56925"	109.62137976487001	-13.21708720348	"WR*"	11.56	"HD  56925"
959824	"WR   7"	"HD  56925"	109.62137976487001	-13.21708720348	"WR*"	11.56	"HIC  35378"
959824	"WR   7"	"HD  56925"	109.62137976487001	-13.21708720348	"WR*"	11.56	"HIP 35378"
959824	"WR   7"	"HD  56925"	109.62137976487001	-13.21708720348	"WR*"	11.56	"LS  299"
959824	"WR   7"	"HD  56925"	109.62137976487001	-13.21708720348	"WR*"	11.56	"MFJ SH 2-298  0"
959824	"WR   7"	"HD  56925"	109.62137976487001	-13.21708720348	"WR*"	11.56	"MR   7"
959824	"WR   7"	"HD  56925"	109.62137976487001	-13.21708720348	"WR*"	11.56	"TIC 409128699"
959824	"WR   7"	"HD  56925"	109.62137976487001	-13.21708720348	"WR*"	11.56	"TYC 5407-3417-1"
959824	"WR   7"	"HD  56925"	109.62137976487001	-13.21708720348	"WR*"	11.56	"UCAC4 384-028416"
959824	"WR   7"	"HD  56925"	109.62137976487001	-13.21708720348	"WR*"	11.56	"WR   7"
977906	"WR   7a"	"V* V358 CMa"	110.09318686107001	-23.732367240529996	"WR*"	14.11	"2MASS J07202236-2343564"
977906	"WR   7a"	"V* V358 CMa"	110.09318686107001	-23.732367240529996	"WR*"	14.11	"Gaia DR2 5617746515133032448"
977906	"WR   7a"	"V* V358 CMa"	110.09318686107001	-23.732367240529996	"WR*"	14.11	"Gaia DR3 5617746515133032448"
977906	"WR   7a"	"V* V358 CMa"	110.09318686107001	-23.732367240529996	"WR*"	14.11	"GSC 06537-00281"
977906	"WR   7a"	"V* V358 CMa"	110.09318686107001	-23.732367240529996	"WR*"	14.11	"SPH   2"
977906	"WR   7a"	"V* V358 CMa"	110.09318686107001	-23.732367240529996	"WR*"	14.11	"UCAC4 332-026056"
977906	"WR   7a"	"V* V358 CMa"	110.09318686107001	-23.732367240529996	"WR*"	14.11	"V* V358 CMa"
977906	"WR   7a"	"V* V358 CMa"	110.09318686107001	-23.732367240529996	"WR*"	14.11	"WR   7a"
1015355	"WR   8"	"HD  62910"	116.24259056156998	-31.90820971033	"WR*"	10.1	"2MASS J07445822-3154294"
1015355	"WR   8"	"HD  62910"	116.24259056156998	-31.90820971033	"WR*"	10.1	"ALS   731"
1015355	"WR   8"	"HD  62910"	116.24259056156998	-31.90820971033	"WR*"	10.1	"CD-31  5004"
1015355	"WR   8"	"HD  62910"	116.24259056156998	-31.90820971033	"WR*"	10.1	"CPD-31  1862"
1015355	"WR   8"	"HD  62910"	116.24259056156998	-31.90820971033	"WR*"	10.1	"Gaia DR1 5595121310305893760"
1015355	"WR   8"	"HD  62910"	116.24259056156998	-31.90820971033	"WR*"	10.1	"Gaia DR2 5595121310305893760"
1015355	"WR   8"	"HD  62910"	116.24259056156998	-31.90820971033	"WR*"	10.1	"Gaia DR3 5595121310305893760"
1015355	"WR   8"	"HD  62910"	116.24259056156998	-31.90820971033	"WR*"	10.1	"GEN# +1.00062910"
1015355	"WR   8"	"HD  62910"	116.24259056156998	-31.90820971033	"WR*"	10.1	"GSC 07110-02470"
1015355	"WR   8"	"HD  62910"	116.24259056156998	-31.90820971033	"WR*"	10.1	"HD  62910"
1015355	"WR   8"	"HD  62910"	116.24259056156998	-31.90820971033	"WR*"	10.1	"Hen 3-67"
1015355	"WR   8"	"HD  62910"	116.24259056156998	-31.90820971033	"WR*"	10.1	"HIC  37791"
1015355	"WR   8"	"HD  62910"	116.24259056156998	-31.90820971033	"WR*"	10.1	"HIP 37791"
1015355	"WR   8"	"HD  62910"	116.24259056156998	-31.90820971033	"WR*"	10.1	"LMA IC 1613 11"
1015355	"WR   8"	"HD  62910"	116.24259056156998	-31.90820971033	"WR*"	10.1	"LS  731"
1015355	"WR   8"	"HD  62910"	116.24259056156998	-31.90820971033	"WR*"	10.1	"MR   9"
1015355	"WR   8"	"HD  62910"	116.24259056156998	-31.90820971033	"WR*"	10.1	"SBC9 2389"
1015355	"WR   8"	"HD  62910"	116.24259056156998	-31.90820971033	"WR*"	10.1	"TYC 7110-2470-1"
1015355	"WR   8"	"HD  62910"	116.24259056156998	-31.90820971033	"WR*"	10.1	"UCAC4 291-027865"
1015355	"WR   8"	"HD  62910"	116.24259056156998	-31.90820971033	"WR*"	10.1	"WR   8"
1015355	"WR   8"	"HD  62910"	116.24259056156998	-31.90820971033	"WR*"	10.1	"WRAY 15-69"
1016006	"WR   9"	"HD  63099"	116.45999658560001	-34.33013896855001	"WR*"	10.5	"2MASS J07455041-3419483"
1016006	"WR   9"	"HD  63099"	116.45999658560001	-34.33013896855001	"WR*"	10.5	"ALS   753"
1016006	"WR   9"	"HD  63099"	116.45999658560001	-34.33013896855001	"WR*"	10.5	"CD-34  3879"
1016006	"WR   9"	"HD  63099"	116.45999658560001	-34.33013896855001	"WR*"	10.5	"CPD-34  1643"
1016006	"WR   9"	"HD  63099"	116.45999658560001	-34.33013896855001	"WR*"	10.5	"Gaia DR1 5588584473161108992"
1016006	"WR   9"	"HD  63099"	116.45999658560001	-34.33013896855001	"WR*"	10.5	"Gaia DR2 5588584477463342592"
1016006	"WR   9"	"HD  63099"	116.45999658560001	-34.33013896855001	"WR*"	10.5	"Gaia DR3 5588584477463342592"
1016006	"WR   9"	"HD  63099"	116.45999658560001	-34.33013896855001	"WR*"	10.5	"GEN# +1.00063099"
1016006	"WR   9"	"HD  63099"	116.45999658560001	-34.33013896855001	"WR*"	10.5	"GSC 07114-00644"
1016006	"WR   9"	"HD  63099"	116.45999658560001	-34.33013896855001	"WR*"	10.5	"HD  63099"
1016006	"WR   9"	"HD  63099"	116.45999658560001	-34.33013896855001	"WR*"	10.5	"Hen 3-73"
1016006	"WR   9"	"HD  63099"	116.45999658560001	-34.33013896855001	"WR*"	10.5	"HIC  37876"
1016006	"WR   9"	"HD  63099"	116.45999658560001	-34.33013896855001	"WR*"	10.5	"HIP 37876"
1016006	"WR   9"	"HD  63099"	116.45999658560001	-34.33013896855001	"WR*"	10.5	"IC 2206"
1016006	"WR   9"	"HD  63099"	116.45999658560001	-34.33013896855001	"WR*"	10.5	"LS  753"
1016006	"WR   9"	"HD  63099"	116.45999658560001	-34.33013896855001	"WR*"	10.5	"MR  10"
1016006	"WR   9"	"HD  63099"	116.45999658560001	-34.33013896855001	"WR*"	10.5	"SBC9 476"
1016006	"WR   9"	"HD  63099"	116.45999658560001	-34.33013896855001	"WR*"	10.5	"TIC 149683329"
1016006	"WR   9"	"HD  63099"	116.45999658560001	-34.33013896855001	"WR*"	10.5	"TYC 7114-644-1"
1016006	"WR   9"	"HD  63099"	116.45999658560001	-34.33013896855001	"WR*"	10.5	"UBV M  13621"
1016006	"WR   9"	"HD  63099"	116.45999658560001	-34.33013896855001	"WR*"	10.5	"UCAC4 279-023617"
1016006	"WR   9"	"HD  63099"	116.45999658560001	-34.33013896855001	"WR*"	10.5	"V* V443 Pup"
1016006	"WR   9"	"HD  63099"	116.45999658560001	-34.33013896855001	"WR*"	10.5	"WEB  7477"
1016006	"WR   9"	"HD  63099"	116.45999658560001	-34.33013896855001	"WR*"	10.5	"WR   9"
1016006	"WR   9"	"HD  63099"	116.45999658560001	-34.33013896855001	"WR*"	10.5	"WRAY 15-74"
1033137	"WR  10"	"HD  65865"	119.94268821577998	-28.73419029041001	"WR*"	10.9	"2MASS J07594624-2844031"
1033137	"WR  10"	"HD  65865"	119.94268821577998	-28.73419029041001	"WR*"	10.9	"ALS   916"
1033137	"WR  10"	"HD  65865"	119.94268821577998	-28.73419029041001	"WR*"	10.9	"CCDM J07598-2844A"
1033137	"WR  10"	"HD  65865"	119.94268821577998	-28.73419029041001	"WR*"	10.9	"CD-28  5249"
1033137	"WR  10"	"HD  65865"	119.94268821577998	-28.73419029041001	"WR*"	10.9	"Cl Ruprecht   44   187"
1033137	"WR  10"	"HD  65865"	119.94268821577998	-28.73419029041001	"WR*"	10.9	"CPD-28  2663"
1033137	"WR  10"	"HD  65865"	119.94268821577998	-28.73419029041001	"WR*"	10.9	"EM* AS  193"
1033137	"WR  10"	"HD  65865"	119.94268821577998	-28.73419029041001	"WR*"	10.9	"Gaia DR2 5597770416085979648"
1033137	"WR  10"	"HD  65865"	119.94268821577998	-28.73419029041001	"WR*"	10.9	"Gaia DR3 5597770416085979648"
1033137	"WR  10"	"HD  65865"	119.94268821577998	-28.73419029041001	"WR*"	10.9	"GEN# +5.30440187"
1033137	"WR  10"	"HD  65865"	119.94268821577998	-28.73419029041001	"WR*"	10.9	"GSC 06566-00888"
1033137	"WR  10"	"HD  65865"	119.94268821577998	-28.73419029041001	"WR*"	10.9	"HD  65865"
1033137	"WR  10"	"HD  65865"	119.94268821577998	-28.73419029041001	"WR*"	10.9	"** HDS 1135A"
1033137	"WR  10"	"HD  65865"	119.94268821577998	-28.73419029041001	"WR*"	10.9	"Hen 3-107"
1033137	"WR  10"	"HD  65865"	119.94268821577998	-28.73419029041001	"WR*"	10.9	"HIC  39086"
1033137	"WR  10"	"HD  65865"	119.94268821577998	-28.73419029041001	"WR*"	10.9	"HIP 39086"
1033137	"WR  10"	"HD  65865"	119.94268821577998	-28.73419029041001	"WR*"	10.9	"LS  916"
1033137	"WR  10"	"HD  65865"	119.94268821577998	-28.73419029041001	"WR*"	10.9	"MR  11"
1033137	"WR  10"	"HD  65865"	119.94268821577998	-28.73419029041001	"WR*"	10.9	"[P81] 2586"
1033137	"WR  10"	"HD  65865"	119.94268821577998	-28.73419029041001	"WR*"	10.9	"RF F4-59"
1033137	"WR  10"	"HD  65865"	119.94268821577998	-28.73419029041001	"WR*"	10.9	"TIC 130349299"
1033137	"WR  10"	"HD  65865"	119.94268821577998	-28.73419029041001	"WR*"	10.9	"TYC 6566-888-1"
1033137	"WR  10"	"HD  65865"	119.94268821577998	-28.73419029041001	"WR*"	10.9	"UBV M  41987"
1033137	"WR  10"	"HD  65865"	119.94268821577998	-28.73419029041001	"WR*"	10.9	"UCAC4 307-035895"
1033137	"WR  10"	"HD  65865"	119.94268821577998	-28.73419029041001	"WR*"	10.9	"WDS J07598-2844A"
1033137	"WR  10"	"HD  65865"	119.94268821577998	-28.73419029041001	"WR*"	10.9	"WR  10"
1033137	"WR  10"	"HD  65865"	119.94268821577998	-28.73419029041001	"WR*"	10.9	"WRAY 15-124"
2314847	"WR  78"	"HD 151932"	253.08019876645	-41.85451946284001	"WR*"	6.51	"2MASS J16521923-4151161"
2314847	"WR  78"	"HD 151932"	253.08019876645	-41.85451946284001	"WR*"	6.51	"AAVSO 1645-41"
2314847	"WR  78"	"HD 151932"	253.08019876645	-41.85451946284001	"WR*"	6.51	"ALS  3785"
2314847	"WR  78"	"HD 151932"	253.08019876645	-41.85451946284001	"WR*"	6.51	"Braes  114"
2314847	"WR  78"	"HD 151932"	253.08019876645	-41.85451946284001	"WR*"	6.51	"CD-41 10972"
2314847	"WR  78"	"HD 151932"	253.08019876645	-41.85451946284001	"WR*"	6.51	"CEL   4432"
2314847	"WR  78"	"HD 151932"	253.08019876645	-41.85451946284001	"WR*"	6.51	"Cl Trumpler   24   322"
2314847	"WR  78"	"HD 151932"	253.08019876645	-41.85451946284001	"WR*"	6.51	"CPC  0 15420"
2314847	"WR  78"	"HD 151932"	253.08019876645	-41.85451946284001	"WR*"	6.51	"CPD-41  7673"
2314847	"WR  78"	"HD 151932"	253.08019876645	-41.85451946284001	"WR*"	6.51	"Gaia DR2 5968019618048049664"
2314847	"WR  78"	"HD 151932"	253.08019876645	-41.85451946284001	"WR*"	6.51	"Gaia DR3 5968019618048049664"
2314847	"WR  78"	"HD 151932"	253.08019876645	-41.85451946284001	"WR*"	6.51	"GC 22684"
2314847	"WR  78"	"HD 151932"	253.08019876645	-41.85451946284001	"WR*"	6.51	"GCRV  9686"
2314847	"WR  78"	"HD 151932"	253.08019876645	-41.85451946284001	"WR*"	6.51	"GEN# +1.00151932"
2314847	"WR  78"	"HD 151932"	253.08019876645	-41.85451946284001	"WR*"	6.51	"Glazar Sco   8"
2314847	"WR  78"	"HD 151932"	253.08019876645	-41.85451946284001	"WR*"	6.51	"GSC 07876-02659"
2314847	"WR  78"	"HD 151932"	253.08019876645	-41.85451946284001	"WR*"	6.51	"HD 151932"
2314847	"WR  78"	"HD 151932"	253.08019876645	-41.85451946284001	"WR*"	6.51	"Hen 3-1266"
2314847	"WR  78"	"HD 151932"	253.08019876645	-41.85451946284001	"WR*"	6.51	"HIC  82543"
2314847	"WR  78"	"HD 151932"	253.08019876645	-41.85451946284001	"WR*"	6.51	"HIP 82543"
2314847	"WR  78"	"HD 151932"	253.08019876645	-41.85451946284001	"WR*"	6.51	"HR  6249"
2314847	"WR  78"	"HD 151932"	253.08019876645	-41.85451946284001	"WR*"	6.51	"IRAS 16488-4146"
2314847	"WR  78"	"HD 151932"	253.08019876645	-41.85451946284001	"WR*"	6.51	"JP11  4325"
2314847	"WR  78"	"HD 151932"	253.08019876645	-41.85451946284001	"WR*"	6.51	"LS 3785"
2314847	"WR  78"	"HD 151932"	253.08019876645	-41.85451946284001	"WR*"	6.51	"[MP69] 16"
2314847	"WR  78"	"HD 151932"	253.08019876645	-41.85451946284001	"WR*"	6.51	"MR  64"
2314847	"WR  78"	"HD 151932"	253.08019876645	-41.85451946284001	"WR*"	6.51	"NGC  6231   305"
2314847	"WR  78"	"HD 151932"	253.08019876645	-41.85451946284001	"WR*"	6.51	"NSV  7998"
2314847	"WR  78"	"HD 151932"	253.08019876645	-41.85451946284001	"WR*"	6.51	"PPM 322298"
2314847	"WR  78"	"HD 151932"	253.08019876645	-41.85451946284001	"WR*"	6.51	"SAO 227328"
2314847	"WR  78"	"HD 151932"	253.08019876645	-41.85451946284001	"WR*"	6.51	"[SC95] ZET 164"
2314847	"WR  78"	"HD 151932"	253.08019876645	-41.85451946284001	"WR*"	6.51	"[SC96] Mis  164"
2314847	"WR  78"	"HD 151932"	253.08019876645	-41.85451946284001	"WR*"	6.51	"SCORPIO1 118"
2314847	"WR  78"	"HD 151932"	253.08019876645	-41.85451946284001	"WR*"	6.51	"SKY# 30372"
2314847	"WR  78"	"HD 151932"	253.08019876645	-41.85451946284001	"WR*"	6.51	"TD1 19591"
2314847	"WR  78"	"HD 151932"	253.08019876645	-41.85451946284001	"WR*"	6.51	"TIC 337802356"
2314847	"WR  78"	"HD 151932"	253.08019876645	-41.85451946284001	"WR*"	6.51	"TYC 7876-2659-1"
2314847	"WR  78"	"HD 151932"	253.08019876645	-41.85451946284001	"WR*"	6.51	"UBV   14249"
2314847	"WR  78"	"HD 151932"	253.08019876645	-41.85451946284001	"WR*"	6.51	"UBV M  21709"
2314847	"WR  78"	"HD 151932"	253.08019876645	-41.85451946284001	"WR*"	6.51	"UCAC3 97-237827"
2314847	"WR  78"	"HD 151932"	253.08019876645	-41.85451946284001	"WR*"	6.51	"UCAC4 241-107477"
2314847	"WR  78"	"HD 151932"	253.08019876645	-41.85451946284001	"WR*"	6.51	"V* V919 Sco"
2314847	"WR  78"	"HD 151932"	253.08019876645	-41.85451946284001	"WR*"	6.51	"WEB 13938"
2314847	"WR  78"	"HD 151932"	253.08019876645	-41.85451946284001	"WR*"	6.51	"WR  78"
2314847	"WR  78"	"HD 151932"	253.08019876645	-41.85451946284001	"WR*"	6.51	"WRAY 15-1545"
2315130	"WR  77t"	"WR  77t"	252.74014399467998	-43.67437255511	"WR*"		"2MASS J16505763-4340277"
2315130	"WR  77t"	"WR  77t"	252.74014399467998	-43.67437255511	"WR*"		"Gaia DR2 5964447648351695488"
2315130	"WR  77t"	"WR  77t"	252.74014399467998	-43.67437255511	"WR*"		"Gaia DR3 5964447648351695488"
2315130	"WR  77t"	"WR  77t"	252.74014399467998	-43.67437255511	"WR*"		"SHS J165057.6-434028"
2315130	"WR  77t"	"WR  77t"	252.74014399467998	-43.67437255511	"WR*"		"SSTGLMC G341.6612+00.4657"
2315130	"WR  77t"	"WR  77t"	252.74014399467998	-43.67437255511	"WR*"		"TIC 246352882"
2315130	"WR  77t"	"WR  77t"	252.74014399467998	-43.67437255511	"WR*"		"WR  77t"
2315410	"WR  79a"	"HD 152408"	253.74377127994	-41.15085918767	"WR*"	5.77	"2MASS J16545850-4109031"
2315410	"WR  79a"	"HD 152408"	253.74377127994	-41.15085918767	"WR*"	5.77	"3XMM J165458.4-410903"
2315410	"WR  79a"	"HD 152408"	253.74377127994	-41.15085918767	"WR*"	5.77	"AKARI-IRC-V1 J1654585-410903"
2315410	"WR  79a"	"HD 152408"	253.74377127994	-41.15085918767	"WR*"	5.77	"ALS  3828"
2315410	"WR  79a"	"HD 152408"	253.74377127994	-41.15085918767	"WR*"	5.77	"Braes  160"
2315410	"WR  79a"	"HD 152408"	253.74377127994	-41.15085918767	"WR*"	5.77	"CCDM J16550-4109A"
2315410	"WR  79a"	"HD 152408"	253.74377127994	-41.15085918767	"WR*"	5.77	"CD-40 10919"
2315410	"WR  79a"	"HD 152408"	253.74377127994	-41.15085918767	"WR*"	5.77	"CEL   4451"
2315410	"WR  79a"	"HD 152408"	253.74377127994	-41.15085918767	"WR*"	5.77	"CGO 422"
2315410	"WR  79a"	"HD 152408"	253.74377127994	-41.15085918767	"WR*"	5.77	"Cl Trumpler   24   159"
2315410	"WR  79a"	"HD 152408"	253.74377127994	-41.15085918767	"WR*"	5.77	"CPC  0 15536"
2315410	"WR  79a"	"HD 152408"	253.74377127994	-41.15085918767	"WR*"	5.77	"CPD-40  7597"
2315410	"WR  79a"	"HD 152408"	253.74377127994	-41.15085918767	"WR*"	5.77	"CSI-40 10919 21"
2315410	"WR  79a"	"HD 152408"	253.74377127994	-41.15085918767	"WR*"	5.77	"CSI-40 10919 23"
2315410	"WR  79a"	"HD 152408"	253.74377127994	-41.15085918767	"WR*"	5.77	"EM* AS  211"
2315410	"WR  79a"	"HD 152408"	253.74377127994	-41.15085918767	"WR*"	5.77	"Gaia DR2 5966563486675142912"
2315410	"WR  79a"	"HD 152408"	253.74377127994	-41.15085918767	"WR*"	5.77	"Gaia DR3 5966563486675142912"
2315410	"WR  79a"	"HD 152408"	253.74377127994	-41.15085918767	"WR*"	5.77	"GC 22768"
2315410	"WR  79a"	"HD 152408"	253.74377127994	-41.15085918767	"WR*"	5.77	"GCRV  9723"
2315410	"WR  79a"	"HD 152408"	253.74377127994	-41.15085918767	"WR*"	5.77	"GEN# +1.00152408"
2315410	"WR  79a"	"HD 152408"	253.74377127994	-41.15085918767	"WR*"	5.77	"Glazar Sco  20"
2315410	"WR  79a"	"HD 152408"	253.74377127994	-41.15085918767	"WR*"	5.77	"GOS G344.08+01.49 01"
2315410	"WR  79a"	"HD 152408"	253.74377127994	-41.15085918767	"WR*"	5.77	"GSC 07872-01609"
2315410	"WR  79a"	"HD 152408"	253.74377127994	-41.15085918767	"WR*"	5.77	"HD 152408"
2315410	"WR  79a"	"HD 152408"	253.74377127994	-41.15085918767	"WR*"	5.77	"HD 152408A"
2315410	"WR  79a"	"HD 152408"	253.74377127994	-41.15085918767	"WR*"	5.77	"Hen 3-1279"
2315410	"WR  79a"	"HD 152408"	253.74377127994	-41.15085918767	"WR*"	5.77	"HIC  82775"
2315410	"WR  79a"	"HD 152408"	253.74377127994	-41.15085918767	"WR*"	5.77	"HIP 82775"
2315410	"WR  79a"	"HD 152408"	253.74377127994	-41.15085918767	"WR*"	5.77	"HR  6272"
2315410	"WR  79a"	"HD 152408"	253.74377127994	-41.15085918767	"WR*"	5.77	"** I  576A"
2315410	"WR  79a"	"HD 152408"	253.74377127994	-41.15085918767	"WR*"	5.77	"IDS 16480-4059 A"
2315410	"WR  79a"	"HD 152408"	253.74377127994	-41.15085918767	"WR*"	5.77	"IRAS 16514-4104"
2315410	"WR  79a"	"HD 152408"	253.74377127994	-41.15085918767	"WR*"	5.77	"LS 3828"
2315410	"WR  79a"	"HD 152408"	253.74377127994	-41.15085918767	"WR*"	5.77	"[MP69] 12"
2315410	"WR  79a"	"HD 152408"	253.74377127994	-41.15085918767	"WR*"	5.77	"NGC  6231   327"
2315410	"WR  79a"	"HD 152408"	253.74377127994	-41.15085918767	"WR*"	5.77	"NSV  8031"
2315410	"WR  79a"	"HD 152408"	253.74377127994	-41.15085918767	"WR*"	5.77	"PPM 322393"
2315410	"WR  79a"	"HD 152408"	253.74377127994	-41.15085918767	"WR*"	5.77	"SAO 227425"
2315410	"WR  79a"	"HD 152408"	253.74377127994	-41.15085918767	"WR*"	5.77	"[SC95] ZET 194"
2315410	"WR  79a"	"HD 152408"	253.74377127994	-41.15085918767	"WR*"	5.77	"[SC96] Mis  194"
2315410	"WR  79a"	"HD 152408"	253.74377127994	-41.15085918767	"WR*"	5.77	"SKY# 30479"
2315410	"WR  79a"	"HD 152408"	253.74377127994	-41.15085918767	"WR*"	5.77	"TIC 340411624"
2315410	"WR  79a"	"HD 152408"	253.74377127994	-41.15085918767	"WR*"	5.77	"TYC 7872-1609-1"
2315410	"WR  79a"	"HD 152408"	253.74377127994	-41.15085918767	"WR*"	5.77	"UBV   14310"
2315410	"WR  79a"	"HD 152408"	253.74377127994	-41.15085918767	"WR*"	5.77	"UBV M  21761"
2315410	"WR  79a"	"HD 152408"	253.74377127994	-41.15085918767	"WR*"	5.77	"UCAC4 245-109906"
2315410	"WR  79a"	"HD 152408"	253.74377127994	-41.15085918767	"WR*"	5.77	"uvby98 100152408"
2315410	"WR  79a"	"HD 152408"	253.74377127994	-41.15085918767	"WR*"	5.77	"WDS J16550-4109A"
2315410	"WR  79a"	"HD 152408"	253.74377127994	-41.15085918767	"WR*"	5.77	"WEB 13992"
2315410	"WR  79a"	"HD 152408"	253.74377127994	-41.15085918767	"WR*"	5.77	"WR  79a"
2316325	"WR  79"	"HD 152270"	253.58207970502997	-41.81986991947	"WR*"	6.597	"2MASS J16541970-4149115"
2316325	"WR  79"	"HD 152270"	253.58207970502997	-41.81986991947	"WR*"	6.597	"AAVSO 1647-41"
2316325	"WR  79"	"HD 152270"	253.58207970502997	-41.81986991947	"WR*"	6.597	"ALS  3810"
2316325	"WR  79"	"HD 152270"	253.58207970502997	-41.81986991947	"WR*"	6.597	"** B 1834"
2316325	"WR  79"	"HD 152270"	253.58207970502997	-41.81986991947	"WR*"	6.597	"Braes  148"
2316325	"WR  79"	"HD 152270"	253.58207970502997	-41.81986991947	"WR*"	6.597	"CCDM J16543-4149AB"
2316325	"WR  79"	"HD 152270"	253.58207970502997	-41.81986991947	"WR*"	6.597	"CD-41 11041"
2316325	"WR  79"	"HD 152270"	253.58207970502997	-41.81986991947	"WR*"	6.597	"Cl* NGC 6231    BVF       5"
2316325	"WR  79"	"HD 152270"	253.58207970502997	-41.81986991947	"WR*"	6.597	"Cl* NGC 6231     SS     125"
2316325	"WR  79"	"HD 152270"	253.58207970502997	-41.81986991947	"WR*"	6.597	"CPC  0 15493"
2316325	"WR  79"	"HD 152270"	253.58207970502997	-41.81986991947	"WR*"	6.597	"CPD-41  7741"
2316325	"WR  79"	"HD 152270"	253.58207970502997	-41.81986991947	"WR*"	6.597	"CXOU J165419.6-414911"
2316325	"WR  79"	"HD 152270"	253.58207970502997	-41.81986991947	"WR*"	6.597	"CXOVVV J165419.68-414911.3"
2316325	"WR  79"	"HD 152270"	253.58207970502997	-41.81986991947	"WR*"	6.597	"Gaia DR1 5966509537572690560"
2316325	"WR  79"	"HD 152270"	253.58207970502997	-41.81986991947	"WR*"	6.597	"Gaia DR2 5966509541883497984"
2316325	"WR  79"	"HD 152270"	253.58207970502997	-41.81986991947	"WR*"	6.597	"Gaia DR3 5966509541883497984"
2316325	"WR  79"	"HD 152270"	253.58207970502997	-41.81986991947	"WR*"	6.597	"GC 22742"
2316325	"WR  79"	"HD 152270"	253.58207970502997	-41.81986991947	"WR*"	6.597	"GCRV  9713"
2316325	"WR  79"	"HD 152270"	253.58207970502997	-41.81986991947	"WR*"	6.597	"GEN# +2.62310220"
2316325	"WR  79"	"HD 152270"	253.58207970502997	-41.81986991947	"WR*"	6.597	"GOS G343.49+01.16 01"
2316325	"WR  79"	"HD 152270"	253.58207970502997	-41.81986991947	"WR*"	6.597	"GSC 07876-02640"
2316325	"WR  79"	"HD 152270"	253.58207970502997	-41.81986991947	"WR*"	6.597	"GSC2 S230011092"
2316325	"WR  79"	"HD 152270"	253.58207970502997	-41.81986991947	"WR*"	6.597	"HD 152270"
2316325	"WR  79"	"HD 152270"	253.58207970502997	-41.81986991947	"WR*"	6.597	"Hen 3-1274"
2316325	"WR  79"	"HD 152270"	253.58207970502997	-41.81986991947	"WR*"	6.597	"HIC  82706"
2316325	"WR  79"	"HD 152270"	253.58207970502997	-41.81986991947	"WR*"	6.597	"HIP 82706"
2316325	"WR  79"	"HD 152270"	253.58207970502997	-41.81986991947	"WR*"	6.597	"HR  6265"
2316325	"WR  79"	"HD 152270"	253.58207970502997	-41.81986991947	"WR*"	6.597	"JP11  4322"
2316325	"WR  79"	"HD 152270"	253.58207970502997	-41.81986991947	"WR*"	6.597	"LS 3810"
2316325	"WR  79"	"HD 152270"	253.58207970502997	-41.81986991947	"WR*"	6.597	"[MP69] 17"
2316325	"WR  79"	"HD 152270"	253.58207970502997	-41.81986991947	"WR*"	6.597	"MR  65"
2316325	"WR  79"	"HD 152270"	253.58207970502997	-41.81986991947	"WR*"	6.597	"NGC  6231   220"
2316325	"WR  79"	"HD 152270"	253.58207970502997	-41.81986991947	"WR*"	6.597	"PPM 322360"
2316325	"WR  79"	"HD 152270"	253.58207970502997	-41.81986991947	"WR*"	6.597	"SAO 227390"
2316325	"WR  79"	"HD 152270"	253.58207970502997	-41.81986991947	"WR*"	6.597	"SBC7   596"
2316325	"WR  79"	"HD 152270"	253.58207970502997	-41.81986991947	"WR*"	6.597	"SBC9 929"
2316325	"WR  79"	"HD 152270"	253.58207970502997	-41.81986991947	"WR*"	6.597	"SCORPIO1 311"
2316325	"WR  79"	"HD 152270"	253.58207970502997	-41.81986991947	"WR*"	6.597	"[SGR2006] 371"
2316325	"WR  79"	"HD 152270"	253.58207970502997	-41.81986991947	"WR*"	6.597	"SKY# 30443"
2316325	"WR  79"	"HD 152270"	253.58207970502997	-41.81986991947	"WR*"	6.597	"TIC 339568270"
2316325	"WR  79"	"HD 152270"	253.58207970502997	-41.81986991947	"WR*"	6.597	"TYC 7876-2640-1"
2316325	"WR  79"	"HD 152270"	253.58207970502997	-41.81986991947	"WR*"	6.597	"UBV   14294"
2316325	"WR  79"	"HD 152270"	253.58207970502997	-41.81986991947	"WR*"	6.597	"UCAC3 97-239610"
2316325	"WR  79"	"HD 152270"	253.58207970502997	-41.81986991947	"WR*"	6.597	"UCAC4 241-108284"
2316325	"WR  79"	"HD 152270"	253.58207970502997	-41.81986991947	"WR*"	6.597	"USNO-B1.0 0481-00503524"
2316325	"WR  79"	"HD 152270"	253.58207970502997	-41.81986991947	"WR*"	6.597	"uvby98 262310220"
2316325	"WR  79"	"HD 152270"	253.58207970502997	-41.81986991947	"WR*"	6.597	"WDS J16543-4149CD"
2316325	"WR  79"	"HD 152270"	253.58207970502997	-41.81986991947	"WR*"	6.597	"WEB 13973"
2316325	"WR  79"	"HD 152270"	253.58207970502997	-41.81986991947	"WR*"	6.597	"WR  79"
2316325	"WR  79"	"HD 152270"	253.58207970502997	-41.81986991947	"WR*"	6.597	"XMMU J165419.6-414912"
2318838	"WR  92"	"HD 157451"	261.34699164414997	-43.492074990149995	"WR*"	10.2	"2MASS J17252327-4329314"
2318838	"WR  92"	"HD 157451"	261.34699164414997	-43.492074990149995	"WR*"	10.2	"AAVSO 1718-43B"
2318838	"WR  92"	"HD 157451"	261.34699164414997	-43.492074990149995	"WR*"	10.2	"ALS  4144"
2318838	"WR  92"	"HD 157451"	261.34699164414997	-43.492074990149995	"WR*"	10.2	"CD-43 11673"
2318838	"WR  92"	"HD 157451"	261.34699164414997	-43.492074990149995	"WR*"	10.2	"CF 16542"
2318838	"WR  92"	"HD 157451"	261.34699164414997	-43.492074990149995	"WR*"	10.2	"CPD-43  8038"
2318838	"WR  92"	"HD 157451"	261.34699164414997	-43.492074990149995	"WR*"	10.2	"Gaia DR1 5952632257727314816"
2318838	"WR  92"	"HD 157451"	261.34699164414997	-43.492074990149995	"WR*"	10.2	"Gaia DR2 5952632262112862080"
2318838	"WR  92"	"HD 157451"	261.34699164414997	-43.492074990149995	"WR*"	10.2	"Gaia DR3 5952632262112862080"
2318838	"WR  92"	"HD 157451"	261.34699164414997	-43.492074990149995	"WR*"	10.2	"GSC 07895-01089"
2318838	"WR  92"	"HD 157451"	261.34699164414997	-43.492074990149995	"WR*"	10.2	"HD 157451"
2318838	"WR  92"	"HD 157451"	261.34699164414997	-43.492074990149995	"WR*"	10.2	"Hen 3-1399"
2318838	"WR  92"	"HD 157451"	261.34699164414997	-43.492074990149995	"WR*"	10.2	"LS 4144"
2318838	"WR  92"	"HD 157451"	261.34699164414997	-43.492074990149995	"WR*"	10.2	"MR  71"
2318838	"WR  92"	"HD 157451"	261.34699164414997	-43.492074990149995	"WR*"	10.2	"RAVE J172523.3-432932"
2318838	"WR  92"	"HD 157451"	261.34699164414997	-43.492074990149995	"WR*"	10.2	"TIC 217873333"
2318838	"WR  92"	"HD 157451"	261.34699164414997	-43.492074990149995	"WR*"	10.2	"TYC 7895-1089-1"
2318838	"WR  92"	"HD 157451"	261.34699164414997	-43.492074990149995	"WR*"	10.2	"UCAC4 233-128835"
2318838	"WR  92"	"HD 157451"	261.34699164414997	-43.492074990149995	"WR*"	10.2	"WR  92"
2318838	"WR  92"	"HD 157451"	261.34699164414997	-43.492074990149995	"WR*"	10.2	"WRAY 15-1704"
2329781	"WR  84"	"THA 31-1"	257.84042035196	-39.889437804619995	"WR*"	13.01	"2MASS J17112170-3953219"
2329781	"WR  84"	"THA 31-1"	257.84042035196	-39.889437804619995	"WR*"	13.01	"ALS  3951"
2329781	"WR  84"	"THA 31-1"	257.84042035196	-39.889437804619995	"WR*"	13.01	"CSI-39-17079"
2329781	"WR  84"	"THA 31-1"	257.84042035196	-39.889437804619995	"WR*"	13.01	"Gaia DR2 5972179719043340800"
2329781	"WR  84"	"THA 31-1"	257.84042035196	-39.889437804619995	"WR*"	13.01	"Gaia DR3 5972179719043340800"
2329781	"WR  84"	"THA 31-1"	257.84042035196	-39.889437804619995	"WR*"	13.01	"GSC 07874-00307"
2329781	"WR  84"	"THA 31-1"	257.84042035196	-39.889437804619995	"WR*"	13.01	"LS 3951"
2329781	"WR  84"	"THA 31-1"	257.84042035196	-39.889437804619995	"WR*"	13.01	"LSWR 12"
2329781	"WR  84"	"THA 31-1"	257.84042035196	-39.889437804619995	"WR*"	13.01	"THA 31-1"
2329781	"WR  84"	"THA 31-1"	257.84042035196	-39.889437804619995	"WR*"	13.01	"UCAC4 251-108105"
2329781	"WR  84"	"THA 31-1"	257.84042035196	-39.889437804619995	"WR*"	13.01	"WR  84"
2329781	"WR  84"	"THA 31-1"	257.84042035196	-39.889437804619995	"WR*"	13.01	"WRAY 15-1634"
2330198	"WR  85"	"LS 3982"	258.61299650941	-39.76306975164	"WR*"	10.41	"2MASS J17142712-3945472"
2330198	"WR  85"	"LS 3982"	258.61299650941	-39.76306975164	"WR*"	10.41	"ALS  3982"
2330198	"WR  85"	"LS 3982"	258.61299650941	-39.76306975164	"WR*"	10.41	"CCDM J17145-3946B"
2330198	"WR  85"	"LS 3982"	258.61299650941	-39.76306975164	"WR*"	10.41	"CD-39 11212B"
2330198	"WR  85"	"LS 3982"	258.61299650941	-39.76306975164	"WR*"	10.41	"CSI-39 11212 22"
2330198	"WR  85"	"LS 3982"	258.61299650941	-39.76306975164	"WR*"	10.41	"Gaia DR2 5972220130436920832"
2330198	"WR  85"	"LS 3982"	258.61299650941	-39.76306975164	"WR*"	10.41	"Gaia DR3 5972220130436920832"
2330198	"WR  85"	"LS 3982"	258.61299650941	-39.76306975164	"WR*"	10.41	"GEN# +1.00155603B"
2330198	"WR  85"	"LS 3982"	258.61299650941	-39.76306975164	"WR*"	10.41	"GSC 07874-01219"
2330198	"WR  85"	"LS 3982"	258.61299650941	-39.76306975164	"WR*"	10.41	"HD 155603B"
2330198	"WR  85"	"LS 3982"	258.61299650941	-39.76306975164	"WR*"	10.41	"** HJ 4926B"
2330198	"WR  85"	"LS 3982"	258.61299650941	-39.76306975164	"WR*"	10.41	"IDS 17075-3939 B"
2330198	"WR  85"	"LS 3982"	258.61299650941	-39.76306975164	"WR*"	10.41	"LS 3982"
2330198	"WR  85"	"LS 3982"	258.61299650941	-39.76306975164	"WR*"	10.41	"TIC 188423587"
2330198	"WR  85"	"LS 3982"	258.61299650941	-39.76306975164	"WR*"	10.41	"TYC 7874-1219-1"
2330198	"WR  85"	"LS 3982"	258.61299650941	-39.76306975164	"WR*"	10.41	"UCAC4 252-107343"
2330198	"WR  85"	"LS 3982"	258.61299650941	-39.76306975164	"WR*"	10.41	"WDS J17145-3946B"
2330198	"WR  85"	"LS 3982"	258.61299650941	-39.76306975164	"WR*"	10.41	"WR  85"
2345445	"WR  85a"	"WRAY 15-1656"	259.00909621753	-38.26185188223	"WR*"	13.69	"2MASS J17160218-3815426"
2345445	"WR  85a"	"WRAY 15-1656"	259.00909621753	-38.26185188223	"WR*"	13.69	"ALS  4005"
2345445	"WR  85a"	"WRAY 15-1656"	259.00909621753	-38.26185188223	"WR*"	13.69	"CGCS 6673"
2345445	"WR  85a"	"WRAY 15-1656"	259.00909621753	-38.26185188223	"WR*"	13.69	"CSI-38-17126"
2345445	"WR  85a"	"WRAY 15-1656"	259.00909621753	-38.26185188223	"WR*"	13.69	"Gaia DR2 5973474703218558080"
2345445	"WR  85a"	"WRAY 15-1656"	259.00909621753	-38.26185188223	"WR*"	13.69	"Gaia DR3 5973474703218558080"
2345445	"WR  85a"	"WRAY 15-1656"	259.00909621753	-38.26185188223	"WR*"	13.69	"IRAS 17126-3812"
2345445	"WR  85a"	"WRAY 15-1656"	259.00909621753	-38.26185188223	"WR*"	13.69	"LS 4005"
2345445	"WR  85a"	"WRAY 15-1656"	259.00909621753	-38.26185188223	"WR*"	13.69	"TIC 463323033"
2345445	"WR  85a"	"WRAY 15-1656"	259.00909621753	-38.26185188223	"WR*"	13.69	"UCAC4 259-111691"
2345445	"WR  85a"	"WRAY 15-1656"	259.00909621753	-38.26185188223	"WR*"	13.69	"WISE J171602.17-381542.7"
2345445	"WR  85a"	"WRAY 15-1656"	259.00909621753	-38.26185188223	"WR*"	13.69	"WR  85a"
2345445	"WR  85a"	"WRAY 15-1656"	259.00909621753	-38.26185188223	"WR*"	13.69	"WRAY 15-1656"
2345855	"WR  89"	"CD-38 11746"	259.75218000921	-38.81423544324	"WR*"	11.02	"2MASS J17190052-3848513"
2345855	"WR  89"	"CD-38 11746"	259.75218000921	-38.81423544324	"WR*"	11.02	"ALS  4065"
2345855	"WR  89"	"CD-38 11746"	259.75218000921	-38.81423544324	"WR*"	11.02	"CCDM J17190-3849A"
2345855	"WR  89"	"CD-38 11746"	259.75218000921	-38.81423544324	"WR*"	11.02	"CD-38 11746"
2345855	"WR  89"	"CD-38 11746"	259.75218000921	-38.81423544324	"WR*"	11.02	"Cl HM    1     1"
2345855	"WR  89"	"CD-38 11746"	259.75218000921	-38.81423544324	"WR*"	11.02	"Cl* HM    1     VB       1"
2345855	"WR  89"	"CD-38 11746"	259.75218000921	-38.81423544324	"WR*"	11.02	"EM* AS  223"
2345855	"WR  89"	"CD-38 11746"	259.75218000921	-38.81423544324	"WR*"	11.02	"Gaia DR2 5972660411778306304"
2345855	"WR  89"	"CD-38 11746"	259.75218000921	-38.81423544324	"WR*"	11.02	"Gaia DR3 5972660411778306304"
2345855	"WR  89"	"CD-38 11746"	259.75218000921	-38.81423544324	"WR*"	11.02	"GEN# -0.03811746"
2345855	"WR  89"	"CD-38 11746"	259.75218000921	-38.81423544324	"WR*"	11.02	"GSC 07870-01155"
2345855	"WR  89"	"CD-38 11746"	259.75218000921	-38.81423544324	"WR*"	11.02	"** HDS 2447A"
2345855	"WR  89"	"CD-38 11746"	259.75218000921	-38.81423544324	"WR*"	11.02	"Hen 3-1371"
2345855	"WR  89"	"CD-38 11746"	259.75218000921	-38.81423544324	"WR*"	11.02	"HIC  84716"
2345855	"WR  89"	"CD-38 11746"	259.75218000921	-38.81423544324	"WR*"	11.02	"HIP 84716"
2345855	"WR  89"	"CD-38 11746"	259.75218000921	-38.81423544324	"WR*"	11.02	"LS 4065"
2345855	"WR  89"	"CD-38 11746"	259.75218000921	-38.81423544324	"WR*"	11.02	"[NRS2013] HM1  1"
2345855	"WR  89"	"CD-38 11746"	259.75218000921	-38.81423544324	"WR*"	11.02	"SSTGLMC G348.7176-00.7825"
2345855	"WR  89"	"CD-38 11746"	259.75218000921	-38.81423544324	"WR*"	11.02	"TIC 193168979"
2345855	"WR  89"	"CD-38 11746"	259.75218000921	-38.81423544324	"WR*"	11.02	"TYC 7870-1155-1"
2345855	"WR  89"	"CD-38 11746"	259.75218000921	-38.81423544324	"WR*"	11.02	"UCAC2  15344984"
2345855	"WR  89"	"CD-38 11746"	259.75218000921	-38.81423544324	"WR*"	11.02	"UCAC4 256-113699"
2345855	"WR  89"	"CD-38 11746"	259.75218000921	-38.81423544324	"WR*"	11.02	"WDS J17190-3849A"
2345855	"WR  89"	"CD-38 11746"	259.75218000921	-38.81423544324	"WR*"	11.02	"WR  89"
2345855	"WR  89"	"CD-38 11746"	259.75218000921	-38.81423544324	"WR*"	11.02	"WRAY 15-1669"
2345856	"WR  87"	"WRAY 15-1666"	259.72031279416	-38.83433520748	"WR*"	11.83	"2MASS J17185287-3850035"
2345856	"WR  87"	"WRAY 15-1666"	259.72031279416	-38.83433520748	"WR*"	11.83	"ALS  4064"
2345856	"WR  87"	"WRAY 15-1666"	259.72031279416	-38.83433520748	"WR*"	11.83	"Cl HM    1     3"
2345856	"WR  87"	"WRAY 15-1666"	259.72031279416	-38.83433520748	"WR*"	11.83	"Cl* HM    1     VB       9"
2345856	"WR  87"	"WRAY 15-1666"	259.72031279416	-38.83433520748	"WR*"	11.83	"CSI-38-17158  2"
2345856	"WR  87"	"WRAY 15-1666"	259.72031279416	-38.83433520748	"WR*"	11.83	"Gaia DR2 5972658869920060544"
2345856	"WR  87"	"WRAY 15-1666"	259.72031279416	-38.83433520748	"WR*"	11.83	"Gaia DR3 5972658869920060544"
2345856	"WR  87"	"WRAY 15-1666"	259.72031279416	-38.83433520748	"WR*"	11.83	"GEN# +6.10131370"
2345856	"WR  87"	"WRAY 15-1666"	259.72031279416	-38.83433520748	"WR*"	11.83	"GSC 07870-01223"
2345856	"WR  87"	"WRAY 15-1666"	259.72031279416	-38.83433520748	"WR*"	11.83	"Hen 3-1370"
2345856	"WR  87"	"WRAY 15-1666"	259.72031279416	-38.83433520748	"WR*"	11.83	"LS 4064"
2345856	"WR  87"	"WRAY 15-1666"	259.72031279416	-38.83433520748	"WR*"	11.83	"[NRS2013] HM1  6"
2345856	"WR  87"	"WRAY 15-1666"	259.72031279416	-38.83433520748	"WR*"	11.83	"SSTGLMC G348.6869-00.7737"
2345856	"WR  87"	"WRAY 15-1666"	259.72031279416	-38.83433520748	"WR*"	11.83	"TIC 193174035"
2345856	"WR  87"	"WRAY 15-1666"	259.72031279416	-38.83433520748	"WR*"	11.83	"UCAC4 256-113640"
2345856	"WR  87"	"WRAY 15-1666"	259.72031279416	-38.83433520748	"WR*"	11.83	"WR  87"
2345856	"WR  87"	"WRAY 15-1666"	259.72031279416	-38.83433520748	"WR*"	11.83	"WRAY 15-1666"
2346411	"WR  91"	"WR  91"	260.09176243038	-38.9467725334	"WR*"	16.2	"2MASS J17202202-3856483"
2346411	"WR  91"	"WR  91"	260.09176243038	-38.9467725334	"WR*"	16.2	"Gaia DR2 5972469577791009152"
2346411	"WR  91"	"WR  91"	260.09176243038	-38.9467725334	"WR*"	16.2	"Gaia DR3 5972469577791009152"
2346411	"WR  91"	"WR  91"	260.09176243038	-38.9467725334	"WR*"	16.2	"SSTGLMC G348.7603-01.0751"
2346411	"WR  91"	"WR  91"	260.09176243038	-38.9467725334	"WR*"	16.2	"TIC 194750160"
2346411	"WR  91"	"WR  91"	260.09176243038	-38.9467725334	"WR*"	16.2	"WR  91"
2361564	"WR  88"	"CPD-33  4347"	259.70718719257	-33.9614967116	"WR*"	12.56	"2MASS J17184971-3357413"
2361564	"WR  88"	"CPD-33  4347"	259.70718719257	-33.9614967116	"WR*"	12.56	"ALS  4068"
2361564	"WR  88"	"CPD-33  4347"	259.70718719257	-33.9614967116	"WR*"	12.56	"CPD-33  4347"
2361564	"WR  88"	"CPD-33  4347"	259.70718719257	-33.9614967116	"WR*"	12.56	"CSI-33-17155  2"
2361564	"WR  88"	"CPD-33  4347"	259.70718719257	-33.9614967116	"WR*"	12.56	"CSI-34-17155"
2361564	"WR  88"	"CPD-33  4347"	259.70718719257	-33.9614967116	"WR*"	12.56	"Gaia DR2 5978784313590016512"
2361564	"WR  88"	"CPD-33  4347"	259.70718719257	-33.9614967116	"WR*"	12.56	"Gaia DR3 5978784313590016512"
2361564	"WR  88"	"CPD-33  4347"	259.70718719257	-33.9614967116	"WR*"	12.56	"LS 4068"
2361564	"WR  88"	"CPD-33  4347"	259.70718719257	-33.9614967116	"WR*"	12.56	"MR  70"
2361564	"WR  88"	"CPD-33  4347"	259.70718719257	-33.9614967116	"WR*"	12.56	"THA 10-13"
2361564	"WR  88"	"CPD-33  4347"	259.70718719257	-33.9614967116	"WR*"	12.56	"TIC 154281012"
2361564	"WR  88"	"CPD-33  4347"	259.70718719257	-33.9614967116	"WR*"	12.56	"UCAC2  17552313"
2361564	"WR  88"	"CPD-33  4347"	259.70718719257	-33.9614967116	"WR*"	12.56	"UCAC4 281-117869"
2361564	"WR  88"	"CPD-33  4347"	259.70718719257	-33.9614967116	"WR*"	12.56	"WR  88"
2361564	"WR  88"	"CPD-33  4347"	259.70718719257	-33.9614967116	"WR*"	12.56	"WRAY 15-1668"
2361573	"WR  86"	"HD 156327"	259.59608905416667	-34.40850856861111	"WR*"	9.32	"2MASS J17182306-3424306"
2361573	"WR  86"	"HD 156327"	259.59608905416667	-34.40850856861111	"WR*"	9.32	"AAVSO 1711-34"
2361573	"WR  86"	"HD 156327"	259.59608905416667	-34.40850856861111	"WR*"	9.32	"ALS  4057"
2361573	"WR  86"	"HD 156327"	259.59608905416667	-34.40850856861111	"WR*"	9.32	"CCDM J17184-3425AB"
2361573	"WR  86"	"HD 156327"	259.59608905416667	-34.40850856861111	"WR*"	9.32	"CD-34 11622"
2361573	"WR  86"	"HD 156327"	259.59608905416667	-34.40850856861111	"WR*"	9.32	"CPC 17  9126"
2361573	"WR  86"	"HD 156327"	259.59608905416667	-34.40850856861111	"WR*"	9.32	"CPD-34  6800"
2361573	"WR  86"	"HD 156327"	259.59608905416667	-34.40850856861111	"WR*"	9.32	"Gaia DR2 5978698590355238912"
2361573	"WR  86"	"HD 156327"	259.59608905416667	-34.40850856861111	"WR*"	9.32	"GEN# +1.00156327"
2361573	"WR  86"	"HD 156327"	259.59608905416667	-34.40850856861111	"WR*"	9.32	"GSC 07370-00511"
2361573	"WR  86"	"HD 156327"	259.59608905416667	-34.40850856861111	"WR*"	9.32	"HD 156327"
2361573	"WR  86"	"HD 156327"	259.59608905416667	-34.40850856861111	"WR*"	9.32	"Hen 3-1368"
2361573	"WR  86"	"HD 156327"	259.59608905416667	-34.40850856861111	"WR*"	9.32	"HIC  84655"
2361573	"WR  86"	"HD 156327"	259.59608905416667	-34.40850856861111	"WR*"	9.32	"HIP 84655"
2361573	"WR  86"	"HD 156327"	259.59608905416667	-34.40850856861111	"WR*"	9.32	"IDS 17118-3418 AB"
2361573	"WR  86"	"HD 156327"	259.59608905416667	-34.40850856861111	"WR*"	9.32	"LS 4057"
2361573	"WR  86"	"HD 156327"	259.59608905416667	-34.40850856861111	"WR*"	9.32	"MR  68"
2361573	"WR  86"	"HD 156327"	259.59608905416667	-34.40850856861111	"WR*"	9.32	"PPM 296171"
2361573	"WR  86"	"HD 156327"	259.59608905416667	-34.40850856861111	"WR*"	9.32	"** RST 3084"
2361573	"WR  86"	"HD 156327"	259.59608905416667	-34.40850856861111	"WR*"	9.32	"SAO 208655"
2361573	"WR  86"	"HD 156327"	259.59608905416667	-34.40850856861111	"WR*"	9.32	"THA 10-11"
2361573	"WR  86"	"HD 156327"	259.59608905416667	-34.40850856861111	"WR*"	9.32	"TIC 153566009"
2361573	"WR  86"	"HD 156327"	259.59608905416667	-34.40850856861111	"WR*"	9.32	"TYC 7370-511-1"
2361573	"WR  86"	"HD 156327"	259.59608905416667	-34.40850856861111	"WR*"	9.32	"UBV   14692"
2361573	"WR  86"	"HD 156327"	259.59608905416667	-34.40850856861111	"WR*"	9.32	"UBV M  22071"
2361573	"WR  86"	"HD 156327"	259.59608905416667	-34.40850856861111	"WR*"	9.32	"UCAC4 278-117561"
2361573	"WR  86"	"HD 156327"	259.59608905416667	-34.40850856861111	"WR*"	9.32	"V* V1035 Sco"
2361573	"WR  86"	"HD 156327"	259.59608905416667	-34.40850856861111	"WR*"	9.32	"WDS J17184-3425AB"
2361573	"WR  86"	"HD 156327"	259.59608905416667	-34.40850856861111	"WR*"	9.32	"WR  86"
2361573	"WR  86"	"HD 156327"	259.59608905416667	-34.40850856861111	"WR*"	9.32	"WRAY 15-1665"
2361652	"WR  93"	"HD 157504"	261.28688871514	-34.18680508838	"WR*"	10.68	"1RXS J172509.3-341117"
2361652	"WR  93"	"HD 157504"	261.28688871514	-34.18680508838	"WR*"	10.68	"2MASS J17250885-3411124"
2361652	"WR  93"	"HD 157504"	261.28688871514	-34.18680508838	"WR*"	10.68	"ALS  4148"
2361652	"WR  93"	"HD 157504"	261.28688871514	-34.18680508838	"WR*"	10.68	"CD-34 11675"
2361652	"WR  93"	"HD 157504"	261.28688871514	-34.18680508838	"WR*"	10.68	"Gaia DR1 5976045567560658560"
2361652	"WR  93"	"HD 157504"	261.28688871514	-34.18680508838	"WR*"	10.68	"Gaia DR2 5976045567560658560"
2361652	"WR  93"	"HD 157504"	261.28688871514	-34.18680508838	"WR*"	10.68	"Gaia DR3 5976045567560658560"
2361652	"WR  93"	"HD 157504"	261.28688871514	-34.18680508838	"WR*"	10.68	"GEN# +1.00157504"
2361652	"WR  93"	"HD 157504"	261.28688871514	-34.18680508838	"WR*"	10.68	"GSC 07383-00162"
2361652	"WR  93"	"HD 157504"	261.28688871514	-34.18680508838	"WR*"	10.68	"HD 157504"
2361652	"WR  93"	"HD 157504"	261.28688871514	-34.18680508838	"WR*"	10.68	"Hen 3-1400"
2361652	"WR  93"	"HD 157504"	261.28688871514	-34.18680508838	"WR*"	10.68	"LS 4148"
2361652	"WR  93"	"HD 157504"	261.28688871514	-34.18680508838	"WR*"	10.68	"MPCM J172508.85-341112.4"
2361652	"WR  93"	"HD 157504"	261.28688871514	-34.18680508838	"WR*"	10.68	"MR  72"
2361652	"WR  93"	"HD 157504"	261.28688871514	-34.18680508838	"WR*"	10.68	"[N78] 52"
2361652	"WR  93"	"HD 157504"	261.28688871514	-34.18680508838	"WR*"	10.68	"SSTGLMA G353.2271+00.8293"
2361652	"WR  93"	"HD 157504"	261.28688871514	-34.18680508838	"WR*"	10.68	"SSTGLMC G353.2271+00.8293"
2361652	"WR  93"	"HD 157504"	261.28688871514	-34.18680508838	"WR*"	10.68	"THA 10-19"
2361652	"WR  93"	"HD 157504"	261.28688871514	-34.18680508838	"WR*"	10.68	"TIC 158893899"
2361652	"WR  93"	"HD 157504"	261.28688871514	-34.18680508838	"WR*"	10.68	"TYC 7383-162-1"
2361652	"WR  93"	"HD 157504"	261.28688871514	-34.18680508838	"WR*"	10.68	"UCAC2  17326990"
2361652	"WR  93"	"HD 157504"	261.28688871514	-34.18680508838	"WR*"	10.68	"UCAC4 280-119394"
2361652	"WR  93"	"HD 157504"	261.28688871514	-34.18680508838	"WR*"	10.68	"uvby98 100157504"
2361652	"WR  93"	"HD 157504"	261.28688871514	-34.18680508838	"WR*"	10.68	"WR  93"
2361652	"WR  93"	"HD 157504"	261.28688871514	-34.18680508838	"WR*"	10.68	"WRAY 15-1705"
2361652	"WR  93"	"HD 157504"	261.28688871514	-34.18680508838	"WR*"	10.68	"[WTF2007] 747"
2361652	"WR  93"	"HD 157504"	261.28688871514	-34.18680508838	"WR*"	10.68	"XMMSL1 J172507.6-341110"
2363759	"WR  94"	"HD 158860"	263.27944608215995	-33.639859857519994	"WR*"	10.69	"2MASS J17330707-3338232"
2363759	"WR  94"	"HD 158860"	263.27944608215995	-33.639859857519994	"WR*"	10.69	"ALS  4208"
2363759	"WR  94"	"HD 158860"	263.27944608215995	-33.639859857519994	"WR*"	10.69	"CD-33 12168"
2363759	"WR  94"	"HD 158860"	263.27944608215995	-33.639859857519994	"WR*"	10.69	"Gaia DR1 4054408445497438080"
2363759	"WR  94"	"HD 158860"	263.27944608215995	-33.639859857519994	"WR*"	10.69	"Gaia DR2 4054408445497438080"
2363759	"WR  94"	"HD 158860"	263.27944608215995	-33.639859857519994	"WR*"	10.69	"Gaia DR3 4054408445497438080"
2363759	"WR  94"	"HD 158860"	263.27944608215995	-33.639859857519994	"WR*"	10.69	"GSC 07380-00394"
2363759	"WR  94"	"HD 158860"	263.27944608215995	-33.639859857519994	"WR*"	10.69	"HD 158860"
2363759	"WR  94"	"HD 158860"	263.27944608215995	-33.639859857519994	"WR*"	10.69	"Hen 3-1420"
2363759	"WR  94"	"HD 158860"	263.27944608215995	-33.639859857519994	"WR*"	10.69	"LS 4208"
2363759	"WR  94"	"HD 158860"	263.27944608215995	-33.639859857519994	"WR*"	10.69	"MR  73"
2363759	"WR  94"	"HD 158860"	263.27944608215995	-33.639859857519994	"WR*"	10.69	"THA 10-27"
2363759	"WR  94"	"HD 158860"	263.27944608215995	-33.639859857519994	"WR*"	10.69	"TIC 101077204"
2363759	"WR  94"	"HD 158860"	263.27944608215995	-33.639859857519994	"WR*"	10.69	"TYC 7380-394-1"
2363759	"WR  94"	"HD 158860"	263.27944608215995	-33.639859857519994	"WR*"	10.69	"UCAC2  17555890"
2363759	"WR  94"	"HD 158860"	263.27944608215995	-33.639859857519994	"WR*"	10.69	"UCAC4 282-118910"
2363759	"WR  94"	"HD 158860"	263.27944608215995	-33.639859857519994	"WR*"	10.69	"WR  94"
2363759	"WR  94"	"HD 158860"	263.27944608215995	-33.639859857519994	"WR*"	10.69	"WRAY 15-1724"
2363770	"WR  97"	"HD 320102"	264.22343031099	-34.04354956239	"WR*"	10.72	"1RXS J173654.1-340235"
2363770	"WR  97"	"HD 320102"	264.22343031099	-34.04354956239	"WR*"	10.72	"2E 1733.5-3400"
2363770	"WR  97"	"HD 320102"	264.22343031099	-34.04354956239	"WR*"	10.72	"2E  3925"
2363770	"WR  97"	"HD 320102"	264.22343031099	-34.04354956239	"WR*"	10.72	"2MASS J17365361-3402367"
2363770	"WR  97"	"HD 320102"	264.22343031099	-34.04354956239	"WR*"	10.72	"ALS  4275"
2363770	"WR  97"	"HD 320102"	264.22343031099	-34.04354956239	"WR*"	10.72	"CD-33 12259"
2363770	"WR  97"	"HD 320102"	264.22343031099	-34.04354956239	"WR*"	10.72	"CPD-33  4477"
2363770	"WR  97"	"HD 320102"	264.22343031099	-34.04354956239	"WR*"	10.72	"Gaia DR1 4053667752619557760"
2363770	"WR  97"	"HD 320102"	264.22343031099	-34.04354956239	"WR*"	10.72	"Gaia DR2 4053667756967584128"
2363770	"WR  97"	"HD 320102"	264.22343031099	-34.04354956239	"WR*"	10.72	"Gaia DR3 4053667756967584128"
2363770	"WR  97"	"HD 320102"	264.22343031099	-34.04354956239	"WR*"	10.72	"HD 320102"
2363770	"WR  97"	"HD 320102"	264.22343031099	-34.04354956239	"WR*"	10.72	"Hen 3-1439"
2363770	"WR  97"	"HD 320102"	264.22343031099	-34.04354956239	"WR*"	10.72	"HIC  86197"
2363770	"WR  97"	"HD 320102"	264.22343031099	-34.04354956239	"WR*"	10.72	"HIP 86197"
2363770	"WR  97"	"HD 320102"	264.22343031099	-34.04354956239	"WR*"	10.72	"LS 4275"
2363770	"WR  97"	"HD 320102"	264.22343031099	-34.04354956239	"WR*"	10.72	"[M51] 102"
2363770	"WR  97"	"HD 320102"	264.22343031099	-34.04354956239	"WR*"	10.72	"MR  75"
2363770	"WR  97"	"HD 320102"	264.22343031099	-34.04354956239	"WR*"	10.72	"PPM 748915"
2363770	"WR  97"	"HD 320102"	264.22343031099	-34.04354956239	"WR*"	10.72	"SBC9 2391"
2363770	"WR  97"	"HD 320102"	264.22343031099	-34.04354956239	"WR*"	10.72	"SSTGLMC G354.6819-01.1237"
2363770	"WR  97"	"HD 320102"	264.22343031099	-34.04354956239	"WR*"	10.72	"TIC 104808753"
2363770	"WR  97"	"HD 320102"	264.22343031099	-34.04354956239	"WR*"	10.72	"TYC 7384-624-1"
2363770	"WR  97"	"HD 320102"	264.22343031099	-34.04354956239	"WR*"	10.72	"UCAC4 280-122979"
2363770	"WR  97"	"HD 320102"	264.22343031099	-34.04354956239	"WR*"	10.72	"WR  97"
2363770	"WR  97"	"HD 320102"	264.22343031099	-34.04354956239	"WR*"	10.72	"WRAY 15-1739"
2364890	"WR  93b"	"WR  93b"	263.01378611972	-35.07572780579	"WR*"		"2MASS J17320330-3504323"
2364890	"WR  93b"	"WR  93b"	263.01378611972	-35.07572780579	"WR*"		"Gaia DR2 5975043607541238016"
2364890	"WR  93b"	"WR  93b"	263.01378611972	-35.07572780579	"WR*"		"Gaia DR3 5975043607541238016"
2364890	"WR  93b"	"WR  93b"	263.01378611972	-35.07572780579	"WR*"		"SSTGLMC G353.2744-00.8460"
2364890	"WR  93b"	"WR  93b"	263.01378611972	-35.07572780579	"WR*"		"TIC 99917189"
2364890	"WR  93b"	"WR  93b"	263.01378611972	-35.07572780579	"WR*"		"WR  93b"
2369379	"WR 109"	"WR 109"	271.96207193087	-35.17364408397	"WR*"		"2MASS J18075089-3510251"
2369379	"WR 109"	"WR 109"	271.96207193087	-35.17364408397	"WR*"		"AAVSO 1801-35"
2369379	"WR 109"	"WR 109"	271.96207193087	-35.17364408397	"WR*"		"Gaia DR2 4038875335491155328"
2369379	"WR 109"	"WR 109"	271.96207193087	-35.17364408397	"WR*"		"Gaia DR3 4038875335491155328"
2369379	"WR 109"	"WR 109"	271.96207193087	-35.17364408397	"WR*"		"SV* HV  7202"
2369379	"WR 109"	"WR 109"	271.96207193087	-35.17364408397	"WR*"		"TIC 55833822"
2369379	"WR 109"	"WR 109"	271.96207193087	-35.17364408397	"WR*"		"V* V617 Sgr"
2369379	"WR 109"	"WR 109"	271.96207193087	-35.17364408397	"WR*"		"WR 109"
2382480	"WR  95"	"MR  74"	264.0828970906899	-33.43674218454001	"WR*"	13.18	"2MASS J17361991-3326124"
2382480	"WR  95"	"MR  74"	264.0828970906899	-33.43674218454001	"WR*"	13.18	"ALS  4261"
2382480	"WR  95"	"MR  74"	264.0828970906899	-33.43674218454001	"WR*"	13.18	"Cl Trumpler   27    28"
2382480	"WR  95"	"MR  74"	264.0828970906899	-33.43674218454001	"WR*"	13.18	"CSI-33-17330  4"
2382480	"WR  95"	"MR  74"	264.0828970906899	-33.43674218454001	"WR*"	13.18	"Gaia DR2 4053759222599074048"
2382480	"WR  95"	"MR  74"	264.0828970906899	-33.43674218454001	"WR*"	13.18	"Gaia DR3 4053759222599074048"
2382480	"WR  95"	"MR  74"	264.0828970906899	-33.43674218454001	"WR*"	13.18	"GEN# +4.35270028"
2382480	"WR  95"	"MR  74"	264.0828970906899	-33.43674218454001	"WR*"	13.18	"Hen 3-1434"
2382480	"WR  95"	"MR  74"	264.0828970906899	-33.43674218454001	"WR*"	13.18	"IRAS 17331-3324"
2382480	"WR  95"	"MR  74"	264.0828970906899	-33.43674218454001	"WR*"	13.18	"LS 4261"
2382480	"WR  95"	"MR  74"	264.0828970906899	-33.43674218454001	"WR*"	13.18	"MR  74"
2382480	"WR  95"	"MR  74"	264.0828970906899	-33.43674218454001	"WR*"	13.18	"PK 355-00  1"
2382480	"WR  95"	"MR  74"	264.0828970906899	-33.43674218454001	"WR*"	13.18	"[RHI84]  9-559"
2382480	"WR  95"	"MR  74"	264.0828970906899	-33.43674218454001	"WR*"	13.18	"TIC 104135656"
2382480	"WR  95"	"MR  74"	264.0828970906899	-33.43674218454001	"WR*"	13.18	"UCAC4 283-126040"
2382480	"WR  95"	"MR  74"	264.0828970906899	-33.43674218454001	"WR*"	13.18	"WR  95"
2382480	"WR  95"	"MR  74"	264.0828970906899	-33.43674218454001	"WR*"	13.18	"WRAY 16-292"
2382497	"WR  98"	"HD 318016"	264.30726531132	-33.465559237300006	"WR*"	11.81	"2MASS J17371374-3327559"
2382497	"WR  98"	"HD 318016"	264.30726531132	-33.465559237300006	"WR*"	11.81	"ALS  4282"
2382497	"WR  98"	"HD 318016"	264.30726531132	-33.465559237300006	"WR*"	11.81	"Cl Trumpler   27   105"
2382497	"WR  98"	"HD 318016"	264.30726531132	-33.465559237300006	"WR*"	11.81	"CSI-33-17339  2"
2382497	"WR  98"	"HD 318016"	264.30726531132	-33.465559237300006	"WR*"	11.81	"Gaia DR1 4053745096390613376"
2382497	"WR  98"	"HD 318016"	264.30726531132	-33.465559237300006	"WR*"	11.81	"Gaia DR2 4053745100746865152"
2382497	"WR  98"	"HD 318016"	264.30726531132	-33.465559237300006	"WR*"	11.81	"Gaia DR3 4053745100746865152"
2382497	"WR  98"	"HD 318016"	264.30726531132	-33.465559237300006	"WR*"	11.81	"GEN# +4.35270105"
2382497	"WR  98"	"HD 318016"	264.30726531132	-33.465559237300006	"WR*"	11.81	"GSC 07380-00192"
2382497	"WR  98"	"HD 318016"	264.30726531132	-33.465559237300006	"WR*"	11.81	"HD 318016"
2382497	"WR  98"	"HD 318016"	264.30726531132	-33.465559237300006	"WR*"	11.81	"Hen 3-1441"
2382497	"WR  98"	"HD 318016"	264.30726531132	-33.465559237300006	"WR*"	11.81	"LS 4282"
2382497	"WR  98"	"HD 318016"	264.30726531132	-33.465559237300006	"WR*"	11.81	"MR  76"
2382497	"WR  98"	"HD 318016"	264.30726531132	-33.465559237300006	"WR*"	11.81	"[RHI84]  9-619"
2382497	"WR  98"	"HD 318016"	264.30726531132	-33.465559237300006	"WR*"	11.81	"SBC9 2390"
2382497	"WR  98"	"HD 318016"	264.30726531132	-33.465559237300006	"WR*"	11.81	"SSTGLMC G355.2070-00.8723"
2382497	"WR  98"	"HD 318016"	264.30726531132	-33.465559237300006	"WR*"	11.81	"TIC 104801634"
2382497	"WR  98"	"HD 318016"	264.30726531132	-33.465559237300006	"WR*"	11.81	"TYC 7380-192-1"
2382497	"WR  98"	"HD 318016"	264.30726531132	-33.465559237300006	"WR*"	11.81	"UCAC2  17786549"
2382497	"WR  98"	"HD 318016"	264.30726531132	-33.465559237300006	"WR*"	11.81	"UCAC4 283-126446"
2382497	"WR  98"	"HD 318016"	264.30726531132	-33.465559237300006	"WR*"	11.81	"WR  98"
2382497	"WR  98"	"HD 318016"	264.30726531132	-33.465559237300006	"WR*"	11.81	"WRAY 15-1740"
2382498	"WR  96"	"WRAY 15-1736"	264.10189518058	-32.90873237190001	"WR*"	13.58	"2MASS J17362445-3254314"
2382498	"WR  96"	"WRAY 15-1736"	264.10189518058	-32.90873237190001	"WR*"	13.58	"ALS  4265"
2382498	"WR  96"	"WRAY 15-1736"	264.10189518058	-32.90873237190001	"WR*"	13.58	"CSI-32-17331"
2382498	"WR  96"	"WRAY 15-1736"	264.10189518058	-32.90873237190001	"WR*"	13.58	"DENIS J173624.4-325431"
2382498	"WR  96"	"WRAY 15-1736"	264.10189518058	-32.90873237190001	"WR*"	13.58	"Gaia DR2 4054545815728881536"
2382498	"WR  96"	"WRAY 15-1736"	264.10189518058	-32.90873237190001	"WR*"	13.58	"Gaia DR3 4054545815728881536"
2382498	"WR  96"	"WRAY 15-1736"	264.10189518058	-32.90873237190001	"WR*"	13.58	"Hen 3-1435"
2382498	"WR  96"	"WRAY 15-1736"	264.10189518058	-32.90873237190001	"WR*"	13.58	"IRAS 17331-3252"
2382498	"WR  96"	"WRAY 15-1736"	264.10189518058	-32.90873237190001	"WR*"	13.58	"LS 4265"
2382498	"WR  96"	"WRAY 15-1736"	264.10189518058	-32.90873237190001	"WR*"	13.58	"[RHI84]  9-568"
2382498	"WR  96"	"WRAY 15-1736"	264.10189518058	-32.90873237190001	"WR*"	13.58	"TIC 104269394"
2382498	"WR  96"	"WRAY 15-1736"	264.10189518058	-32.90873237190001	"WR*"	13.58	"UCAC2  18017759"
2382498	"WR  96"	"WRAY 15-1736"	264.10189518058	-32.90873237190001	"WR*"	13.58	"UCAC4 286-129755"
2382498	"WR  96"	"WRAY 15-1736"	264.10189518058	-32.90873237190001	"WR*"	13.58	"WR  96"
2382498	"WR  96"	"WRAY 15-1736"	264.10189518058	-32.90873237190001	"WR*"	13.58	"WRAY 15-1736"
2384862	"WR 101"	"WR 101"	266.2875137163699	-31.837739755439994	"WR*"	14.6	"2MASS J17450900-3150158"
2384862	"WR 101"	"WR 101"	266.2875137163699	-31.837739755439994	"WR*"	14.6	"[A79] 2"
2384862	"WR 101"	"WR 101"	266.2875137163699	-31.837739755439994	"WR*"	14.6	"Gaia DR2 4055791772870099584"
2384862	"WR 101"	"WR 101"	266.2875137163699	-31.837739755439994	"WR*"	14.6	"Gaia DR3 4055791772870099584"
2384862	"WR 101"	"WR 101"	266.2875137163699	-31.837739755439994	"WR*"	14.6	"[RHI84]  9-1025"
2384862	"WR 101"	"WR 101"	266.2875137163699	-31.837739755439994	"WR*"	14.6	"SSTGLMC G357.4708-01.4261"
2384862	"WR 101"	"WR 101"	266.2875137163699	-31.837739755439994	"WR*"	14.6	"TIC 111016298"
2384862	"WR 101"	"WR 101"	266.2875137163699	-31.837739755439994	"WR*"	14.6	"WR 101"
2384931	"WR 100"	"HD 318139"	265.54066946802	-32.55688914917	"WR*"	12.78	"2MASS J17420977-3233246"
2384931	"WR 100"	"HD 318139"	265.54066946802	-32.55688914917	"WR*"	12.78	"ALS  4334"
2384931	"WR 100"	"HD 318139"	265.54066946802	-32.55688914917	"WR*"	12.78	"CSI-32-17389"
2384931	"WR 100"	"HD 318139"	265.54066946802	-32.55688914917	"WR*"	12.78	"Gaia DR2 4054149755376098176"
2384931	"WR 100"	"HD 318139"	265.54066946802	-32.55688914917	"WR*"	12.78	"Gaia DR3 4054149755376098176"
2384931	"WR 100"	"HD 318139"	265.54066946802	-32.55688914917	"WR*"	12.78	"GSC 07381-01214"
2384931	"WR 100"	"HD 318139"	265.54066946802	-32.55688914917	"WR*"	12.78	"HD 318139"
2384931	"WR 100"	"HD 318139"	265.54066946802	-32.55688914917	"WR*"	12.78	"Hen 3-1455"
2384931	"WR 100"	"HD 318139"	265.54066946802	-32.55688914917	"WR*"	12.78	"LS 4334"
2384931	"WR 100"	"HD 318139"	265.54066946802	-32.55688914917	"WR*"	12.78	"MR  77"
2384931	"WR 100"	"HD 318139"	265.54066946802	-32.55688914917	"WR*"	12.78	"[RHI84]  9-918"
2384931	"WR 100"	"HD 318139"	265.54066946802	-32.55688914917	"WR*"	12.78	"SSTGLMC G356.5268-01.2649"
2384931	"WR 100"	"HD 318139"	265.54066946802	-32.55688914917	"WR*"	12.78	"TIC 193309782"
2384931	"WR 100"	"HD 318139"	265.54066946802	-32.55688914917	"WR*"	12.78	"UCAC4 288-135307"
2384931	"WR 100"	"HD 318139"	265.54066946802	-32.55688914917	"WR*"	12.78	"WR 100"
2384931	"WR 100"	"HD 318139"	265.54066946802	-32.55688914917	"WR*"	12.78	"WRAY 15-1758"
2389897	"WR 103"	"HD 164270"	270.42977233152993	-32.71532259140001	"WR*"	8.74	"2MASS J18014314-3242551"
2389897	"WR 103"	"HD 164270"	270.42977233152993	-32.71532259140001	"WR*"	8.74	"AAVSO 1755-32"
2389897	"WR 103"	"HD 164270"	270.42977233152993	-32.71532259140001	"WR*"	8.74	"ALS  4552"
2389897	"WR 103"	"HD 164270"	270.42977233152993	-32.71532259140001	"WR*"	8.74	"CD-32 13623"
2389897	"WR 103"	"HD 164270"	270.42977233152993	-32.71532259140001	"WR*"	8.74	"CPC 17  9635"
2389897	"WR 103"	"HD 164270"	270.42977233152993	-32.71532259140001	"WR*"	8.74	"CPD-32  5041"
2389897	"WR 103"	"HD 164270"	270.42977233152993	-32.71532259140001	"WR*"	8.74	"Gaia DR1 4042922569072923904"
2389897	"WR 103"	"HD 164270"	270.42977233152993	-32.71532259140001	"WR*"	8.74	"Gaia DR2 4042922573453831936"
2389897	"WR 103"	"HD 164270"	270.42977233152993	-32.71532259140001	"WR*"	8.74	"Gaia DR3 4042922573453831936"
2389897	"WR 103"	"HD 164270"	270.42977233152993	-32.71532259140001	"WR*"	8.74	"GEN# +1.00164270"
2389897	"WR 103"	"HD 164270"	270.42977233152993	-32.71532259140001	"WR*"	8.74	"GSC 07395-00031"
2389897	"WR 103"	"HD 164270"	270.42977233152993	-32.71532259140001	"WR*"	8.74	"HD 164270"
2389897	"WR 103"	"HD 164270"	270.42977233152993	-32.71532259140001	"WR*"	8.74	"Hen 3-1555"
2389897	"WR 103"	"HD 164270"	270.42977233152993	-32.71532259140001	"WR*"	8.74	"HIC  88287"
2389897	"WR 103"	"HD 164270"	270.42977233152993	-32.71532259140001	"WR*"	8.74	"HIP 88287"
2389897	"WR 103"	"HD 164270"	270.42977233152993	-32.71532259140001	"WR*"	8.74	"IRAS 17584-3243"
2389897	"WR 103"	"HD 164270"	270.42977233152993	-32.71532259140001	"WR*"	8.74	"LS 4552"
2389897	"WR 103"	"HD 164270"	270.42977233152993	-32.71532259140001	"WR*"	8.74	"MR  79"
2389897	"WR 103"	"HD 164270"	270.42977233152993	-32.71532259140001	"WR*"	8.74	"PPM 297143"
2389897	"WR 103"	"HD 164270"	270.42977233152993	-32.71532259140001	"WR*"	8.74	"SAO 209609"
2389897	"WR 103"	"HD 164270"	270.42977233152993	-32.71532259140001	"WR*"	8.74	"SBC9 1018"
2389897	"WR 103"	"HD 164270"	270.42977233152993	-32.71532259140001	"WR*"	8.74	"TD1 21398"
2389897	"WR 103"	"HD 164270"	270.42977233152993	-32.71532259140001	"WR*"	8.74	"TIC 265405113"
2389897	"WR 103"	"HD 164270"	270.42977233152993	-32.71532259140001	"WR*"	8.74	"TYC 7395-31-1"
2389897	"WR 103"	"HD 164270"	270.42977233152993	-32.71532259140001	"WR*"	8.74	"UCAC2  18028496"
2389897	"WR 103"	"HD 164270"	270.42977233152993	-32.71532259140001	"WR*"	8.74	"UCAC4 287-145285"
2389897	"WR 103"	"HD 164270"	270.42977233152993	-32.71532259140001	"WR*"	8.74	"uvby98 100164270"
2389897	"WR 103"	"HD 164270"	270.42977233152993	-32.71532259140001	"WR*"	8.74	"V* V4072 Sgr"
2389897	"WR 103"	"HD 164270"	270.42977233152993	-32.71532259140001	"WR*"	8.74	"WEB 14921"
2389897	"WR 103"	"HD 164270"	270.42977233152993	-32.71532259140001	"WR*"	8.74	"WR 103"
2389897	"WR 103"	"HD 164270"	270.42977233152993	-32.71532259140001	"WR*"	8.74	"WRAY 15-1823"
2412127	"WR  99"	"WR  99"	264.82612891646994	-28.25234379719	"WR*"		"2MASS J17391827-2815084"
2412127	"WR  99"	"WR  99"	264.82612891646994	-28.25234379719	"WR*"		"[A79] 1"
2412127	"WR  99"	"WR  99"	264.82612891646994	-28.25234379719	"WR*"		"Gaia DR2 4060265200345451776"
2412127	"WR  99"	"WR  99"	264.82612891646994	-28.25234379719	"WR*"		"Gaia DR3 4060265200345451776"
2412127	"WR  99"	"WR  99"	264.82612891646994	-28.25234379719	"WR*"		"PK 359+01  4"
2412127	"WR  99"	"WR  99"	264.82612891646994	-28.25234379719	"WR*"		"PN G359.8+01.5"
2412127	"WR  99"	"WR  99"	264.82612891646994	-28.25234379719	"WR*"		"PN K  6-6"
2412127	"WR  99"	"WR  99"	264.82612891646994	-28.25234379719	"WR*"		"SSTGLMC G359.8511+01.5385"
2412127	"WR  99"	"WR  99"	264.82612891646994	-28.25234379719	"WR*"		"Terz V 2955"
2412127	"WR  99"	"WR  99"	264.82612891646994	-28.25234379719	"WR*"		"TIC 201405792"
2412127	"WR  99"	"WR  99"	264.82612891646994	-28.25234379719	"WR*"		"WR  99"
2412978	"WR 101na"	"GCIRS 21"	266.41759	-29.008569	"WR*"		"[BSD96]  81"
2412978	"WR 101na"	"GCIRS 21"	266.41759	-29.008569	"WR*"		"[CRG2001b] 32"
2412978	"WR 101na"	"GCIRS 21"	266.41759	-29.008569	"WR*"		"GCIRS 21"
2412978	"WR 101na"	"GCIRS 21"	266.41759	-29.008569	"WR*"		"[GKM98] S3-12"
2412978	"WR 101na"	"GCIRS 21"	266.41759	-29.008569	"WR*"		"[GPE2000]  3.70"
2412978	"WR 101na"	"GCIRS 21"	266.41759	-29.008569	"WR*"		"NAME Gal Center IRS 21"
2412978	"WR 101na"	"GCIRS 21"	266.41759	-29.008569	"WR*"		"NAME Sgr A IRS 21"
2412978	"WR 101na"	"GCIRS 21"	266.41759	-29.008569	"WR*"		"[NS2013] 9"
2412978	"WR 101na"	"GCIRS 21"	266.41759	-29.008569	"WR*"		"[OEG99]  33"
2412978	"WR 101na"	"GCIRS 21"	266.41759	-29.008569	"WR*"		"[VES2006] 54"
2412978	"WR 101na"	"GCIRS 21"	266.41759	-29.008569	"WR*"		"WR 101na"
2413490	"WR 102dc"	"WR 102dc"	266.56120833333324	-28.827972222222222	"WR*"		"2MASS J17461471-2849409"
2413490	"WR 102dc"	"WR 102dc"	266.56120833333324	-28.827972222222222	"WR*"		"GCS 3-2"
2413490	"WR 102dc"	"WR 102dc"	266.56120833333324	-28.827972222222222	"WR*"		"GMM  2"
2413490	"WR 102dc"	"WR 102dc"	266.56120833333324	-28.827972222222222	"WR*"		"[HSB2012b] 3"
2413490	"WR 102dc"	"WR 102dc"	266.56120833333324	-28.827972222222222	"WR*"		"[LFG99] QR7"
2413490	"WR 102dc"	"WR 102dc"	266.56120833333324	-28.827972222222222	"WR*"		"LHO 42"
2413490	"WR 102dc"	"WR 102dc"	266.56120833333324	-28.827972222222222	"WR*"		"[LY2004] QX5"
2413490	"WR 102dc"	"WR 102dc"	266.56120833333324	-28.827972222222222	"WR*"		"MGM 5-2"
2413490	"WR 102dc"	"WR 102dc"	266.56120833333324	-28.827972222222222	"WR*"		"[NHS93] 24"
2413490	"WR 102dc"	"WR 102dc"	266.56120833333324	-28.827972222222222	"WR*"		"qF 231"
2413490	"WR 102dc"	"WR 102dc"	266.56120833333324	-28.827972222222222	"WR*"		"TIC 322751976"
2413490	"WR 102dc"	"WR 102dc"	266.56120833333324	-28.827972222222222	"WR*"		"WR 102dc"
2413491	"WR 102dd"	"LHO 84"	266.5615416666666	-28.826166666666666	"WR*"		"2MASS J17461481-2849343"
2413491	"WR 102dd"	"LHO 84"	266.5615416666666	-28.826166666666666	"WR*"		"GCS 3-1"
2413491	"WR 102dd"	"LHO 84"	266.5615416666666	-28.826166666666666	"WR*"		"GMM  4"
2413491	"WR 102dd"	"LHO 84"	266.5615416666666	-28.826166666666666	"WR*"		"[HSB2012b] 4"
2413491	"WR 102dd"	"LHO 84"	266.5615416666666	-28.826166666666666	"WR*"		"LHO 84"
2413491	"WR 102dd"	"LHO 84"	266.5615416666666	-28.826166666666666	"WR*"		"MGM 5-4"
2413491	"WR 102dd"	"LHO 84"	266.5615416666666	-28.826166666666666	"WR*"		"qF 251"
2413491	"WR 102dd"	"LHO 84"	266.5615416666666	-28.826166666666666	"WR*"		"TIC 322751937"
2413491	"WR 102dd"	"LHO 84"	266.5615416666666	-28.826166666666666	"WR*"		"WR 102dd"
2413494	"WR 102db"	"LHO 102"	266.55958333333325	-28.825416666666662	"WR*"		"2MASS J17461431-2849317"
2413494	"WR 102db"	"LHO 102"	266.55958333333325	-28.825416666666662	"WR*"		"GCS 3-3"
2413494	"WR 102db"	"LHO 102"	266.55958333333325	-28.825416666666662	"WR*"		"GMM  9"
2413494	"WR 102db"	"LHO 102"	266.55958333333325	-28.825416666666662	"WR*"		"[HSB2012b] 2"
2413494	"WR 102db"	"LHO 102"	266.55958333333325	-28.825416666666662	"WR*"		"LHO 102"
2413494	"WR 102db"	"LHO 102"	266.55958333333325	-28.825416666666662	"WR*"		"MGM 5-9"
2413494	"WR 102db"	"LHO 102"	266.55958333333325	-28.825416666666662	"WR*"		"qF 258"
2413494	"WR 102db"	"LHO 102"	266.55958333333325	-28.825416666666662	"WR*"		"TIC 322751914"
2413494	"WR 102db"	"LHO 102"	266.55958333333325	-28.825416666666662	"WR*"		"WR 102db"
2413565	"WR 101c"	"[BSD96]  33"	266.41475	-29.009722222222223	"WR*"		"[BSD96]  33"
2413565	"WR 101c"	"[BSD96]  33"	266.41475	-29.009722222222223	"WR*"		"[BSE2009] 44"
2413565	"WR 101c"	"[BSD96]  33"	266.41475	-29.009722222222223	"WR*"		"[DWC2011] 117"
2413565	"WR 101c"	"[BSD96]  33"	266.41475	-29.009722222222223	"WR*"		"[FNS2015] 144"
2413565	"WR 101c"	"[BSD96]  33"	266.41475	-29.009722222222223	"WR*"		"[GPE2000]  9.91"
2413565	"WR 101c"	"[BSD96]  33"	266.41475	-29.009722222222223	"WR*"		"[KGD91] HeI  3"
2413565	"WR 101c"	"[BSD96]  33"	266.41475	-29.009722222222223	"WR*"		"NAME AF Star"
2413565	"WR 101c"	"[BSD96]  33"	266.41475	-29.009722222222223	"WR*"		"NAME AHH Star"
2413565	"WR 101c"	"[BSD96]  33"	266.41475	-29.009722222222223	"WR*"		"NAME Sgr A AHH"
2413565	"WR 101c"	"[BSD96]  33"	266.41475	-29.009722222222223	"WR*"		"[NS2013] 20"
2413565	"WR 101c"	"[BSD96]  33"	266.41475	-29.009722222222223	"WR*"		"[PGM2006] E79"
2413565	"WR 101c"	"[BSD96]  33"	266.41475	-29.009722222222223	"WR*"		"[PMM2001] B7"
2413565	"WR 101c"	"[BSD96]  33"	266.41475	-29.009722222222223	"WR*"		"[SME2009] 1491"
2413565	"WR 101c"	"[BSD96]  33"	266.41475	-29.009722222222223	"WR*"		"[SSR2003] 22"
2413565	"WR 101c"	"[BSD96]  33"	266.41475	-29.009722222222223	"WR*"		"[VES2006] 52"
2413565	"WR 101c"	"[BSD96]  33"	266.41475	-29.009722222222223	"WR*"		"WR 101c"
2413565	"WR 101c"	"[BSD96]  33"	266.41475	-29.009722222222223	"WR*"		"[YRB2014] 7"
2413579	"WR 102ha"	"WR 102ha"	266.566106	-28.829342	"WR*"		"2MASS J17461586-2849456"
2413579	"WR 102ha"	"WR 102ha"	266.566106	-28.829342	"WR*"		"CXOGC J174615.8-284945"
2413579	"WR 102ha"	"WR 102ha"	266.566106	-28.829342	"WR*"		"CXOGC J174615.8-284946"
2413579	"WR 102ha"	"WR 102ha"	266.566106	-28.829342	"WR*"		"CXOGCS J174615.8-284945"
2413579	"WR 102ha"	"WR 102ha"	266.566106	-28.829342	"WR*"		"CXOGCS J174615.85-284945.5"
2413579	"WR 102ha"	"WR 102ha"	266.566106	-28.829342	"WR*"		"GCS  4"
2413579	"WR 102ha"	"WR 102ha"	266.566106	-28.829342	"WR*"		"GMM  3"
2413579	"WR 102ha"	"WR 102ha"	266.566106	-28.829342	"WR*"		"[GSL2002]  66"
2413579	"WR 102ha"	"WR 102ha"	266.566106	-28.829342	"WR*"		"LHO 19"
2413579	"WR 102ha"	"WR 102ha"	266.566106	-28.829342	"WR*"		"[LY2004] QX3"
2413579	"WR 102ha"	"WR 102ha"	266.566106	-28.829342	"WR*"		"MGM 5-3"
2413579	"WR 102ha"	"WR 102ha"	266.566106	-28.829342	"WR*"		"[NHS93] 26"
2413579	"WR 102ha"	"WR 102ha"	266.566106	-28.829342	"WR*"		"qF 211"
2413579	"WR 102ha"	"WR 102ha"	266.566106	-28.829342	"WR*"		"TIC 322752014"
2413579	"WR 102ha"	"WR 102ha"	266.566106	-28.829342	"WR*"		"[WDL2006] 217"
2413579	"WR 102ha"	"WR 102ha"	266.566106	-28.829342	"WR*"		"WR 102ha"
2413692	"WR 102ea"	"LHO 71"	266.56299999999993	-28.826916666666673	"WR*"		"[DWC2011] 6"
2413692	"WR 102ea"	"LHO 71"	266.56299999999993	-28.826916666666673	"WR*"		"GMM 10"
2413692	"WR 102ea"	"LHO 71"	266.56299999999993	-28.826916666666673	"WR*"		"[HSB2012b] 5"
2413692	"WR 102ea"	"LHO 71"	266.56299999999993	-28.826916666666673	"WR*"		"[LFG99] QR5"
2413692	"WR 102ea"	"LHO 71"	266.56299999999993	-28.826916666666673	"WR*"		"LHO 71"
2413692	"WR 102ea"	"LHO 71"	266.56299999999993	-28.826916666666673	"WR*"		"MGM 5-10"
2413692	"WR 102ea"	"LHO 71"	266.56299999999993	-28.826916666666673	"WR*"		"[NWS90] F"
2413692	"WR 102ea"	"LHO 71"	266.56299999999993	-28.826916666666673	"WR*"		"qF 241"
2413692	"WR 102ea"	"LHO 71"	266.56299999999993	-28.826916666666673	"WR*"		"WR 102ea"
2413994	"WR 101l"	"GCIRS 16C"	266.41716666666673	-29.00766666666667	"WR*"		"[BSD96]  74"
2413994	"WR 101l"	"GCIRS 16C"	266.41716666666673	-29.00766666666667	"WR*"		"[BSE2009] 7"
2413994	"WR 101l"	"GCIRS 16C"	266.41716666666673	-29.00766666666667	"WR*"		"[CRG2001b] 18"
2413994	"WR 101l"	"GCIRS 16C"	266.41716666666673	-29.00766666666667	"WR*"		"[DWC2011] 129"
2413994	"WR 101l"	"GCIRS 16C"	266.41716666666673	-29.00766666666667	"WR*"		"[EG97] S96"
2413994	"WR 101l"	"GCIRS 16C"	266.41716666666673	-29.00766666666667	"WR*"		"[FNS2015] 260"
2413994	"WR 101l"	"GCIRS 16C"	266.41716666666673	-29.00766666666667	"WR*"		"GCIRS 16C"
2413994	"WR 101l"	"GCIRS 16C"	266.41716666666673	-29.00766666666667	"WR*"		"[GKM98] S1-11"
2413994	"WR 101l"	"GCIRS 16C"	266.41716666666673	-29.00766666666667	"WR*"		"[GPE2000]  1.29"
2413994	"WR 101l"	"GCIRS 16C"	266.41716666666673	-29.00766666666667	"WR*"		"NAME Gal Center IRS 16C"
2413994	"WR 101l"	"GCIRS 16C"	266.41716666666673	-29.00766666666667	"WR*"		"NAME Sgr A IRS 16C"
2413994	"WR 101l"	"GCIRS 16C"	266.41716666666673	-29.00766666666667	"WR*"		"[NS2013] 2"
2413994	"WR 101l"	"GCIRS 16C"	266.41716666666673	-29.00766666666667	"WR*"		"[OEG99]   8"
2413994	"WR 101l"	"GCIRS 16C"	266.41716666666673	-29.00766666666667	"WR*"		"[PGM2006] E20"
2413994	"WR 101l"	"GCIRS 16C"	266.41716666666673	-29.00766666666667	"WR*"		"[PMM2001] N2"
2413994	"WR 101l"	"GCIRS 16C"	266.41716666666673	-29.00766666666667	"WR*"		"[SSR2003]  1"
2413994	"WR 101l"	"GCIRS 16C"	266.41716666666673	-29.00766666666667	"WR*"		"WR 101l"
2413994	"WR 101l"	"GCIRS 16C"	266.41716666666673	-29.00766666666667	"WR*"		"[YRB2014] 1"
2414144	"WR 101d"	"GCIRS  6E"	266.4151333333333	-29.0075138888889	"WR*"		"[BSD96]  38"
2414144	"WR 101d"	"GCIRS  6E"	266.4151333333333	-29.0075138888889	"WR*"		"[BSE2009] 68"
2414144	"WR 101d"	"GCIRS  6E"	266.4151333333333	-29.0075138888889	"WR*"		"[CRG2001b] 15"
2414144	"WR 101d"	"GCIRS  6E"	266.4151333333333	-29.0075138888889	"WR*"		"GCIRS  6E"
2414144	"WR 101d"	"GCIRS  6E"	266.4151333333333	-29.0075138888889	"WR*"		"NAME Galactic Center IRS 6E"
2414144	"WR 101d"	"GCIRS  6E"	266.4151333333333	-29.0075138888889	"WR*"		"NAME Gal Center IRS 6E"
2414144	"WR 101d"	"GCIRS  6E"	266.4151333333333	-29.0075138888889	"WR*"		"NAME GC IRS 6E"
2414144	"WR 101d"	"GCIRS  6E"	266.4151333333333	-29.0075138888889	"WR*"		"NAME Sgr A IRS 6E"
2414144	"WR 101d"	"GCIRS  6E"	266.4151333333333	-29.0075138888889	"WR*"		"[NS2013] 11"
2414144	"WR 101d"	"GCIRS  6E"	266.4151333333333	-29.0075138888889	"WR*"		"[OEG99]   7"
2414144	"WR 101d"	"GCIRS  6E"	266.4151333333333	-29.0075138888889	"WR*"		"[VES2006] 23"
2414144	"WR 101d"	"GCIRS  6E"	266.4151333333333	-29.0075138888889	"WR*"		"WR 101d"
2414146	"WR 101og"	"GCIRS 10W"	266.4188772	-29.0063891	"*"		"[BSD96]  94"
2414146	"WR 101og"	"GCIRS 10W"	266.4188772	-29.0063891	"*"		"[CRG2001b]  3"
2414146	"WR 101og"	"GCIRS 10W"	266.4188772	-29.0063891	"*"		"[FNS2015] 88"
2414146	"WR 101og"	"GCIRS 10W"	266.4188772	-29.0063891	"*"		"GCIRS 10W"
2414146	"WR 101og"	"GCIRS 10W"	266.4188772	-29.0063891	"*"		"NAME Gal Center IRS 10W"
2414146	"WR 101og"	"GCIRS 10W"	266.4188772	-29.0063891	"*"		"[NS2013] 15"
2414146	"WR 101og"	"GCIRS 10W"	266.4188772	-29.0063891	"*"		"[OEG99]  35"
2414146	"WR 101og"	"GCIRS 10W"	266.4188772	-29.0063891	"*"		"[VES2006] 35"
2414146	"WR 101og"	"GCIRS 10W"	266.4188772	-29.0063891	"*"		"WR 101og"
2414152	"WR 101oe"	"GCIRS  1W"	266.418508	-29.007642	"Em*"		"BHA 19"
2414152	"WR 101oe"	"GCIRS  1W"	266.418508	-29.007642	"Em*"		"[BSD96]  92"
2414152	"WR 101oe"	"GCIRS  1W"	266.418508	-29.007642	"Em*"		"[CRG2001b] 16"
2414152	"WR 101oe"	"GCIRS  1W"	266.418508	-29.007642	"Em*"		"[FNS2015] 25347"
2414152	"WR 101oe"	"GCIRS  1W"	266.418508	-29.007642	"Em*"		"GCIRS  1W"
2414152	"WR 101oe"	"GCIRS  1W"	266.418508	-29.007642	"Em*"		"[GSL2002]  57"
2414152	"WR 101oe"	"GCIRS  1W"	266.418508	-29.007642	"Em*"		"[KGD91] HeI 14"
2414152	"WR 101oe"	"GCIRS  1W"	266.418508	-29.007642	"Em*"		"NAME Gal Center IRS 1W"
2414152	"WR 101oe"	"GCIRS  1W"	266.418508	-29.007642	"Em*"		"NAME Gal Center IRS 1W HII"
2414152	"WR 101oe"	"GCIRS  1W"	266.418508	-29.007642	"Em*"		"NAME Sgr A IRS 1W"
2414152	"WR 101oe"	"GCIRS  1W"	266.418508	-29.007642	"Em*"		"[OEG99]   5"
2414152	"WR 101oe"	"GCIRS  1W"	266.418508	-29.007642	"Em*"		"[PGM2006] E63"
2414152	"WR 101oe"	"GCIRS  1W"	266.418508	-29.007642	"Em*"		"[VES2006]  1"
2414152	"WR 101oe"	"GCIRS  1W"	266.418508	-29.007642	"Em*"		"WR 101oe"
2414537	"WR 102e"	"WR 102e"	266.5617083333333	-28.833499999999997	"WR*"		"2MASS J17461481-2850005"
2414537	"WR 102e"	"WR 102e"	266.5617083333333	-28.833499999999997	"WR*"		"[DWC2011] 73"
2414537	"WR 102e"	"WR 102e"	266.5617083333333	-28.833499999999997	"WR*"		"[FMG99] 7"
2414537	"WR 102e"	"WR 102e"	266.5617083333333	-28.833499999999997	"WR*"		"qF 151"
2414537	"WR 102e"	"WR 102e"	266.5617083333333	-28.833499999999997	"WR*"		"TIC 322752122"
2414537	"WR 102e"	"WR 102e"	266.5617083333333	-28.833499999999997	"WR*"		"UGPS J174614.81-285000.5"
2414537	"WR 102e"	"WR 102e"	266.5617083333333	-28.833499999999997	"WR*"		"WR 102e"
2414538	"WR 102da"	"LHO 75"	266.5587916666666	-28.826861111111114	"WR*"		"2MASS J17461412-2849366"
2414538	"WR 102da"	"LHO 75"	266.5587916666666	-28.826861111111114	"WR*"		"GCS 3-4"
2414538	"WR 102da"	"LHO 75"	266.5587916666666	-28.826861111111114	"WR*"		"GMM  1"
2414538	"WR 102da"	"LHO 75"	266.5587916666666	-28.826861111111114	"WR*"		"[HSB2012b] 1"
2414538	"WR 102da"	"LHO 75"	266.5587916666666	-28.826861111111114	"WR*"		"LHO 75"
2414538	"WR 102da"	"LHO 75"	266.5587916666666	-28.826861111111114	"WR*"		"MGM 5-1"
2414538	"WR 102da"	"LHO 75"	266.5587916666666	-28.826861111111114	"WR*"		"qF 243"
2414538	"WR 102da"	"LHO 75"	266.5587916666666	-28.826861111111114	"WR*"		"TIC 322751947"
2414538	"WR 102da"	"LHO 75"	266.5587916666666	-28.826861111111114	"WR*"		"WR 102da"
2414609	"WR 102hb"	"LHO 67"	266.56641666666667	-28.827236111111112	"WR*"		"2MASS J17461593-2849380"
2414609	"WR 102hb"	"LHO 67"	266.56641666666667	-28.827236111111112	"WR*"		"[DWC2011] 7"
2414609	"WR 102hb"	"LHO 67"	266.56641666666667	-28.827236111111112	"WR*"		"GMM  8"
2414609	"WR 102hb"	"LHO 67"	266.56641666666667	-28.827236111111112	"WR*"		"[HSB2012b] 6"
2414609	"WR 102hb"	"LHO 67"	266.56641666666667	-28.827236111111112	"WR*"		"LHO 67"
2414609	"WR 102hb"	"LHO 67"	266.56641666666667	-28.827236111111112	"WR*"		"MGM 5-8"
2414609	"WR 102hb"	"LHO 67"	266.56641666666667	-28.827236111111112	"WR*"		"qF 240"
2414609	"WR 102hb"	"LHO 67"	266.56641666666667	-28.827236111111112	"WR*"		"TIC 322751959"
2414609	"WR 102hb"	"LHO 67"	266.56641666666667	-28.827236111111112	"WR*"		"WR 102hb"
2414611	"WR 102df"	"GMM 15"	266.56287499999996	-28.824833333333327	"s*b"		"[DWC2011] 8"
2414611	"WR 102df"	"GMM 15"	266.56287499999996	-28.824833333333327	"s*b"		"GMM 15"
2414611	"WR 102df"	"GMM 15"	266.56287499999996	-28.824833333333327	"s*b"		"[HSB2012b] 8"
2414611	"WR 102df"	"GMM 15"	266.56287499999996	-28.824833333333327	"s*b"		"[LFG99] QR4"
2414611	"WR 102df"	"GMM 15"	266.56287499999996	-28.824833333333327	"s*b"		"LHO 110"
2414611	"WR 102df"	"GMM 15"	266.56287499999996	-28.824833333333327	"s*b"		"MGM 5-15"
2414611	"WR 102df"	"GMM 15"	266.56287499999996	-28.824833333333327	"s*b"		"[NWS90] C"
2414611	"WR 102df"	"GMM 15"	266.56287499999996	-28.824833333333327	"s*b"		"qF 270S"
2414611	"WR 102df"	"GMM 15"	266.56287499999996	-28.824833333333327	"s*b"		"WR 102df"
2414641	"WR 102a"	"WR 102a"	266.45237499999996	-28.834916666666675	"WR*"		"[CSE99] 174238.0-284856"
2414641	"WR 102a"	"WR 102a"	266.45237499999996	-28.834916666666675	"WR*"		"[DWC2011] 96"
2414641	"WR 102a"	"WR 102a"	266.45237499999996	-28.834916666666675	"WR*"		"WR 102a"
2414797	"WR 102i"	"WR 102i"	266.56891666666667	-28.825555555555557	"WR*"		"2MASS J17461654-2849319"
2414797	"WR 102i"	"WR 102i"	266.56891666666667	-28.825555555555557	"WR*"		"[DWC2011] 11"
2414797	"WR 102i"	"WR 102i"	266.56891666666667	-28.825555555555557	"WR*"		"[GMC99] D215"
2414797	"WR 102i"	"WR 102i"	266.56891666666667	-28.825555555555557	"WR*"		"LHO 99"
2414797	"WR 102i"	"WR 102i"	266.56891666666667	-28.825555555555557	"WR*"		"qF 256"
2414797	"WR 102i"	"WR 102i"	266.56891666666667	-28.825555555555557	"WR*"		"TIC 322751915"
2414797	"WR 102i"	"WR 102i"	266.56891666666667	-28.825555555555557	"WR*"		"WR 102i"
2414833	"WR 102k"	"WR 102k"	266.57295833333336	-28.821805555555553	"WR*"		"[DWC2011] 60"
2414833	"WR 102k"	"WR 102k"	266.57295833333336	-28.821805555555553	"WR*"		"qF 309"
2414833	"WR 102k"	"WR 102k"	266.57295833333336	-28.821805555555553	"WR*"		"WR 102k"
2414836	"WR 102c"	"WR 102c"	266.54641666666663	-28.81830555555556	"WR*"		"[DWC2011] 64"
2414836	"WR 102c"	"WR 102c"	266.54641666666663	-28.81830555555556	"WR*"		"qF 353E"
2414836	"WR 102c"	"WR 102c"	266.54641666666663	-28.81830555555556	"WR*"		"WR 102c"
2414840	"WR 102j"	"WR 102j"	266.57304166666665	-28.82472222222222	"WR*"		"2MASS J17461752-2849290"
2414840	"WR 102j"	"WR 102j"	266.57304166666665	-28.82472222222222	"WR*"		"[CEC96] Source B"
2414840	"WR 102j"	"WR 102j"	266.57304166666665	-28.82472222222222	"WR*"		"[DWC2011] 59"
2414840	"WR 102j"	"WR 102j"	266.57304166666665	-28.82472222222222	"WR*"		"qF 274"
2414840	"WR 102j"	"WR 102j"	266.57304166666665	-28.82472222222222	"WR*"		"TIC 322751892"
2414840	"WR 102j"	"WR 102j"	266.57304166666665	-28.82472222222222	"WR*"		"WR 102j"
2414855	"WR 102g"	"WR 102g"	266.56325	-28.82822222222222	"WR*"		"[DWC2011] 12"
2414855	"WR 102g"	"WR 102g"	266.56325	-28.82822222222222	"WR*"		"[FMG99] 1"
2414855	"WR 102g"	"WR 102g"	266.56325	-28.82822222222222	"WR*"		"[HSB2012b] 19"
2414855	"WR 102g"	"WR 102g"	266.56325	-28.82822222222222	"WR*"		"LHO 34"
2414855	"WR 102g"	"WR 102g"	266.56325	-28.82822222222222	"WR*"		"qF 235S"
2414855	"WR 102g"	"WR 102g"	266.56325	-28.82822222222222	"WR*"		"WR 102g"
2414856	"WR 102f"	"WR 102f"	266.5631666666666	-28.827611111111114	"WR*"		"[DWC2011] 13"
2414856	"WR 102f"	"WR 102f"	266.5631666666666	-28.827611111111114	"WR*"		"[FMG99] 2"
2414856	"WR 102f"	"WR 102f"	266.5631666666666	-28.827611111111114	"WR*"		"LHO 47"
2414856	"WR 102f"	"WR 102f"	266.5631666666666	-28.827611111111114	"WR*"		"qF 235N"
2414856	"WR 102f"	"WR 102f"	266.5631666666666	-28.827611111111114	"WR*"		"WR 102f"
2415602	"WR 101b"	"[BSD96]  29"	266.4144166666666	-29.00880555555556	"WR*"		"[BSD96]  29"
2415602	"WR 101b"	"[BSD96]  29"	266.4144166666666	-29.00880555555556	"WR*"		"CXOGC J174539.4-290031"
2415602	"WR 101b"	"[BSD96]  29"	266.4144166666666	-29.00880555555556	"WR*"		"[DWC2011] 118"
2415602	"WR 101b"	"[BSD96]  29"	266.4144166666666	-29.00880555555556	"WR*"		"[FNS2015] 452"
2415602	"WR 101b"	"[BSD96]  29"	266.4144166666666	-29.00880555555556	"WR*"		"[GPE2000]  8.34"
2415602	"WR 101b"	"[BSD96]  29"	266.4144166666666	-29.00880555555556	"WR*"		"[KGD91] HeI  2"
2415602	"WR 101b"	"[BSD96]  29"	266.4144166666666	-29.00880555555556	"WR*"		"NAME AF NW"
2415602	"WR 101b"	"[BSD96]  29"	266.4144166666666	-29.00880555555556	"WR*"		"NAME AHH NW"
2415602	"WR 101b"	"[BSD96]  29"	266.4144166666666	-29.00880555555556	"WR*"		"[PGM2006] E74"
2415602	"WR 101b"	"[BSD96]  29"	266.4144166666666	-29.00880555555556	"WR*"		"[PMM2001] B8"
2415602	"WR 101b"	"[BSD96]  29"	266.4144166666666	-29.00880555555556	"WR*"		"[SME2009] 1207"
2415602	"WR 101b"	"[BSD96]  29"	266.4144166666666	-29.00880555555556	"WR*"		"[SSR2003] 19"
2415602	"WR 101b"	"[BSD96]  29"	266.4144166666666	-29.00880555555556	"WR*"		"WR 101b"
2415602	"WR 101b"	"[BSD96]  29"	266.4144166666666	-29.00880555555556	"WR*"		"[YRB2014] 8"
2415603	"WR 101e"	"GCIRS  7W"	266.41608333333335	-29.006166666666665	"WR*"		"[CRG2001b]  4"
2415603	"WR 101e"	"GCIRS  7W"	266.41608333333335	-29.006166666666665	"WR*"		"[DWC2011] 128"
2415603	"WR 101e"	"GCIRS  7W"	266.41608333333335	-29.006166666666665	"WR*"		"[FNS2015] 1703"
2415603	"WR 101e"	"GCIRS  7W"	266.41608333333335	-29.006166666666665	"WR*"		"GCIRS  7W"
2415603	"WR 101e"	"GCIRS  7W"	266.41608333333335	-29.006166666666665	"WR*"		"[GPE2000]  6.35"
2415603	"WR 101e"	"GCIRS  7W"	266.41608333333335	-29.006166666666665	"WR*"		"[KGD91] HeI  5"
2415603	"WR 101e"	"GCIRS  7W"	266.41608333333335	-29.006166666666665	"WR*"		"NAME Gal Center IRS 7W"
2415603	"WR 101e"	"GCIRS  7W"	266.41608333333335	-29.006166666666665	"WR*"		"NAME Sgr A IRS 7W"
2415603	"WR 101e"	"GCIRS  7W"	266.41608333333335	-29.006166666666665	"WR*"		"[PGM2006] E68"
2415603	"WR 101e"	"GCIRS  7W"	266.41608333333335	-29.006166666666665	"WR*"		"[PMM2001] B6"
2415603	"WR 101e"	"GCIRS  7W"	266.41608333333335	-29.006166666666665	"WR*"		"[SME2009] 704"
2415603	"WR 101e"	"GCIRS  7W"	266.41608333333335	-29.006166666666665	"WR*"		"[SSR2003] 16"
2415603	"WR 101e"	"GCIRS  7W"	266.41608333333335	-29.006166666666665	"WR*"		"WR 101e"
2415605	"WR 102h"	"WR 102h"	266.56483333333324	-28.83833333333333	"WR*"		"[DWC2011] 66"
2415605	"WR 102h"	"WR 102h"	266.56483333333324	-28.83833333333333	"WR*"		"[FMG99] 3"
2415605	"WR 102h"	"WR 102h"	266.56483333333324	-28.83833333333333	"WR*"		"[FMM95] 2"
2415605	"WR 102h"	"WR 102h"	266.56483333333324	-28.83833333333333	"WR*"		"qF  76"
2415605	"WR 102h"	"WR 102h"	266.56483333333324	-28.83833333333333	"WR*"		"WR 102h"
2415606	"WR 101a"	"[BSD96]  22"	266.41408333333334	-29.00927777777778	"WR*"		"[BSD96]  22"
2415606	"WR 101a"	"[BSD96]  22"	266.41408333333334	-29.00927777777778	"WR*"		"[DWC2011] 120"
2415606	"WR 101a"	"[BSD96]  22"	266.41408333333334	-29.00927777777778	"WR*"		"[FNS2015] 1188"
2415606	"WR 101a"	"[BSD96]  22"	266.41408333333334	-29.00927777777778	"WR*"		"NAME Blum Star"
2415606	"WR 101a"	"[BSD96]  22"	266.41408333333334	-29.00927777777778	"WR*"		"NAME BSD WC9"
2415606	"WR 101a"	"[BSD96]  22"	266.41408333333334	-29.00927777777778	"WR*"		"[PGM2006] E82"
2415606	"WR 101a"	"[BSD96]  22"	266.41408333333334	-29.00927777777778	"WR*"		"[PMM2001] B10"
2415606	"WR 101a"	"[BSD96]  22"	266.41408333333334	-29.00927777777778	"WR*"		"[SME2009] 1711"
2415606	"WR 101a"	"[BSD96]  22"	266.41408333333334	-29.00927777777778	"WR*"		"WR 101a"
2415607	"WR 101f"	"GCIRS 13E"	266.4155416666666	-29.00825	"Cl*"		"[BSD96]  52"
2415607	"WR 101f"	"GCIRS 13E"	266.4155416666666	-29.00825	"Cl*"		"[CRG2001b] 26"
2415607	"WR 101f"	"GCIRS 13E"	266.4155416666666	-29.00825	"Cl*"		"[CRG2001b] 26a"
2415607	"WR 101f"	"GCIRS 13E"	266.4155416666666	-29.00825	"Cl*"		"GCIRS 13E"
2415607	"WR 101f"	"GCIRS 13E"	266.4155416666666	-29.00825	"Cl*"		"[GPE2000]  3.37"
2415607	"WR 101f"	"GCIRS 13E"	266.4155416666666	-29.00825	"Cl*"		"NAME Gal Center IRS 13E"
2415607	"WR 101f"	"GCIRS 13E"	266.4155416666666	-29.00825	"Cl*"		"NAME Sgr A IRS 13E"
2415607	"WR 101f"	"GCIRS 13E"	266.4155416666666	-29.00825	"Cl*"		"[VES2006] 44"
2415607	"WR 101f"	"GCIRS 13E"	266.4155416666666	-29.00825	"Cl*"		"WR 101f"
2415608	"WR 101g"	"GCIRS 29N"	266.41632	-29.00742	"WR*"		"[BSD96]  56"
2415608	"WR 101g"	"GCIRS 29N"	266.41632	-29.00742	"WR*"		"[CRG2001b] 11"
2415608	"WR 101g"	"GCIRS 29N"	266.41632	-29.00742	"WR*"		"[FNS2015] 185"
2415608	"WR 101g"	"GCIRS 29N"	266.41632	-29.00742	"WR*"		"GCIRS 29N"
2415608	"WR 101g"	"GCIRS 29N"	266.41632	-29.00742	"WR*"		"[GKM98] S2-10"
2415608	"WR 101g"	"GCIRS 29N"	266.41632	-29.00742	"WR*"		"[GPE2000]  2.13"
2415608	"WR 101g"	"GCIRS 29N"	266.41632	-29.00742	"WR*"		"NAME Gal Center IRS 29N"
2415608	"WR 101g"	"GCIRS 29N"	266.41632	-29.00742	"WR*"		"NAME Sgr A IRS 29N"
2415608	"WR 101g"	"GCIRS 29N"	266.41632	-29.00742	"WR*"		"[OEG99]  10"
2415608	"WR 101g"	"GCIRS 29N"	266.41632	-29.00742	"WR*"		"[PGM2006] E31"
2415608	"WR 101g"	"GCIRS 29N"	266.41632	-29.00742	"WR*"		"[PMM2001] B11"
2415608	"WR 101g"	"GCIRS 29N"	266.41632	-29.00742	"WR*"		"WR 101g"
2415610	"WR 101i"	"GCIRS 15SW"	266.4163333333333	-29.005027777777773	"WR*"		"[BSD96]  62"
2415610	"WR 101i"	"GCIRS 15SW"	266.4163333333333	-29.005027777777773	"WR*"		"[BSE2009] 124"
2415610	"WR 101i"	"GCIRS 15SW"	266.4163333333333	-29.005027777777773	"WR*"		"[DWC2011] 124"
2415610	"WR 101i"	"GCIRS 15SW"	266.4163333333333	-29.005027777777773	"WR*"		"[FNS2015] 491"
2415610	"WR 101i"	"GCIRS 15SW"	266.4163333333333	-29.005027777777773	"WR*"		"GCIRS 15SW"
2415610	"WR 101i"	"GCIRS 15SW"	266.4163333333333	-29.005027777777773	"WR*"		"[GPE2000] 10.21"
2415610	"WR 101i"	"GCIRS 15SW"	266.4163333333333	-29.005027777777773	"WR*"		"[KGD91] HeI  8"
2415610	"WR 101i"	"GCIRS 15SW"	266.4163333333333	-29.005027777777773	"WR*"		"NAME Gal Center IRS 15SW"
2415610	"WR 101i"	"GCIRS 15SW"	266.4163333333333	-29.005027777777773	"WR*"		"NAME Sgr A IRS 15SW"
2415610	"WR 101i"	"GCIRS 15SW"	266.4163333333333	-29.005027777777773	"WR*"		"[NS2013] 22"
2415610	"WR 101i"	"GCIRS 15SW"	266.4163333333333	-29.005027777777773	"WR*"		"[PGM2006] E83"
2415610	"WR 101i"	"GCIRS 15SW"	266.4163333333333	-29.005027777777773	"WR*"		"[PMM2001] B4"
2415610	"WR 101i"	"GCIRS 15SW"	266.4163333333333	-29.005027777777773	"WR*"		"[SME2009] 1747"
2415610	"WR 101i"	"GCIRS 15SW"	266.4163333333333	-29.005027777777773	"WR*"		"[SSR2003] 25"
2415610	"WR 101i"	"GCIRS 15SW"	266.4163333333333	-29.005027777777773	"WR*"		"WR 101i"
2415611	"WR 101k"	"GCIRS 16S"	266.4170416666667	-29.008277777777778	"WR*"		"GCIRS 16S"
2415611	"WR 101k"	"GCIRS 16S"	266.4170416666667	-29.008277777777778	"WR*"		"NAME Gal Center IRS 16S"
2415611	"WR 101k"	"GCIRS 16S"	266.4170416666667	-29.008277777777778	"WR*"		"WR 101k"
2415612	"WR 101m"	"GCIRS 15N"	266.417125	-29.00452777777778	"WR*"		"[FGK2003] 538"
2415612	"WR 101m"	"GCIRS 15N"	266.417125	-29.00452777777778	"WR*"		"GCIRS 15N"
2415612	"WR 101m"	"GCIRS 15N"	266.417125	-29.00452777777778	"WR*"		"[GPE2000] 11.47"
2415612	"WR 101m"	"GCIRS 15N"	266.417125	-29.00452777777778	"WR*"		"WR 101m"
2415613	"WR 101n"	"GCIRS 16SE1"	266.41742	-29.008127	"WR*"		"[BSD96]  77"
2415613	"WR 101n"	"GCIRS 16SE1"	266.41742	-29.008127	"WR*"		"[CRG2001b] 22"
2415613	"WR 101n"	"GCIRS 16SE1"	266.41742	-29.008127	"WR*"		"[FNS2015] 303"
2415613	"WR 101n"	"GCIRS 16SE1"	266.41742	-29.008127	"WR*"		"GCIRS 16SE1"
2415613	"WR 101n"	"GCIRS 16SE1"	266.41742	-29.008127	"WR*"		"GCIRS 16SWE"
2415613	"WR 101n"	"GCIRS 16SE1"	266.41742	-29.008127	"WR*"		"[GKM98] S2-15"
2415613	"WR 101n"	"GCIRS 16SE1"	266.41742	-29.008127	"WR*"		"[GPE2000]  2.20"
2415613	"WR 101n"	"GCIRS 16SE1"	266.41742	-29.008127	"WR*"		"JCMTSE J174539.8-290026"
2415613	"WR 101n"	"GCIRS 16SE1"	266.41742	-29.008127	"WR*"		"JCMTSF J174540.3-290026"
2415613	"WR 101n"	"GCIRS 16SE1"	266.41742	-29.008127	"WR*"		"MPE +1.6-06.8"
2415613	"WR 101n"	"GCIRS 16SE1"	266.41742	-29.008127	"WR*"		"NAME Gal Center IRS 16SW-E"
2415613	"WR 101n"	"GCIRS 16SE1"	266.41742	-29.008127	"WR*"		"NAME Sgr A IRS 16SWE"
2415613	"WR 101n"	"GCIRS 16SE1"	266.41742	-29.008127	"WR*"		"[OEG99]  31"
2415613	"WR 101n"	"GCIRS 16SE1"	266.41742	-29.008127	"WR*"		"[PGM2006] E32"
2415613	"WR 101n"	"GCIRS 16SE1"	266.41742	-29.008127	"WR*"		"[SME2009] 89"
2415613	"WR 101n"	"GCIRS 16SE1"	266.41742	-29.008127	"WR*"		"WR 101n"
2415614	"WR 101o"	"WR 101o"	266.4174166666667	-29.008138888888887	"WR*"		"MPE +2.7-06.9"
2415614	"WR 101o"	"WR 101o"	266.4174166666667	-29.008138888888887	"WR*"		"WR 101o"
2415700	"WR 102ah"	"WR 102ah"	266.460125	-28.822749999999996	"WR*"		"[BSP2001] 23"
2415700	"WR 102ah"	"WR 102ah"	266.460125	-28.822749999999996	"WR*"		"[CEC96]  8"
2415700	"WR 102ah"	"WR 102ah"	266.460125	-28.822749999999996	"WR*"		"CXOGC J174550.3-284922"
2415700	"WR 102ah"	"WR 102ah"	266.460125	-28.822749999999996	"WR*"		"CXOGC J174550.4-284922"
2415700	"WR 102ah"	"WR 102ah"	266.460125	-28.822749999999996	"WR*"		"CXOGCS J174550.4-284921"
2415700	"WR 102ah"	"WR 102ah"	266.460125	-28.822749999999996	"WR*"		"[DWC2011] 80"
2415700	"WR 102ah"	"WR 102ah"	266.460125	-28.822749999999996	"WR*"		"[FNG2002]   6"
2415700	"WR 102ah"	"WR 102ah"	266.460125	-28.822749999999996	"WR*"		"[LGR2001] AR1"
2415700	"WR 102ah"	"WR 102ah"	266.460125	-28.822749999999996	"WR*"		"[NWS95]  8"
2415700	"WR 102ah"	"WR 102ah"	266.460125	-28.822749999999996	"WR*"		"WR 102ah"
2415701	"WR 102ag"	"WR 102ag"	266.4599999999999	-28.822472222222224	"WR*"		"[BSP2001] 24"
2415701	"WR 102ag"	"WR 102ag"	266.4599999999999	-28.822472222222224	"WR*"		"[CEC96]  6"
2415701	"WR 102ag"	"WR 102ag"	266.4599999999999	-28.822472222222224	"WR*"		"[DWC2011] 84"
2415701	"WR 102ag"	"WR 102ag"	266.4599999999999	-28.822472222222224	"WR*"		"[FNG2002]   8"
2415701	"WR 102ag"	"WR 102ag"	266.4599999999999	-28.822472222222224	"WR*"		"[LGR2001] AR2"
2415701	"WR 102ag"	"WR 102ag"	266.4599999999999	-28.822472222222224	"WR*"		"[NWS95]  7"
2415701	"WR 102ag"	"WR 102ag"	266.4599999999999	-28.822472222222224	"WR*"		"WR 102ag"
2415702	"WR 102ad"	"WR 102ad"	266.45925	-28.822749999999996	"WR*"		"[BSP2001] 28"
2415702	"WR 102ad"	"WR 102ad"	266.45925	-28.822749999999996	"WR*"		"[CEC96]  9"
2415702	"WR 102ad"	"WR 102ad"	266.45925	-28.822749999999996	"WR*"		"[DWC2011] 85"
2415702	"WR 102ad"	"WR 102ad"	266.45925	-28.822749999999996	"WR*"		"[FNG2002]   1"
2415702	"WR 102ad"	"WR 102ad"	266.45925	-28.822749999999996	"WR*"		"[LGR2001] AR3"
2415702	"WR 102ad"	"WR 102ad"	266.45925	-28.822749999999996	"WR*"		"[NWS95]  4"
2415702	"WR 102ad"	"WR 102ad"	266.45925	-28.822749999999996	"WR*"		"WR 102ad"
2415703	"WR 102aj"	"WR 102aj"	266.46033333333327	-28.821999999999996	"WR*"		"[BSP2001] 21"
2415703	"WR 102aj"	"WR 102aj"	266.46033333333327	-28.821999999999996	"WR*"		"[CEC96]  5"
2415703	"WR 102aj"	"WR 102aj"	266.46033333333327	-28.821999999999996	"WR*"		"CXOGC J174550.4-284919"
2415703	"WR 102aj"	"WR 102aj"	266.46033333333327	-28.821999999999996	"WR*"		"CXOGC J174550.5-284918"
2415703	"WR 102aj"	"WR 102aj"	266.46033333333327	-28.821999999999996	"WR*"		"CXOGC J174550.5-284919"
2415703	"WR 102aj"	"WR 102aj"	266.46033333333327	-28.821999999999996	"WR*"		"[DWC2011] 83"
2415703	"WR 102aj"	"WR 102aj"	266.46033333333327	-28.821999999999996	"WR*"		"[FNG2002]  37"
2415703	"WR 102aj"	"WR 102aj"	266.46033333333327	-28.821999999999996	"WR*"		"[FNG2002]   7"
2415703	"WR 102aj"	"WR 102aj"	266.46033333333327	-28.821999999999996	"WR*"		"[LGR2001] AR4"
2415703	"WR 102aj"	"WR 102aj"	266.46033333333327	-28.821999999999996	"WR*"		"[NWS95] 10"
2415703	"WR 102aj"	"WR 102aj"	266.46033333333327	-28.821999999999996	"WR*"		"WR 102aj"
2415704	"WR 102al"	"WR 102al"	266.46075	-28.821444444444445	"WR*"		"[BSP2001] 17"
2415704	"WR 102al"	"WR 102al"	266.46075	-28.821444444444445	"WR*"		"[CEC96]  2"
2415704	"WR 102al"	"WR 102al"	266.46075	-28.821444444444445	"WR*"		"[DWC2011] 81"
2415704	"WR 102al"	"WR 102al"	266.46075	-28.821444444444445	"WR*"		"[FNG2002]   4"
2415704	"WR 102al"	"WR 102al"	266.46075	-28.821444444444445	"WR*"		"[LGR2001] AR5"
2415704	"WR 102al"	"WR 102al"	266.46075	-28.821444444444445	"WR*"		"[NWS95] 11"
2415704	"WR 102al"	"WR 102al"	266.46075	-28.821444444444445	"WR*"		"WR 102al"
2415705	"WR 102aa"	"WR 102aa"	266.457125	-28.82372222222222	"WR*"		"[BSP2001] 34"
2415705	"WR 102aa"	"WR 102aa"	266.457125	-28.82372222222222	"WR*"		"[CEC96] 13"
2415705	"WR 102aa"	"WR 102aa"	266.457125	-28.82372222222222	"WR*"		"CXOGC J174549.7-284925"
2415705	"WR 102aa"	"WR 102aa"	266.457125	-28.82372222222222	"WR*"		"[DWC2011] 18"
2415705	"WR 102aa"	"WR 102aa"	266.457125	-28.82372222222222	"WR*"		"[FNG2002]   2"
2415705	"WR 102aa"	"WR 102aa"	266.457125	-28.82372222222222	"WR*"		"[LGR2001] AR17"
2415705	"WR 102aa"	"WR 102aa"	266.457125	-28.82372222222222	"WR*"		"[NWS95]  1"
2415705	"WR 102aa"	"WR 102aa"	266.457125	-28.82372222222222	"WR*"		"WR 102aa"
2415705	"WR 102aa"	"WR 102aa"	266.457125	-28.82372222222222	"WR*"		"[YLW2002] A6"
2415706	"WR 102bb"	"WR 102bb"	266.4618333333333	-28.82388888888889	"WR*"		"[BSP2001]  3"
2415706	"WR 102bb"	"WR 102bb"	266.4618333333333	-28.82388888888889	"WR*"		"[CEC96] 11"
2415706	"WR 102bb"	"WR 102bb"	266.4618333333333	-28.82388888888889	"WR*"		"[DWC2011] 82"
2415706	"WR 102bb"	"WR 102bb"	266.4618333333333	-28.82388888888889	"WR*"		"[FNG2002]   3"
2415706	"WR 102bb"	"WR 102bb"	266.4618333333333	-28.82388888888889	"WR*"		"[LGR2001] AR7"
2415706	"WR 102bb"	"WR 102bb"	266.4618333333333	-28.82388888888889	"WR*"		"[NWS95] 14"
2415706	"WR 102bb"	"WR 102bb"	266.4618333333333	-28.82388888888889	"WR*"		"WR 102bb"
2415707	"WR 102ai"	"WR 102ai"	266.46029166666665	-28.825416666666662	"WR*"		"2MASS J17455045-2849319"
2415707	"WR 102ai"	"WR 102ai"	266.46029166666665	-28.825416666666662	"WR*"		"[BSP2001] 22"
2415707	"WR 102ai"	"WR 102ai"	266.46029166666665	-28.825416666666662	"WR*"		"[DWC2011] 17"
2415707	"WR 102ai"	"WR 102ai"	266.46029166666665	-28.825416666666662	"WR*"		"[FNG2002]   5"
2415707	"WR 102ai"	"WR 102ai"	266.46029166666665	-28.825416666666662	"WR*"		"[LGR2001] AR8"
2415707	"WR 102ai"	"WR 102ai"	266.46029166666665	-28.825416666666662	"WR*"		"[NWS95]  9"
2415707	"WR 102ai"	"WR 102ai"	266.46029166666665	-28.825416666666662	"WR*"		"TIC 321892047"
2415707	"WR 102ai"	"WR 102ai"	266.46029166666665	-28.825416666666662	"WR*"		"WR 102ai"
2417934	"WR 101q"	"WR 101q"	266.49066666666664	-28.91272222222222	"WR*"		"2MASS J17455775-2854458"
2417934	"WR 101q"	"WR 101q"	266.49066666666664	-28.91272222222222	"WR*"		"[DWC2011] 28"
2417934	"WR 101q"	"WR 101q"	266.49066666666664	-28.91272222222222	"WR*"		"SSTGLMC G000.0590-00.0517"
2417934	"WR 101q"	"WR 101q"	266.49066666666664	-28.91272222222222	"WR*"		"TIC 321991209"
2417934	"WR 101q"	"WR 101q"	266.49066666666664	-28.91272222222222	"WR*"		"WR 101q"
2417935	"WR 101p"	"WR 101p"	266.4269583333333	-28.88147222222222	"WR*"		"2MASS J17454247-2852533"
2417935	"WR 101p"	"WR 101p"	266.4269583333333	-28.88147222222222	"WR*"		"[DWC2011] 101"
2417935	"WR 101p"	"WR 101p"	266.4269583333333	-28.88147222222222	"WR*"		"SSTGLMC G000.0567+00.0121"
2417935	"WR 101p"	"WR 101p"	266.4269583333333	-28.88147222222222	"WR*"		"TIC 321893402"
2417935	"WR 101p"	"WR 101p"	266.4269583333333	-28.88147222222222	"WR*"		"WR 101p"
2417936	"WR 102ca"	"WR 102ca"	266.554375	-28.823638888888887	"WR*"		"[DWC2011] 63"
2417936	"WR 102ca"	"WR 102ca"	266.554375	-28.823638888888887	"WR*"		"WR 102ca"
2417937	"WR 102ka"	"WR 102ka"	266.5755	-29.026833333333332	"WR*"		"2MASS J17461811-2901366"
2417937	"WR 102ka"	"WR 102ka"	266.5755	-29.026833333333332	"WR*"		"ISOGAL-P J174618.2-290136"
2417937	"WR 102ka"	"WR 102ka"	266.5755	-29.026833333333332	"WR*"		"[MKN2009] 1249"
2417937	"WR 102ka"	"WR 102ka"	266.5755	-29.026833333333332	"WR*"		"MSX6C G000.0003-00.1743"
2417937	"WR 102ka"	"WR 102ka"	266.5755	-29.026833333333332	"WR*"		"NAME Peony Star"
2417937	"WR 102ka"	"WR 102ka"	266.5755	-29.026833333333332	"WR*"		"[OSH2014] 21"
2417937	"WR 102ka"	"WR 102ka"	266.5755	-29.026833333333332	"WR*"		"SSTGC 630166"
2417937	"WR 102ka"	"WR 102ka"	266.5755	-29.026833333333332	"WR*"		"SSTGLMC G000.0002-00.1744"
2417937	"WR 102ka"	"WR 102ka"	266.5755	-29.026833333333332	"WR*"		"TIC 322756954"
2417937	"WR 102ka"	"WR 102ka"	266.5755	-29.026833333333332	"WR*"		"WR 102ka"
2417960	"WR 101j"	"GCIRS 16NW"	266.41685458333336	-29.0074575	"WR*"		"[BSD96]  65"
2417960	"WR 101j"	"GCIRS 16NW"	266.41685458333336	-29.0074575	"WR*"		"[BSE2009] 12"
2417960	"WR 101j"	"GCIRS 16NW"	266.41685458333336	-29.0074575	"WR*"		"[CRG2001b] 12"
2417960	"WR 101j"	"GCIRS 16NW"	266.41685458333336	-29.0074575	"WR*"		"[DWC2011] 157"
2417960	"WR 101j"	"GCIRS 16NW"	266.41685458333336	-29.0074575	"WR*"		"[EG97] S95"
2417960	"WR 101j"	"GCIRS 16NW"	266.41685458333336	-29.0074575	"WR*"		"[FNS2015] 9"
2417960	"WR 101j"	"GCIRS 16NW"	266.41685458333336	-29.0074575	"WR*"		"GCIRS 16NW"
2417960	"WR 101j"	"GCIRS 16NW"	266.41685458333336	-29.0074575	"WR*"		"[GKM98] S1-9"
2417960	"WR 101j"	"GCIRS 16NW"	266.41685458333336	-29.0074575	"WR*"		"[GPE2000]  1.19"
2417960	"WR 101j"	"GCIRS 16NW"	266.41685458333336	-29.0074575	"WR*"		"NAME Gal Center IRS 16NW"
2417960	"WR 101j"	"GCIRS 16NW"	266.41685458333336	-29.0074575	"WR*"		"NAME Sgr A IRS 16NW"
2417960	"WR 101j"	"GCIRS 16NW"	266.41685458333336	-29.0074575	"WR*"		"[NS2013] 1"
2417960	"WR 101j"	"GCIRS 16NW"	266.41685458333336	-29.0074575	"WR*"		"[OEG99]  11"
2417960	"WR 101j"	"GCIRS 16NW"	266.41685458333336	-29.0074575	"WR*"		"[PGM2006] E19"
2417960	"WR 101j"	"GCIRS 16NW"	266.41685458333336	-29.0074575	"WR*"		"[PMM2001] N4"
2417960	"WR 101j"	"GCIRS 16NW"	266.41685458333336	-29.0074575	"WR*"		"[SME2009] 42"
2417960	"WR 101j"	"GCIRS 16NW"	266.41685458333336	-29.0074575	"WR*"		"[SSR2003]  2"
2417960	"WR 101j"	"GCIRS 16NW"	266.41685458333336	-29.0074575	"WR*"		"[VES2006] 61"
2417960	"WR 101j"	"GCIRS 16NW"	266.41685458333336	-29.0074575	"WR*"		"WR 101j"
2417960	"WR 101j"	"GCIRS 16NW"	266.41685458333336	-29.0074575	"WR*"		"[YRB2014] 39"
2418020	"WR 101nd"	"GCIRS 16NE"	266.41775	-29.007555555555562	"WR*"		"[BSD96]  83"
2418020	"WR 101nd"	"GCIRS 16NE"	266.41775	-29.007555555555562	"WR*"		"[CRG2001b] 13"
2418020	"WR 101nd"	"GCIRS 16NE"	266.41775	-29.007555555555562	"WR*"		"[DWC2011] 121"
2418020	"WR 101nd"	"GCIRS 16NE"	266.41775	-29.007555555555562	"WR*"		"[FNS2015] 25346"
2418020	"WR 101nd"	"GCIRS 16NE"	266.41775	-29.007555555555562	"WR*"		"GCIRS 16NE"
2418020	"WR 101nd"	"GCIRS 16NE"	266.41775	-29.007555555555562	"WR*"		"[GKM98] S3-1"
2418020	"WR 101nd"	"GCIRS 16NE"	266.41775	-29.007555555555562	"WR*"		"[GPE2000]  3.09"
2418020	"WR 101nd"	"GCIRS 16NE"	266.41775	-29.007555555555562	"WR*"		"[KGD91] HeI 12"
2418020	"WR 101nd"	"GCIRS 16NE"	266.41775	-29.007555555555562	"WR*"		"NAME Gal Center IRS 16NE"
2418020	"WR 101nd"	"GCIRS 16NE"	266.41775	-29.007555555555562	"WR*"		"NAME Sgr A IRS 16NE"
2418020	"WR 101nd"	"GCIRS 16NE"	266.41775	-29.007555555555562	"WR*"		"[OEG99]   2"
2418020	"WR 101nd"	"GCIRS 16NE"	266.41775	-29.007555555555562	"WR*"		"[PGM2006] E39"
2418020	"WR 101nd"	"GCIRS 16NE"	266.41775	-29.007555555555562	"WR*"		"[PMM2001] N1"
2418020	"WR 101nd"	"GCIRS 16NE"	266.41775	-29.007555555555562	"WR*"		"[SSR2003]  5"
2418020	"WR 101nd"	"GCIRS 16NE"	266.41775	-29.007555555555562	"WR*"		"[VES2006] 62"
2418020	"WR 101nd"	"GCIRS 16NE"	266.41775	-29.007555555555562	"WR*"		"WR 101nd"
2418020	"WR 101nd"	"GCIRS 16NE"	266.41775	-29.007555555555562	"WR*"		"[YRB2014] 2"
2418844	"WR 102ae"	"WR 102ae"	266.4595	-28.819833333333328	"WR*"		"[BSP2001] 26"
2418844	"WR 102ae"	"WR 102ae"	266.4595	-28.819833333333328	"WR*"		"[CEC96]  1"
2418844	"WR 102ae"	"WR 102ae"	266.4595	-28.819833333333328	"WR*"		"CXOGC J174550.2-284911"
2418844	"WR 102ae"	"WR 102ae"	266.4595	-28.819833333333328	"WR*"		"CXOGCS J174550.2-284912"
2418844	"WR 102ae"	"WR 102ae"	266.4595	-28.819833333333328	"WR*"		"CXOGCS J174550.26-284911.9"
2418844	"WR 102ae"	"WR 102ae"	266.4595	-28.819833333333328	"WR*"		"[DWC2011] 86"
2418844	"WR 102ae"	"WR 102ae"	266.4595	-28.819833333333328	"WR*"		"[FNG2002]   9"
2418844	"WR 102ae"	"WR 102ae"	266.4595	-28.819833333333328	"WR*"		"[NWS95]  5"
2418844	"WR 102ae"	"WR 102ae"	266.4595	-28.819833333333328	"WR*"		"[WDL2006]  90"
2418844	"WR 102ae"	"WR 102ae"	266.4595	-28.819833333333328	"WR*"		"WR 102ae"
2418844	"WR 102ae"	"WR 102ae"	266.4595	-28.819833333333328	"WR*"		"[YLW2002] A2"
2418845	"WR 102ab"	"[BSP2001] 30"	266.4586666666666	-28.823916666666666	"Em*"		"[BSP2001] 30"
2418845	"WR 102ab"	"[BSP2001] 30"	266.4586666666666	-28.823916666666666	"Em*"		"[CEC96] 12"
2418845	"WR 102ab"	"[BSP2001] 30"	266.4586666666666	-28.823916666666666	"Em*"		"[DWC2011] 20"
2418845	"WR 102ab"	"[BSP2001] 30"	266.4586666666666	-28.823916666666666	"Em*"		"[FNG2002]  10"
2418845	"WR 102ab"	"[BSP2001] 30"	266.4586666666666	-28.823916666666666	"Em*"		"WR 102ab"
2418846	"WR 102af"	"WR 102af"	266.45954166666667	-28.821444444444445	"WR*"		"2MASS J17455028-2849171"
2418846	"WR 102af"	"WR 102af"	266.45954166666667	-28.821444444444445	"WR*"		"[BSP2001] 25"
2418846	"WR 102af"	"WR 102af"	266.45954166666667	-28.821444444444445	"WR*"		"[CEC96]  3"
2418846	"WR 102af"	"WR 102af"	266.45954166666667	-28.821444444444445	"WR*"		"[DWC2011] 87"
2418846	"WR 102af"	"WR 102af"	266.45954166666667	-28.821444444444445	"WR*"		"[FNG2002]  12"
2418846	"WR 102af"	"WR 102af"	266.45954166666667	-28.821444444444445	"WR*"		"[LGR2001] AR16"
2418846	"WR 102af"	"WR 102af"	266.45954166666667	-28.821444444444445	"WR*"		"[NWS95]  6"
2418846	"WR 102af"	"WR 102af"	266.45954166666667	-28.821444444444445	"WR*"		"TIC 321891955"
2418846	"WR 102af"	"WR 102af"	266.45954166666667	-28.821444444444445	"WR*"		"WR 102af"
2418849	"WR 102ak"	"WR 102ak"	266.4605833333334	-28.82230555555556	"WR*"		"[BSP2001] 19"
2418849	"WR 102ak"	"WR 102ak"	266.4605833333334	-28.82230555555556	"WR*"		"[DWC2011] 90"
2418849	"WR 102ak"	"WR 102ak"	266.4605833333334	-28.82230555555556	"WR*"		"[FNG2002]  16"
2418849	"WR 102ak"	"WR 102ak"	266.4605833333334	-28.82230555555556	"WR*"		"WR 102ak"
2418915	"WR 102ac"	"[BSP2001] 29"	266.4589583333334	-28.82411111111111	"Em*"		"[BSP2001] 29"
2418915	"WR 102ac"	"[BSP2001] 29"	266.4589583333334	-28.82411111111111	"Em*"		"[DWC2011] 21"
2418915	"WR 102ac"	"[BSP2001] 29"	266.4589583333334	-28.82411111111111	"Em*"		"[FNG2002]  17"
2418915	"WR 102ac"	"[BSP2001] 29"	266.4589583333334	-28.82411111111111	"Em*"		"WR 102ac"
2419051	"WR 102ba"	"WR 102ba"	266.46120833333333	-28.82283333333333	"WR*"		"[BSP2001] 12"
2419051	"WR 102ba"	"WR 102ba"	266.46120833333333	-28.82283333333333	"WR*"		"[CEC96]  7"
2419051	"WR 102ba"	"WR 102ba"	266.46120833333333	-28.82283333333333	"WR*"		"[DWC2011] 88"
2419051	"WR 102ba"	"WR 102ba"	266.46120833333333	-28.82283333333333	"WR*"		"[FNG2002]  14"
2419051	"WR 102ba"	"WR 102ba"	266.46120833333333	-28.82283333333333	"WR*"		"WR 102ba"
2419059	"WR  98a"	"WR  98a"	265.30433827420995	-30.541780381579997	"WR*"		"2MASS J17411303-3032305"
2419059	"WR  98a"	"WR  98a"	265.30433827420995	-30.541780381579997	"WR*"		"CXOU J174113.0-303230"
2419059	"WR  98a"	"WR  98a"	265.30433827420995	-30.541780381579997	"WR*"		"DENIS J174113.0-303230"
2419059	"WR  98a"	"WR  98a"	265.30433827420995	-30.541780381579997	"WR*"		"Gaia DR2 4056719657597352832"
2419059	"WR  98a"	"WR  98a"	265.30433827420995	-30.541780381579997	"WR*"		"Gaia DR3 4056719657597352832"
2419059	"WR  98a"	"WR  98a"	265.30433827420995	-30.541780381579997	"WR*"		"IRAS 17380-3031"
2419059	"WR  98a"	"WR  98a"	265.30433827420995	-30.541780381579997	"WR*"		"TIC 108505175"
2419059	"WR  98a"	"WR  98a"	265.30433827420995	-30.541780381579997	"WR*"		"WISEA J174113.07-303231.5"
2419059	"WR  98a"	"WR  98a"	265.30433827420995	-30.541780381579997	"WR*"		"WISE J174113.07-303231.8"
2419059	"WR  98a"	"WR  98a"	265.30433827420995	-30.541780381579997	"WR*"		"WR  98a"
2419134	"WR 102d"	"WR 102d"	266.55854166666666	-28.821250000000003	"WR*"		"[DWC2011] 62"
2419134	"WR 102d"	"WR 102d"	266.55854166666666	-28.821250000000003	"WR*"		"[FMM95] 1"
2419134	"WR 102d"	"WR 102d"	266.55854166666666	-28.821250000000003	"WR*"		"[LFG99] QR8"
2419134	"WR 102d"	"WR 102d"	266.55854166666666	-28.821250000000003	"WR*"		"LHO 158"
2419134	"WR 102d"	"WR 102d"	266.55854166666666	-28.821250000000003	"WR*"		"qF 320"
2419134	"WR 102d"	"WR 102d"	266.55854166666666	-28.821250000000003	"WR*"		"WR 102d"
2419188	"WR 102-1"	"WR 102-1"	266.68891666666656	-28.262805555555556	"WR*"		"CXOGC J174645.3-281546"
2419188	"WR 102-1"	"WR 102-1"	266.68891666666656	-28.262805555555556	"WR*"		"CXOGCS J174645.3-281546"
2419188	"WR 102-1"	"WR 102-1"	266.68891666666656	-28.262805555555556	"WR*"		"CXOU J174645.2-281547"
2419188	"WR 102-1"	"WR 102-1"	266.68891666666656	-28.262805555555556	"WR*"		"WR 102-1"
2492498	"WR  93a"	"PN Th  3-28"	262.73668669992	-26.986367559499996	"WR*"		"2MASS J17305680-2659110"
2492498	"WR  93a"	"PN Th  3-28"	262.73668669992	-26.986367559499996	"WR*"		"DENIS J173056.7-265911"
2492498	"WR  93a"	"PN Th  3-28"	262.73668669992	-26.986367559499996	"WR*"		"ESO 520-6"
2492498	"WR  93a"	"PN Th  3-28"	262.73668669992	-26.986367559499996	"WR*"		"Gaia DR2 4061565338478409088"
2492498	"WR  93a"	"PN Th  3-28"	262.73668669992	-26.986367559499996	"WR*"		"Gaia DR3 4061565338478409088"
2492498	"WR  93a"	"PN Th  3-28"	262.73668669992	-26.986367559499996	"WR*"		"PK 359+03  1"
2492498	"WR  93a"	"PN Th  3-28"	262.73668669992	-26.986367559499996	"WR*"		"PN Th  3-28"
2492498	"WR  93a"	"PN Th  3-28"	262.73668669992	-26.986367559499996	"WR*"		"TIC 191395089"
2492498	"WR  93a"	"PN Th  3-28"	262.73668669992	-26.986367559499996	"WR*"		"WISE J173056.80-265910.6"
2492498	"WR  93a"	"PN Th  3-28"	262.73668669992	-26.986367559499996	"WR*"		"WR  93a"
2494605	"WR 102"	"V* V3893 Sgr"	266.44808545929993	-26.17410537656	"WR*"	14.2	"2MASS J17454754-2610267"
2494605	"WR 102"	"V* V3893 Sgr"	266.44808545929993	-26.17410537656	"WR*"	14.2	"ALS  4368"
2494605	"WR 102"	"V* V3893 Sgr"	266.44808545929993	-26.17410537656	"WR*"	14.2	"CSI-26-17427"
2494605	"WR 102"	"V* V3893 Sgr"	266.44808545929993	-26.17410537656	"WR*"	14.2	"[DSH2001] 520-2"
2494605	"WR 102"	"V* V3893 Sgr"	266.44808545929993	-26.17410537656	"WR*"	14.2	"Gaia DR2 4067059872964459648"
2494605	"WR 102"	"V* V3893 Sgr"	266.44808545929993	-26.17410537656	"WR*"	14.2	"Gaia DR3 4067059872964459648"
2494605	"WR 102"	"V* V3893 Sgr"	266.44808545929993	-26.17410537656	"WR*"	14.2	"GAL 002.40+01.40"
2494605	"WR 102"	"V* V3893 Sgr"	266.44808545929993	-26.17410537656	"WR*"	14.2	"LS 4368"
2494605	"WR 102"	"V* V3893 Sgr"	266.44808545929993	-26.17410537656	"WR*"	14.2	"[S71d] 4"
2494605	"WR 102"	"V* V3893 Sgr"	266.44808545929993	-26.17410537656	"WR*"	14.2	"UCAC4 320-122902"
2494605	"WR 102"	"V* V3893 Sgr"	266.44808545929993	-26.17410537656	"WR*"	14.2	"V* V3893 Sgr"
2494605	"WR 102"	"V* V3893 Sgr"	266.44808545929993	-26.17410537656	"WR*"	14.2	"WR 102"
2515164	"WR 105"	"EM* AS  268"	270.59773918248	-23.577081025609996	"WR*"	12.31	"2MASS J18022345-2334375"
2515164	"WR 105"	"EM* AS  268"	270.59773918248	-23.577081025609996	"WR*"	12.31	"ALS  4569"
2515164	"WR 105"	"EM* AS  268"	270.59773918248	-23.577081025609996	"WR*"	12.31	"CSI-23-17593  2"
2515164	"WR 105"	"EM* AS  268"	270.59773918248	-23.577081025609996	"WR*"	12.31	"EM* AS  268"
2515164	"WR 105"	"EM* AS  268"	270.59773918248	-23.577081025609996	"WR*"	12.31	"EPIC 224825377"
2515164	"WR 105"	"EM* AS  268"	270.59773918248	-23.577081025609996	"WR*"	12.31	"Gaia DR2 4069167881581956864"
2515164	"WR 105"	"EM* AS  268"	270.59773918248	-23.577081025609996	"WR*"	12.31	"Gaia DR3 4069167881581956864"
2515164	"WR 105"	"EM* AS  268"	270.59773918248	-23.577081025609996	"WR*"	12.31	"GSC 06842-01547"
2515164	"WR 105"	"EM* AS  268"	270.59773918248	-23.577081025609996	"WR*"	12.31	"Hen 3-1561"
2515164	"WR 105"	"EM* AS  268"	270.59773918248	-23.577081025609996	"WR*"	12.31	"LS 4569"
2515164	"WR 105"	"EM* AS  268"	270.59773918248	-23.577081025609996	"WR*"	12.31	"MHA 359-70"
2515164	"WR 105"	"EM* AS  268"	270.59773918248	-23.577081025609996	"WR*"	12.31	"MSX6C G006.5246-00.5243"
2515164	"WR 105"	"EM* AS  268"	270.59773918248	-23.577081025609996	"WR*"	12.31	"SSTGLMC G006.5242-00.5242"
2515164	"WR 105"	"EM* AS  268"	270.59773918248	-23.577081025609996	"WR*"	12.31	"TIC 111193203"
2515164	"WR 105"	"EM* AS  268"	270.59773918248	-23.577081025609996	"WR*"	12.31	"UCAC2  22296422"
2515164	"WR 105"	"EM* AS  268"	270.59773918248	-23.577081025609996	"WR*"	12.31	"UCAC4 333-135580"
2515164	"WR 105"	"EM* AS  268"	270.59773918248	-23.577081025609996	"WR*"	12.31	"Ve 2-47"
2515164	"WR 105"	"EM* AS  268"	270.59773918248	-23.577081025609996	"WR*"	12.31	"V* V4578 Sgr"
2515164	"WR 105"	"EM* AS  268"	270.59773918248	-23.577081025609996	"WR*"	12.31	"WR 105"
2515587	"WR 104"	"MR  80"	270.51718516693995	-23.628380076960003	"WR*"	13.155	"2MASS J18020412-2337419"
2515587	"WR 104"	"MR  80"	270.51718516693995	-23.628380076960003	"WR*"	13.155	"ASAS J180205-2337.7"
2515587	"WR 104"	"MR  80"	270.51718516693995	-23.628380076960003	"WR*"	13.155	"BAaDE ad3a-06452"
2515587	"WR 104"	"MR  80"	270.51718516693995	-23.628380076960003	"WR*"	13.155	"CSI-23-17590"
2515587	"WR 104"	"MR  80"	270.51718516693995	-23.628380076960003	"WR*"	13.155	"Gaia DR2 4069167258796371712"
2515587	"WR 104"	"MR  80"	270.51718516693995	-23.628380076960003	"WR*"	13.155	"Gaia DR3 4069167258796371712"
2515587	"WR 104"	"MR  80"	270.51718516693995	-23.628380076960003	"WR*"	13.155	"Had V82"
2515587	"WR 104"	"MR  80"	270.51718516693995	-23.628380076960003	"WR*"	13.155	"IRAS 17590-2337"
2515587	"WR 104"	"MR  80"	270.51718516693995	-23.628380076960003	"WR*"	13.155	"IRC -20417"
2515587	"WR 104"	"MR  80"	270.51718516693995	-23.628380076960003	"WR*"	13.155	"JP11  5559"
2515587	"WR 104"	"MR  80"	270.51718516693995	-23.628380076960003	"WR*"	13.155	"MR  80"
2515587	"WR 104"	"MR  80"	270.51718516693995	-23.628380076960003	"WR*"	13.155	"MSX6C G006.4432-00.4858"
2515587	"WR 104"	"MR  80"	270.51718516693995	-23.628380076960003	"WR*"	13.155	"RAFGL 2048"
2515587	"WR 104"	"MR  80"	270.51718516693995	-23.628380076960003	"WR*"	13.155	"TIC 110170548"
2515587	"WR 104"	"MR  80"	270.51718516693995	-23.628380076960003	"WR*"	13.155	"UCAC2  22296214"
2515587	"WR 104"	"MR  80"	270.51718516693995	-23.628380076960003	"WR*"	13.155	"UCAC4 332-127589"
2515587	"WR 104"	"MR  80"	270.51718516693995	-23.628380076960003	"WR*"	13.155	"Ve 2-45"
2515587	"WR 104"	"MR  80"	270.51718516693995	-23.628380076960003	"WR*"	13.155	"V* V5097 Sgr"
2515587	"WR 104"	"MR  80"	270.51718516693995	-23.628380076960003	"WR*"	13.155	"WISE J180204.06-233739.9"
2515587	"WR 104"	"MR  80"	270.51718516693995	-23.628380076960003	"WR*"	13.155	"WR 104"
2516299	"WR 108"	"HD 313846"	271.3572270397	-23.005648597220002	"WR*"	9.89	"2MASS J18052573-2300203"
2516299	"WR 108"	"HD 313846"	271.3572270397	-23.005648597220002	"WR*"	9.89	"ALS  4637"
2516299	"WR 108"	"HD 313846"	271.3572270397	-23.005648597220002	"WR*"	9.89	"CCDM J18054-2300B"
2516299	"WR 108"	"HD 313846"	271.3572270397	-23.005648597220002	"WR*"	9.89	"CD-23 13879"
2516299	"WR 108"	"HD 313846"	271.3572270397	-23.005648597220002	"WR*"	9.89	"CPD-23  6815"
2516299	"WR 108"	"HD 313846"	271.3572270397	-23.005648597220002	"WR*"	9.89	"Gaia DR1 4069585657328669056"
2516299	"WR 108"	"HD 313846"	271.3572270397	-23.005648597220002	"WR*"	9.89	"Gaia DR2 4069585661644839808"
2516299	"WR 108"	"HD 313846"	271.3572270397	-23.005648597220002	"WR*"	9.89	"Gaia DR3 4069585661644839808"
2516299	"WR 108"	"HD 313846"	271.3572270397	-23.005648597220002	"WR*"	9.89	"GOS G007.36-00.85 01"
2516299	"WR 108"	"HD 313846"	271.3572270397	-23.005648597220002	"WR*"	9.89	"GSC 06842-01045"
2516299	"WR 108"	"HD 313846"	271.3572270397	-23.005648597220002	"WR*"	9.89	"HD 313846"
2516299	"WR 108"	"HD 313846"	271.3572270397	-23.005648597220002	"WR*"	9.89	"Hen 3-1580"
2516299	"WR 108"	"HD 313846"	271.3572270397	-23.005648597220002	"WR*"	9.89	"HIC  88597"
2516299	"WR 108"	"HD 313846"	271.3572270397	-23.005648597220002	"WR*"	9.89	"HIP 88597"
2516299	"WR 108"	"HD 313846"	271.3572270397	-23.005648597220002	"WR*"	9.89	"IDS 17593-2300 B"
2516299	"WR 108"	"HD 313846"	271.3572270397	-23.005648597220002	"WR*"	9.89	"LS 4637"
2516299	"WR 108"	"HD 313846"	271.3572270397	-23.005648597220002	"WR*"	9.89	"** LYS   33B"
2516299	"WR 108"	"HD 313846"	271.3572270397	-23.005648597220002	"WR*"	9.89	"PPM 733685"
2516299	"WR 108"	"HD 313846"	271.3572270397	-23.005648597220002	"WR*"	9.89	"[SC96] GC 382"
2516299	"WR 108"	"HD 313846"	271.3572270397	-23.005648597220002	"WR*"	9.89	"[SC96] Mis  970"
2516299	"WR 108"	"HD 313846"	271.3572270397	-23.005648597220002	"WR*"	9.89	"SSTGLMC G007.3647-00.8511"
2516299	"WR 108"	"HD 313846"	271.3572270397	-23.005648597220002	"WR*"	9.89	"TIC 105925265"
2516299	"WR 108"	"HD 313846"	271.3572270397	-23.005648597220002	"WR*"	9.89	"TYC 6842-1045-1"
2516299	"WR 108"	"HD 313846"	271.3572270397	-23.005648597220002	"WR*"	9.89	"UCAC2  22533672"
2516299	"WR 108"	"HD 313846"	271.3572270397	-23.005648597220002	"WR*"	9.89	"UCAC4 335-133353"
2516299	"WR 108"	"HD 313846"	271.3572270397	-23.005648597220002	"WR*"	9.89	"Ve 1-25"
2516299	"WR 108"	"HD 313846"	271.3572270397	-23.005648597220002	"WR*"	9.89	"WDS J18054-2300B"
2516299	"WR 108"	"HD 313846"	271.3572270397	-23.005648597220002	"WR*"	9.89	"WR 108"
2516299	"WR 108"	"HD 313846"	271.3572270397	-23.005648597220002	"WR*"	9.89	"WRAY 15-1838"
2516789	"WR 102l"	"EM* LkHA  121"	270.1430393575399	-22.79442506976	"WR*"		"2MASS J18003433-2247399"
2516789	"WR 102l"	"EM* LkHA  121"	270.1430393575399	-22.79442506976	"WR*"		"CSI-22-17574"
2516789	"WR 102l"	"EM* LkHA  121"	270.1430393575399	-22.79442506976	"WR*"		"EM* LkHA  121"
2516789	"WR 102l"	"EM* LkHA  121"	270.1430393575399	-22.79442506976	"WR*"		"Gaia DR2 4069477595953048448"
2516789	"WR 102l"	"EM* LkHA  121"	270.1430393575399	-22.79442506976	"WR*"		"Gaia DR3 4069477595953048448"
2516789	"WR 102l"	"EM* LkHA  121"	270.1430393575399	-22.79442506976	"WR*"		"SMSNPL 17"
2516789	"WR 102l"	"EM* LkHA  121"	270.1430393575399	-22.79442506976	"WR*"		"SSTGLMC G006.9974+00.2262"
2516789	"WR 102l"	"EM* LkHA  121"	270.1430393575399	-22.79442506976	"WR*"		"TIC 109041613"
2516789	"WR 102l"	"EM* LkHA  121"	270.1430393575399	-22.79442506976	"WR*"		"WR 102l"
2533981	"WR 106"	"HD 313643"	271.18193638081993	-21.15848761434	"WR*"	12.02	"2MASS J18044366-2109305"
2533981	"WR 106"	"HD 313643"	271.18193638081993	-21.15848761434	"WR*"	12.02	"ALS  4628"
2533981	"WR 106"	"HD 313643"	271.18193638081993	-21.15848761434	"WR*"	12.02	"ATO J271.1819-21.1584"
2533981	"WR 106"	"HD 313643"	271.18193638081993	-21.15848761434	"WR*"	12.02	"CSI-21-18017  2"
2533981	"WR 106"	"HD 313643"	271.18193638081993	-21.15848761434	"WR*"	12.02	"CSI-21-18019"
2533981	"WR 106"	"HD 313643"	271.18193638081993	-21.15848761434	"WR*"	12.02	"Gaia DR2 4070111743597609216"
2533981	"WR 106"	"HD 313643"	271.18193638081993	-21.15848761434	"WR*"	12.02	"Gaia DR3 4070111743597609216"
2533981	"WR 106"	"HD 313643"	271.18193638081993	-21.15848761434	"WR*"	12.02	"GEN# +1.00313643"
2533981	"WR 106"	"HD 313643"	271.18193638081993	-21.15848761434	"WR*"	12.02	"GSC 06263-01874"
2533981	"WR 106"	"HD 313643"	271.18193638081993	-21.15848761434	"WR*"	12.02	"Had V84"
2533981	"WR 106"	"HD 313643"	271.18193638081993	-21.15848761434	"WR*"	12.02	"HD 313643"
2533981	"WR 106"	"HD 313643"	271.18193638081993	-21.15848761434	"WR*"	12.02	"Hen 3-1577"
2533981	"WR 106"	"HD 313643"	271.18193638081993	-21.15848761434	"WR*"	12.02	"IRAS 18017-2109"
2533981	"WR 106"	"HD 313643"	271.18193638081993	-21.15848761434	"WR*"	12.02	"JP11  3803"
2533981	"WR 106"	"HD 313643"	271.18193638081993	-21.15848761434	"WR*"	12.02	"LS 4628"
2533981	"WR 106"	"HD 313643"	271.18193638081993	-21.15848761434	"WR*"	12.02	"MR  82"
2533981	"WR 106"	"HD 313643"	271.18193638081993	-21.15848761434	"WR*"	12.02	"NSV 10152"
2533981	"WR 106"	"HD 313643"	271.18193638081993	-21.15848761434	"WR*"	12.02	"TIC 104681822"
2533981	"WR 106"	"HD 313643"	271.18193638081993	-21.15848761434	"WR*"	12.02	"UBV   15357"
2533981	"WR 106"	"HD 313643"	271.18193638081993	-21.15848761434	"WR*"	12.02	"UBV   21155"
2533981	"WR 106"	"HD 313643"	271.18193638081993	-21.15848761434	"WR*"	12.02	"UBV M  42897"
2533981	"WR 106"	"HD 313643"	271.18193638081993	-21.15848761434	"WR*"	12.02	"UCAC4 345-128028"
2533981	"WR 106"	"HD 313643"	271.18193638081993	-21.15848761434	"WR*"	12.02	"V* V5101 Sgr"
2533981	"WR 106"	"HD 313643"	271.18193638081993	-21.15848761434	"WR*"	12.02	"WR 106"
2534669	"WR 107"	"SS73 123"	271.19207418332	-21.8575487258	"WR*"	13.51	"2MASS J18044609-2151271"
2534669	"WR 107"	"SS73 123"	271.19207418332	-21.8575487258	"WR*"	13.51	"DENIS J180446.0-215127"
2534669	"WR 107"	"SS73 123"	271.19207418332	-21.8575487258	"WR*"	13.51	"Gaia DR2 4069911426323829888"
2534669	"WR 107"	"SS73 123"	271.19207418332	-21.8575487258	"WR*"	13.51	"Gaia DR3 4069911426323829888"
2534669	"WR 107"	"SS73 123"	271.19207418332	-21.8575487258	"WR*"	13.51	"NSV 10142"
2534669	"WR 107"	"SS73 123"	271.19207418332	-21.8575487258	"WR*"	13.51	"SS73 123"
2534669	"WR 107"	"SS73 123"	271.19207418332	-21.8575487258	"WR*"	13.51	"TIC 104694202"
2534669	"WR 107"	"SS73 123"	271.19207418332	-21.8575487258	"WR*"	13.51	"UCAC2  23195176"
2534669	"WR 107"	"SS73 123"	271.19207418332	-21.8575487258	"WR*"	13.51	"UCAC4 341-121715"
2534669	"WR 107"	"SS73 123"	271.19207418332	-21.8575487258	"WR*"	13.51	"WISEA J180446.09-215127.1"
2534669	"WR 107"	"SS73 123"	271.19207418332	-21.8575487258	"WR*"	13.51	"WISE J180446.10-215127.2"
2534669	"WR 107"	"SS73 123"	271.19207418332	-21.8575487258	"WR*"	13.51	"WR 107"
2534806	"WR 111"	"HD 165763"	272.1186217117099	-21.253106410149996	"WR*"	7.82	"2MASS J18082846-2115113"
2534806	"WR 111"	"HD 165763"	272.1186217117099	-21.253106410149996	"WR*"	7.82	"ALS  4685"
2534806	"WR 111"	"HD 165763"	272.1186217117099	-21.253106410149996	"WR*"	7.82	"BD-21  4864"
2534806	"WR 111"	"HD 165763"	272.1186217117099	-21.253106410149996	"WR*"	7.82	"CPD-21  6634"
2534806	"WR 111"	"HD 165763"	272.1186217117099	-21.253106410149996	"WR*"	7.82	"Gaia DR1 4094055597844775040"
2534806	"WR 111"	"HD 165763"	272.1186217117099	-21.253106410149996	"WR*"	7.82	"Gaia DR2 4094055597844775040"
2534806	"WR 111"	"HD 165763"	272.1186217117099	-21.253106410149996	"WR*"	7.82	"Gaia DR3 4094055597844775040"
2534806	"WR 111"	"HD 165763"	272.1186217117099	-21.253106410149996	"WR*"	7.82	"GEN# +1.00165763"
2534806	"WR 111"	"HD 165763"	272.1186217117099	-21.253106410149996	"WR*"	7.82	"GSC 06276-02076"
2534806	"WR 111"	"HD 165763"	272.1186217117099	-21.253106410149996	"WR*"	7.82	"HD 165763"
2534806	"WR 111"	"HD 165763"	272.1186217117099	-21.253106410149996	"WR*"	7.82	"Hen 3-1599"
2534806	"WR 111"	"HD 165763"	272.1186217117099	-21.253106410149996	"WR*"	7.82	"HIC  88856"
2534806	"WR 111"	"HD 165763"	272.1186217117099	-21.253106410149996	"WR*"	7.82	"HIP 88856"
2534806	"WR 111"	"HD 165763"	272.1186217117099	-21.253106410149996	"WR*"	7.82	"JP11  2933"
2534806	"WR 111"	"HD 165763"	272.1186217117099	-21.253106410149996	"WR*"	7.82	"LS 4685"
2534806	"WR 111"	"HD 165763"	272.1186217117099	-21.253106410149996	"WR*"	7.82	"MR  84"
2534806	"WR 111"	"HD 165763"	272.1186217117099	-21.253106410149996	"WR*"	7.82	"PPM 267923"
2534806	"WR 111"	"HD 165763"	272.1186217117099	-21.253106410149996	"WR*"	7.82	"SAO 186341"
2534806	"WR 111"	"HD 165763"	272.1186217117099	-21.253106410149996	"WR*"	7.82	"[SC95] M 316"
2534806	"WR 111"	"HD 165763"	272.1186217117099	-21.253106410149996	"WR*"	7.82	"[SC96] GC 422"
2534806	"WR 111"	"HD 165763"	272.1186217117099	-21.253106410149996	"WR*"	7.82	"[SC96] Mis 1023"
2534806	"WR 111"	"HD 165763"	272.1186217117099	-21.253106410149996	"WR*"	7.82	"SKY# 32971"
2534806	"WR 111"	"HD 165763"	272.1186217117099	-21.253106410149996	"WR*"	7.82	"SSTGLMC G009.2390-00.6134"
2534806	"WR 111"	"HD 165763"	272.1186217117099	-21.253106410149996	"WR*"	7.82	"TD1 21673"
2534806	"WR 111"	"HD 165763"	272.1186217117099	-21.253106410149996	"WR*"	7.82	"TIC 176236939"
2534806	"WR 111"	"HD 165763"	272.1186217117099	-21.253106410149996	"WR*"	7.82	"TYC 6276-2076-1"
2534806	"WR 111"	"HD 165763"	272.1186217117099	-21.253106410149996	"WR*"	7.82	"UBV   15404"
2534806	"WR 111"	"HD 165763"	272.1186217117099	-21.253106410149996	"WR*"	7.82	"UBV M  22637"
2534806	"WR 111"	"HD 165763"	272.1186217117099	-21.253106410149996	"WR*"	7.82	"UCAC3 138-283356"
2534806	"WR 111"	"HD 165763"	272.1186217117099	-21.253106410149996	"WR*"	7.82	"UCAC4 344-125755"
2534806	"WR 111"	"HD 165763"	272.1186217117099	-21.253106410149996	"WR*"	7.82	"WR 111"
2534806	"WR 111"	"HD 165763"	272.1186217117099	-21.253106410149996	"WR*"	7.82	"YZ 111  7483"
2535235	"WR 107a"	"WR 107a"	271.29787692151	-22.22350935527	"WR*"	15.644	"2MASS J18051148-2213245"
2535235	"WR 107a"	"WR 107a"	271.29787692151	-22.22350935527	"WR*"	15.644	"DENIS J180511.4-221324"
2535235	"WR 107a"	"WR 107a"	271.29787692151	-22.22350935527	"WR*"	15.644	"Gaia DR2 4069701935004293632"
2535235	"WR 107a"	"WR 107a"	271.29787692151	-22.22350935527	"WR*"	15.644	"Gaia DR3 4069701935004293632"
2535235	"WR 107a"	"WR 107a"	271.29787692151	-22.22350935527	"WR*"	15.644	"SMSNPL 18"
2535235	"WR 107a"	"WR 107a"	271.29787692151	-22.22350935527	"WR*"	15.644	"TIC 105040084"
2535235	"WR 107a"	"WR 107a"	271.29787692151	-22.22350935527	"WR*"	15.644	"UCAC2  22972463"
2535235	"WR 107a"	"WR 107a"	271.29787692151	-22.22350935527	"WR*"	15.644	"UCAC4 339-116024"
2535235	"WR 107a"	"WR 107a"	271.29787692151	-22.22350935527	"WR*"	15.644	"WR 107a"
2535389	"WR 105-2"	"ATO J270.8681-22.3830"	270.86818270097	-22.38305410963	"WR*"	15.6	"2MASS J18032836-2222590"
2535389	"WR 105-2"	"ATO J270.8681-22.3830"	270.86818270097	-22.38305410963	"WR*"	15.6	"ATO J270.8681-22.3830"
2535389	"WR 105-2"	"ATO J270.8681-22.3830"	270.86818270097	-22.38305410963	"WR*"	15.6	"DENIS J180328.4-222259"
2535389	"WR 105-2"	"ATO J270.8681-22.3830"	270.86818270097	-22.38305410963	"WR*"	15.6	"Gaia DR2 4069857447172870400"
2535389	"WR 105-2"	"ATO J270.8681-22.3830"	270.86818270097	-22.38305410963	"WR*"	15.6	"Gaia DR3 4069857447172870400"
2535389	"WR 105-2"	"ATO J270.8681-22.3830"	270.86818270097	-22.38305410963	"WR*"	15.6	"ISOGAL-P J180328.4-222259"
2535389	"WR 105-2"	"ATO J270.8681-22.3830"	270.86818270097	-22.38305410963	"WR*"	15.6	"[KSF2015] 1343-284"
2535389	"WR 105-2"	"ATO J270.8681-22.3830"	270.86818270097	-22.38305410963	"WR*"	15.6	"SSTGLMC G007.6859-00.1525"
2535389	"WR 105-2"	"ATO J270.8681-22.3830"	270.86818270097	-22.38305410963	"WR*"	15.6	"TIC 103589535"
2535389	"WR 105-2"	"ATO J270.8681-22.3830"	270.86818270097	-22.38305410963	"WR*"	15.6	"UCAC4 339-115470"
2535389	"WR 105-2"	"ATO J270.8681-22.3830"	270.86818270097	-22.38305410963	"WR*"	15.6	"WR 105-2"
2535739	"WR 111c"	"WR 111c"	272.16425000000004	-20.41183333333333	"WR*"		"2MASS J18083942-2024425"
2535739	"WR 111c"	"WR 111c"	272.16425000000004	-20.41183333333333	"WR*"		"[FNG2005]  2"
2535739	"WR 111c"	"WR 111c"	272.16425000000004	-20.41183333333333	"WR*"		"SSTGLMC G009.9954-00.2426"
2535739	"WR 111c"	"WR 111c"	272.16425000000004	-20.41183333333333	"WR*"		"TIC 176222138"
2535739	"WR 111c"	"WR 111c"	272.16425000000004	-20.41183333333333	"WR*"		"WR 111c"
2535740	"WR 111d"	"WR 111d"	272.1645833333333	-20.409972222222223	"WR*"		"[EML2004] Star D"
2535740	"WR 111d"	"WR 111d"	272.1645833333333	-20.409972222222223	"WR*"		"[FNG2005]  3"
2535740	"WR 111d"	"WR 111d"	272.1645833333333	-20.409972222222223	"WR*"		"WR 111d"
2535742	"WR 111b"	"WR 111b"	272.1635	-20.40886111111111	"WR*"		"2MASS J18083924-2024318"
2535742	"WR 111b"	"WR 111b"	272.1635	-20.40886111111111	"WR*"		"[EML2004] Star B"
2535742	"WR 111b"	"WR 111b"	272.1635	-20.40886111111111	"WR*"		"TIC 176223885"
2535742	"WR 111b"	"WR 111b"	272.1635	-20.40886111111111	"WR*"		"WR 111b"
2549730	"WR 110"	"HD 165688"	271.98733727570993	-19.39912870134	"WR*"	9.87	"2MASS J18075695-1923568"
2549730	"WR 110"	"HD 165688"	271.98733727570993	-19.39912870134	"WR*"	9.87	"2XMM J180756.9-192356"
2549730	"WR 110"	"HD 165688"	271.98733727570993	-19.39912870134	"WR*"	9.87	"ALS  4678"
2549730	"WR 110"	"HD 165688"	271.98733727570993	-19.39912870134	"WR*"	9.87	"BD-19  4854"
2549730	"WR 110"	"HD 165688"	271.98733727570993	-19.39912870134	"WR*"	9.87	"CPD-19  6469"
2549730	"WR 110"	"HD 165688"	271.98733727570993	-19.39912870134	"WR*"	9.87	"Gaia DR2 4095125220807894400"
2549730	"WR 110"	"HD 165688"	271.98733727570993	-19.39912870134	"WR*"	9.87	"Gaia DR3 4095125220807894400"
2549730	"WR 110"	"HD 165688"	271.98733727570993	-19.39912870134	"WR*"	9.87	"GEN# +1.00165688"
2549730	"WR 110"	"HD 165688"	271.98733727570993	-19.39912870134	"WR*"	9.87	"GSC 06259-02666"
2549730	"WR 110"	"HD 165688"	271.98733727570993	-19.39912870134	"WR*"	9.87	"HD 165688"
2549730	"WR 110"	"HD 165688"	271.98733727570993	-19.39912870134	"WR*"	9.87	"Hen 3-1594"
2549730	"WR 110"	"HD 165688"	271.98733727570993	-19.39912870134	"WR*"	9.87	"HIC  88828"
2549730	"WR 110"	"HD 165688"	271.98733727570993	-19.39912870134	"WR*"	9.87	"HIP 88828"
2549730	"WR 110"	"HD 165688"	271.98733727570993	-19.39912870134	"WR*"	9.87	"JP11  2931"
2549730	"WR 110"	"HD 165688"	271.98733727570993	-19.39912870134	"WR*"	9.87	"LS 4678"
2549730	"WR 110"	"HD 165688"	271.98733727570993	-19.39912870134	"WR*"	9.87	"MR  83"
2549730	"WR 110"	"HD 165688"	271.98733727570993	-19.39912870134	"WR*"	9.87	"PPM 718808"
2549730	"WR 110"	"HD 165688"	271.98733727570993	-19.39912870134	"WR*"	9.87	"SSTGLMC G010.8000+00.3943"
2549730	"WR 110"	"HD 165688"	271.98733727570993	-19.39912870134	"WR*"	9.87	"TIC 174364730"
2549730	"WR 110"	"HD 165688"	271.98733727570993	-19.39912870134	"WR*"	9.87	"TYC 6259-2666-1"
2549730	"WR 110"	"HD 165688"	271.98733727570993	-19.39912870134	"WR*"	9.87	"UBV   15399"
2549730	"WR 110"	"HD 165688"	271.98733727570993	-19.39912870134	"WR*"	9.87	"UCAC2  24414003"
2549730	"WR 110"	"HD 165688"	271.98733727570993	-19.39912870134	"WR*"	9.87	"UCAC4 354-117192"
2549730	"WR 110"	"HD 165688"	271.98733727570993	-19.39912870134	"WR*"	9.87	"WR 110"
2550924	"WR 112"	"WR 112"	274.13954556928	-18.97842829038	"WR*"	17.7	"2MASS J18163349-1858423"
2550924	"WR 112"	"WR 112"	274.13954556928	-18.97842829038	"WR*"	17.7	"Gaia DR3 4094789697991379712"
2550924	"WR 112"	"WR 112"	274.13954556928	-18.97842829038	"WR*"	17.7	"IRAS 18136-1859"
2550924	"WR 112"	"WR 112"	274.13954556928	-18.97842829038	"WR*"	17.7	"RAFGL 2104"
2550924	"WR 112"	"WR 112"	274.13954556928	-18.97842829038	"WR*"	17.7	"TIC 244154481"
2550924	"WR 112"	"WR 112"	274.13954556928	-18.97842829038	"WR*"	17.7	"WR 112"
2583392	"WR 113"	"HD 168206"	274.78067887435	-11.63310138734	"WR*"	9.1	"2MASS J18190736-1137591"
2583392	"WR 113"	"HD 168206"	274.78067887435	-11.63310138734	"WR*"	9.1	"AAVSO 1813-11"
2583392	"WR 113"	"HD 168206"	274.78067887435	-11.63310138734	"WR*"	9.1	"ALS  9517"
2583392	"WR 113"	"HD 168206"	274.78067887435	-11.63310138734	"WR*"	9.1	"BD-11  4593"
2583392	"WR 113"	"HD 168206"	274.78067887435	-11.63310138734	"WR*"	9.1	"Gaia DR1 4153716198275554176"
2583392	"WR 113"	"HD 168206"	274.78067887435	-11.63310138734	"WR*"	9.1	"Gaia DR2 4153716198275554176"
2583392	"WR 113"	"HD 168206"	274.78067887435	-11.63310138734	"WR*"	9.1	"Gaia DR3 4153716198275554176"
2583392	"WR 113"	"HD 168206"	274.78067887435	-11.63310138734	"WR*"	9.1	"GCRV 10781"
2583392	"WR 113"	"HD 168206"	274.78067887435	-11.63310138734	"WR*"	9.1	"GEN# +1.00168206"
2583392	"WR 113"	"HD 168206"	274.78067887435	-11.63310138734	"WR*"	9.1	"GSC 05685-03986"
2583392	"WR 113"	"HD 168206"	274.78067887435	-11.63310138734	"WR*"	9.1	"HD 168206"
2583392	"WR 113"	"HD 168206"	274.78067887435	-11.63310138734	"WR*"	9.1	"Hen 3-1667"
2583392	"WR 113"	"HD 168206"	274.78067887435	-11.63310138734	"WR*"	9.1	"HIC  89769"
2583392	"WR 113"	"HD 168206"	274.78067887435	-11.63310138734	"WR*"	9.1	"Hilt  748"
2583392	"WR 113"	"HD 168206"	274.78067887435	-11.63310138734	"WR*"	9.1	"HIP 89769"
2583392	"WR 113"	"HD 168206"	274.78067887435	-11.63310138734	"WR*"	9.1	"IRAS 18162-1139"
2583392	"WR 113"	"HD 168206"	274.78067887435	-11.63310138734	"WR*"	9.1	"JP11  2956"
2583392	"WR 113"	"HD 168206"	274.78067887435	-11.63310138734	"WR*"	9.1	"LS  IV -11   14"
2583392	"WR 113"	"HD 168206"	274.78067887435	-11.63310138734	"WR*"	9.1	"MR  85"
2583392	"WR 113"	"HD 168206"	274.78067887435	-11.63310138734	"WR*"	9.1	"[P58] 2157"
2583392	"WR 113"	"HD 168206"	274.78067887435	-11.63310138734	"WR*"	9.1	"PPM 234357"
2583392	"WR 113"	"HD 168206"	274.78067887435	-11.63310138734	"WR*"	9.1	"RAFGL 2120S"
2583392	"WR 113"	"HD 168206"	274.78067887435	-11.63310138734	"WR*"	9.1	"SAO 161325"
2583392	"WR 113"	"HD 168206"	274.78067887435	-11.63310138734	"WR*"	9.1	"SBC7   672"
2583392	"WR 113"	"HD 168206"	274.78067887435	-11.63310138734	"WR*"	9.1	"SBC9 1040"
2583392	"WR 113"	"HD 168206"	274.78067887435	-11.63310138734	"WR*"	9.1	"TIC 15845781"
2583392	"WR 113"	"HD 168206"	274.78067887435	-11.63310138734	"WR*"	9.1	"TYC 5685-3986-1"
2583392	"WR 113"	"HD 168206"	274.78067887435	-11.63310138734	"WR*"	9.1	"UBV   21635"
2583392	"WR 113"	"HD 168206"	274.78067887435	-11.63310138734	"WR*"	9.1	"UCAC2  27708016"
2583392	"WR 113"	"HD 168206"	274.78067887435	-11.63310138734	"WR*"	9.1	"uvby98 100168206"
2583392	"WR 113"	"HD 168206"	274.78067887435	-11.63310138734	"WR*"	9.1	"V* CV Ser"
2583392	"WR 113"	"HD 168206"	274.78067887435	-11.63310138734	"WR*"	9.1	"WEB 15308"
2583392	"WR 113"	"HD 168206"	274.78067887435	-11.63310138734	"WR*"	9.1	"WR 113"
2583392	"WR 113"	"HD 168206"	274.78067887435	-11.63310138734	"WR*"	9.1	"YZC 11  6246"
2585807	"WR 114"	"HD 169010"	275.81809467963	-13.723917381870002	"WR*"	12.02	"2MASS J18231633-1343261"
2585807	"WR 114"	"HD 169010"	275.81809467963	-13.723917381870002	"WR*"	12.02	"ALS  4994"
2585807	"WR 114"	"HD 169010"	275.81809467963	-13.723917381870002	"WR*"	12.02	"ALS  9566"
2585807	"WR 114"	"HD 169010"	275.81809467963	-13.723917381870002	"WR*"	12.02	"CSI-13-18203"
2585807	"WR 114"	"HD 169010"	275.81809467963	-13.723917381870002	"WR*"	12.02	"CSI-13-18204"
2585807	"WR 114"	"HD 169010"	275.81809467963	-13.723917381870002	"WR*"	12.02	"Gaia DR2 4152380330315696640"
2585807	"WR 114"	"HD 169010"	275.81809467963	-13.723917381870002	"WR*"	12.02	"Gaia DR3 4152380330315696640"
2585807	"WR 114"	"HD 169010"	275.81809467963	-13.723917381870002	"WR*"	12.02	"GEN# +1.00169010"
2585807	"WR 114"	"HD 169010"	275.81809467963	-13.723917381870002	"WR*"	12.02	"GEN# +6.10004994"
2585807	"WR 114"	"HD 169010"	275.81809467963	-13.723917381870002	"WR*"	12.02	"GSC 05702-01056"
2585807	"WR 114"	"HD 169010"	275.81809467963	-13.723917381870002	"WR*"	12.02	"HD 169010"
2585807	"WR 114"	"HD 169010"	275.81809467963	-13.723917381870002	"WR*"	12.02	"Hen 3-1685"
2585807	"WR 114"	"HD 169010"	275.81809467963	-13.723917381870002	"WR*"	12.02	"Hilt  760"
2585807	"WR 114"	"HD 169010"	275.81809467963	-13.723917381870002	"WR*"	12.02	"JP11  2964"
2585807	"WR 114"	"HD 169010"	275.81809467963	-13.723917381870002	"WR*"	12.02	"LS 4994"
2585807	"WR 114"	"HD 169010"	275.81809467963	-13.723917381870002	"WR*"	12.02	"LS  IV -13   40"
2585807	"WR 114"	"HD 169010"	275.81809467963	-13.723917381870002	"WR*"	12.02	"MR  86"
2585807	"WR 114"	"HD 169010"	275.81809467963	-13.723917381870002	"WR*"	12.02	"SSTGLMC G017.5384-00.1256"
2585807	"WR 114"	"HD 169010"	275.81809467963	-13.723917381870002	"WR*"	12.02	"TIC 119319706"
2585807	"WR 114"	"HD 169010"	275.81809467963	-13.723917381870002	"WR*"	12.02	"UBV   15625"
2585807	"WR 114"	"HD 169010"	275.81809467963	-13.723917381870002	"WR*"	12.02	"UBV M  42908"
2585807	"WR 114"	"HD 169010"	275.81809467963	-13.723917381870002	"WR*"	12.02	"UCAC4 382-103027"
2585807	"WR 114"	"HD 169010"	275.81809467963	-13.723917381870002	"WR*"	12.02	"WR 114"
2586292	"WR 116"	"EM* AS  306"	276.76788596259996	-12.3812989202	"WR*"		"2MASS J18270427-1222526"
2586292	"WR 116"	"EM* AS  306"	276.76788596259996	-12.3812989202	"WR*"		"EM* AS  306"
2586292	"WR 116"	"EM* AS  306"	276.76788596259996	-12.3812989202	"WR*"		"Gaia DR2 4153009457139196032"
2586292	"WR 116"	"EM* AS  306"	276.76788596259996	-12.3812989202	"WR*"		"Gaia DR3 4153009457139196032"
2586292	"WR 116"	"EM* AS  306"	276.76788596259996	-12.3812989202	"WR*"		"GSC 05698-03822"
2586292	"WR 116"	"EM* AS  306"	276.76788596259996	-12.3812989202	"WR*"		"Hen 3-1698"
2586292	"WR 116"	"EM* AS  306"	276.76788596259996	-12.3812989202	"WR*"		"IRAS 18242-1224"
2586292	"WR 116"	"EM* AS  306"	276.76788596259996	-12.3812989202	"WR*"		"LS  IV -12   59"
2586292	"WR 116"	"EM* AS  306"	276.76788596259996	-12.3812989202	"WR*"		"[S66] 1"
2586292	"WR 116"	"EM* AS  306"	276.76788596259996	-12.3812989202	"WR*"		"SSTGLMC G019.1578-00.3165"
2586292	"WR 116"	"EM* AS  306"	276.76788596259996	-12.3812989202	"WR*"		"TIC 176625823"
2586292	"WR 116"	"EM* AS  306"	276.76788596259996	-12.3812989202	"WR*"		"V* V460 Sct"
2586292	"WR 116"	"EM* AS  306"	276.76788596259996	-12.3812989202	"WR*"		"WR 116"
2598571	"WR 118"	"RAFGL 2179"	277.92587990801	-9.98796867588	"WR*"	22.0	"2MASS J18314220-0959166"
2598571	"WR 118"	"RAFGL 2179"	277.92587990801	-9.98796867588	"WR*"	22.0	"AKARI-IRC-V1 J1831422-095916"
2598571	"WR 118"	"RAFGL 2179"	277.92587990801	-9.98796867588	"WR*"	22.0	"Gaia DR2 4155846540722266496"
2598571	"WR 118"	"RAFGL 2179"	277.92587990801	-9.98796867588	"WR*"	22.0	"Gaia DR3 4155846540722266496"
2598571	"WR 118"	"RAFGL 2179"	277.92587990801	-9.98796867588	"WR*"	22.0	"IRAS 18289-1001"
2598571	"WR 118"	"RAFGL 2179"	277.92587990801	-9.98796867588	"WR*"	22.0	"RAFGL 2179"
2598571	"WR 118"	"RAFGL 2179"	277.92587990801	-9.98796867588	"WR*"	22.0	"TIC 215789842"
2598571	"WR 118"	"RAFGL 2179"	277.92587990801	-9.98796867588	"WR*"	22.0	"WISEA J183142.22-095916.9"
2598571	"WR 118"	"RAFGL 2179"	277.92587990801	-9.98796867588	"WR*"	22.0	"WISE J183142.34-095920.2"
2598571	"WR 118"	"RAFGL 2179"	277.92587990801	-9.98796867588	"WR*"	22.0	"WR 118"
2600073	"WR 116-3"	"ATO J277.7216-10.3270"	277.72167729926	-10.32698163839	"WR*"		"2MASS J18305320-1019370"
2600073	"WR 116-3"	"ATO J277.7216-10.3270"	277.72167729926	-10.32698163839	"WR*"		"ATO J277.7216-10.3270"
2600073	"WR 116-3"	"ATO J277.7216-10.3270"	277.72167729926	-10.32698163839	"WR*"		"Gaia DR2 4154990742729141376"
2600073	"WR 116-3"	"ATO J277.7216-10.3270"	277.72167729926	-10.32698163839	"WR*"		"Gaia DR3 4154990742729141376"
2600073	"WR 116-3"	"ATO J277.7216-10.3270"	277.72167729926	-10.32698163839	"WR*"		"[MVM2011b] MDM37"
2600073	"WR 116-3"	"ATO J277.7216-10.3270"	277.72167729926	-10.32698163839	"WR*"		"SSTGLMC G021.4114-00.1910"
2600073	"WR 116-3"	"ATO J277.7216-10.3270"	277.72167729926	-10.32698163839	"WR*"		"TIC 215294273"
2600073	"WR 116-3"	"ATO J277.7216-10.3270"	277.72167729926	-10.32698163839	"WR*"		"USNO-A2.0 0750-13374636"
2600073	"WR 116-3"	"ATO J277.7216-10.3270"	277.72167729926	-10.32698163839	"WR*"		"USNO-B1.0 0750-13374636"
2600073	"WR 116-3"	"ATO J277.7216-10.3270"	277.72167729926	-10.32698163839	"WR*"		"WR 116-3"
2600073	"WR 116-3"	"ATO J277.7216-10.3270"	277.72167729926	-10.32698163839	"WR*"		"XGPS-I J183053-101936"
2600073	"WR 116-3"	"ATO J277.7216-10.3270"	277.72167729926	-10.32698163839	"WR*"		"ZTF J183053.19-101937.1"
2600087	"WR 117-1"	"WR 117-1"	277.81886412833	-10.1569445998	"WR*"		"2MASS J18311653-1009250"
2600087	"WR 117-1"	"WR 117-1"	277.81886412833	-10.1569445998	"WR*"		"2XMM J183116.5-100926"
2600087	"WR 117-1"	"WR 117-1"	277.81886412833	-10.1569445998	"WR*"		"AX J1831.1-1008"
2600087	"WR 117-1"	"WR 117-1"	277.81886412833	-10.1569445998	"WR*"		"DENIS J183116.5-100924"
2600087	"WR 117-1"	"WR 117-1"	277.81886412833	-10.1569445998	"WR*"		"Gaia DR2 4155087293585479552"
2600087	"WR 117-1"	"WR 117-1"	277.81886412833	-10.1569445998	"WR*"		"Gaia DR3 4155087293585479552"
2600087	"WR 117-1"	"WR 117-1"	277.81886412833	-10.1569445998	"WR*"		"[MVM2011b] MDM38"
2600087	"WR 117-1"	"WR 117-1"	277.81886412833	-10.1569445998	"WR*"		"SSTGLMA G021.6064-00.1970"
2600087	"WR 117-1"	"WR 117-1"	277.81886412833	-10.1569445998	"WR*"		"TIC 424560926"
2600087	"WR 117-1"	"WR 117-1"	277.81886412833	-10.1569445998	"WR*"		"UCAC3 160-180469"
2600087	"WR 117-1"	"WR 117-1"	277.81886412833	-10.1569445998	"WR*"		"USNO-A2.0 0750-13397443"
2600087	"WR 117-1"	"WR 117-1"	277.81886412833	-10.1569445998	"WR*"		"WR 117-1"
2600087	"WR 117-1"	"WR 117-1"	277.81886412833	-10.1569445998	"WR*"		"XGPS-I J183116-100921"
2600504	"WR 119"	"THA 20-1"	279.82459804906	-10.091916114979998	"WR*"	12.43	"2MASS J18391789-1005309"
2600504	"WR 119"	"THA 20-1"	279.82459804906	-10.091916114979998	"WR*"	12.43	"ALS  9806"
2600504	"WR 119"	"THA 20-1"	279.82459804906	-10.091916114979998	"WR*"	12.43	"CSI-10-18365"
2600504	"WR 119"	"THA 20-1"	279.82459804906	-10.091916114979998	"WR*"	12.43	"EM* CDS 1014"
2600504	"WR 119"	"THA 20-1"	279.82459804906	-10.091916114979998	"WR*"	12.43	"Gaia DR2 4155241083467432960"
2600504	"WR 119"	"THA 20-1"	279.82459804906	-10.091916114979998	"WR*"	12.43	"Gaia DR3 4155241083467432960"
2600504	"WR 119"	"THA 20-1"	279.82459804906	-10.091916114979998	"WR*"	12.43	"GSC 05696-00847"
2600504	"WR 119"	"THA 20-1"	279.82459804906	-10.091916114979998	"WR*"	12.43	"LS  IV -10   13"
2600504	"WR 119"	"THA 20-1"	279.82459804906	-10.091916114979998	"WR*"	12.43	"LSWR 15"
2600504	"WR 119"	"THA 20-1"	279.82459804906	-10.091916114979998	"WR*"	12.43	"THA 20-1"
2600504	"WR 119"	"THA 20-1"	279.82459804906	-10.091916114979998	"WR*"	12.43	"TIC 327813915"
2600504	"WR 119"	"THA 20-1"	279.82459804906	-10.091916114979998	"WR*"	12.43	"WR 119"
2610785	"WR 117"	"MR  88"	277.76048774103	-6.597118638360001	"WR*"	14.19	"2MASS J18310251-0635497"
2610785	"WR 117"	"MR  88"	277.76048774103	-6.597118638360001	"WR*"	14.19	"ALS  9698"
2610785	"WR 117"	"MR  88"	277.76048774103	-6.597118638360001	"WR*"	14.19	"CSI-06-18284"
2610785	"WR 117"	"MR  88"	277.76048774103	-6.597118638360001	"WR*"	14.19	"CSI-06-18285"
2610785	"WR 117"	"MR  88"	277.76048774103	-6.597118638360001	"WR*"	14.19	"EM* CDS  998"
2610785	"WR 117"	"MR  88"	277.76048774103	-6.597118638360001	"WR*"	14.19	"Gaia DR2 4255995179389985664"
2610785	"WR 117"	"MR  88"	277.76048774103	-6.597118638360001	"WR*"	14.19	"Gaia DR3 4255995179389985664"
2610785	"WR 117"	"MR  88"	277.76048774103	-6.597118638360001	"WR*"	14.19	"GSC 05124-01254"
2610785	"WR 117"	"MR  88"	277.76048774103	-6.597118638360001	"WR*"	14.19	"LS  IV -06    7"
2610785	"WR 117"	"MR  88"	277.76048774103	-6.597118638360001	"WR*"	14.19	"[M82] 15"
2610785	"WR 117"	"MR  88"	277.76048774103	-6.597118638360001	"WR*"	14.19	"MR  88"
2610785	"WR 117"	"MR  88"	277.76048774103	-6.597118638360001	"WR*"	14.19	"TIC 424350218"
2610785	"WR 117"	"MR  88"	277.76048774103	-6.597118638360001	"WR*"	14.19	"WR 117"
2626528	"WR 121"	"EM* AS  320"	281.05480254377	-3.7993820191400003	"WR*"	13.983	"2MASS J18441314-0347577"
2626528	"WR 121"	"EM* AS  320"	281.05480254377	-3.7993820191400003	"WR*"	13.983	"AAVSO 1838-03"
2626528	"WR 121"	"EM* AS  320"	281.05480254377	-3.7993820191400003	"WR*"	13.983	"ALS  9921"
2626528	"WR 121"	"EM* AS  320"	281.05480254377	-3.7993820191400003	"WR*"	13.983	"CSI-03-18416"
2626528	"WR 121"	"EM* AS  320"	281.05480254377	-3.7993820191400003	"WR*"	13.983	"CSI-03-18417"
2626528	"WR 121"	"EM* AS  320"	281.05480254377	-3.7993820191400003	"WR*"	13.983	"CSI-03-18418"
2626528	"WR 121"	"EM* AS  320"	281.05480254377	-3.7993820191400003	"WR*"	13.983	"CSI-03-18420"
2626528	"WR 121"	"EM* AS  320"	281.05480254377	-3.7993820191400003	"WR*"	13.983	"EM* AS  320"
2626528	"WR 121"	"EM* AS  320"	281.05480254377	-3.7993820191400003	"WR*"	13.983	"Gaia DR1 4258284530085284736"
2626528	"WR 121"	"EM* AS  320"	281.05480254377	-3.7993820191400003	"WR*"	13.983	"Gaia DR2 4258284534415364224"
2626528	"WR 121"	"EM* AS  320"	281.05480254377	-3.7993820191400003	"WR*"	13.983	"Gaia DR3 4258284534415364224"
2626528	"WR 121"	"EM* AS  320"	281.05480254377	-3.7993820191400003	"WR*"	13.983	"GSC 05121-00188"
2626528	"WR 121"	"EM* AS  320"	281.05480254377	-3.7993820191400003	"WR*"	13.983	"HIC  91911"
2626528	"WR 121"	"EM* AS  320"	281.05480254377	-3.7993820191400003	"WR*"	13.983	"HIP 91911"
2626528	"WR 121"	"EM* AS  320"	281.05480254377	-3.7993820191400003	"WR*"	13.983	"JP11  5252"
2626528	"WR 121"	"EM* AS  320"	281.05480254377	-3.7993820191400003	"WR*"	13.983	"LS  IV -03    9"
2626528	"WR 121"	"EM* AS  320"	281.05480254377	-3.7993820191400003	"WR*"	13.983	"MHA 345-32"
2626528	"WR 121"	"EM* AS  320"	281.05480254377	-3.7993820191400003	"WR*"	13.983	"MR  90"
2626528	"WR 121"	"EM* AS  320"	281.05480254377	-3.7993820191400003	"WR*"	13.983	"MSX6C G028.7285-00.1286"
2626528	"WR 121"	"EM* AS  320"	281.05480254377	-3.7993820191400003	"WR*"	13.983	"RAFGL 5285S"
2626528	"WR 121"	"EM* AS  320"	281.05480254377	-3.7993820191400003	"WR*"	13.983	"THA 14-9"
2626528	"WR 121"	"EM* AS  320"	281.05480254377	-3.7993820191400003	"WR*"	13.983	"TIC 186685647"
2626528	"WR 121"	"EM* AS  320"	281.05480254377	-3.7993820191400003	"WR*"	13.983	"TYC 5121-188-1"
2626528	"WR 121"	"EM* AS  320"	281.05480254377	-3.7993820191400003	"WR*"	13.983	"UBV   15930"
2626528	"WR 121"	"EM* AS  320"	281.05480254377	-3.7993820191400003	"WR*"	13.983	"UBV   21157"
2626528	"WR 121"	"EM* AS  320"	281.05480254377	-3.7993820191400003	"WR*"	13.983	"UBV M  51104"
2626528	"WR 121"	"EM* AS  320"	281.05480254377	-3.7993820191400003	"WR*"	13.983	"UCAC2  30572662"
2626528	"WR 121"	"EM* AS  320"	281.05480254377	-3.7993820191400003	"WR*"	13.983	"V* V1485 Aql"
2626528	"WR 121"	"EM* AS  320"	281.05480254377	-3.7993820191400003	"WR*"	13.983	"WR 121"
2626537	"WR 120-6"	"PN A66   48"	280.69550279009	-3.2214709643299995	"PN"		"2MASS J18424692-0313172"
2626537	"WR 120-6"	"PN A66   48"	280.69550279009	-3.2214709643299995	"PN"		"Gaia DR2 4258557110213184896"
2626537	"WR 120-6"	"PN A66   48"	280.69550279009	-3.2214709643299995	"PN"		"Gaia DR3 4258557110213184896"
2626537	"WR 120-6"	"PN A66   48"	280.69550279009	-3.2214709643299995	"PN"		"GSC2 S300313132986"
2626537	"WR 120-6"	"PN A66   48"	280.69550279009	-3.2214709643299995	"PN"		"IRAS 18401-0316"
2626537	"WR 120-6"	"PN A66   48"	280.69550279009	-3.2214709643299995	"PN"		"MAGPIS SNR? G29.0778+0.4542"
2626537	"WR 120-6"	"PN A66   48"	280.69550279009	-3.2214709643299995	"PN"		"MGE G029.0784+00.4545"
2626537	"WR 120-6"	"PN A66   48"	280.69550279009	-3.2214709643299995	"PN"		"PK 029+00  1"
2626537	"WR 120-6"	"PN A66   48"	280.69550279009	-3.2214709643299995	"PN"		"PN A55   36"
2626537	"WR 120-6"	"PN A66   48"	280.69550279009	-3.2214709643299995	"PN"		"PN A66   48"
2626537	"WR 120-6"	"PN A66   48"	280.69550279009	-3.2214709643299995	"PN"		"PN G029.0+00.4"
2626537	"WR 120-6"	"PN A66   48"	280.69550279009	-3.2214709643299995	"PN"		"PN VV'  441"
2626537	"WR 120-6"	"PN A66   48"	280.69550279009	-3.2214709643299995	"PN"		"SSTGLMC G029.0783+00.4543"
2626537	"WR 120-6"	"PN A66   48"	280.69550279009	-3.2214709643299995	"PN"		"TIC 183429825"
2626537	"WR 120-6"	"PN A66   48"	280.69550279009	-3.2214709643299995	"PN"		"WR 120-6"
2626565	"WR 120"	"MR  89"	280.25361252562	-4.437356704909999	"WR*"	11.93	"2MASS J18410086-0426145"
2626565	"WR 120"	"MR  89"	280.25361252562	-4.437356704909999	"WR*"	11.93	"ALS  9844"
2626565	"WR 120"	"MR  89"	280.25361252562	-4.437356704909999	"WR*"	11.93	"CSI-04-18384"
2626565	"WR 120"	"MR  89"	280.25361252562	-4.437356704909999	"WR*"	11.93	"CSI-04-18386  2"
2626565	"WR 120"	"MR  89"	280.25361252562	-4.437356704909999	"WR*"	11.93	"CSI-04-18387"
2626565	"WR 120"	"MR  89"	280.25361252562	-4.437356704909999	"WR*"	11.93	"EM* CDS 1019"
2626565	"WR 120"	"MR  89"	280.25361252562	-4.437356704909999	"WR*"	11.93	"Gaia DR2 4256734875848306048"
2626565	"WR 120"	"MR  89"	280.25361252562	-4.437356704909999	"WR*"	11.93	"Gaia DR3 4256734875858811904"
2626565	"WR 120"	"MR  89"	280.25361252562	-4.437356704909999	"WR*"	11.93	"GEN# +8.54040014"
2626565	"WR 120"	"MR  89"	280.25361252562	-4.437356704909999	"WR*"	11.93	"GSC 05121-00128"
2626565	"WR 120"	"MR  89"	280.25361252562	-4.437356704909999	"WR*"	11.93	"LS  IV -04   14"
2626565	"WR 120"	"MR  89"	280.25361252562	-4.437356704909999	"WR*"	11.93	"MR  89"
2626565	"WR 120"	"MR  89"	280.25361252562	-4.437356704909999	"WR*"	11.93	"PN Vy  1-3"
2626565	"WR 120"	"MR  89"	280.25361252562	-4.437356704909999	"WR*"	11.93	"THA 14-4"
2626565	"WR 120"	"MR  89"	280.25361252562	-4.437356704909999	"WR*"	11.93	"UBV   15886"
2626565	"WR 120"	"MR  89"	280.25361252562	-4.437356704909999	"WR*"	11.93	"UBV   21156"
2626565	"WR 120"	"MR  89"	280.25361252562	-4.437356704909999	"WR*"	11.93	"UBV M  51106"
2626565	"WR 120"	"MR  89"	280.25361252562	-4.437356704909999	"WR*"	11.93	"UCAC2  30405422"
2626565	"WR 120"	"MR  89"	280.25361252562	-4.437356704909999	"WR*"	11.93	"UCAC4 428-081047"
2626565	"WR 120"	"MR  89"	280.25361252562	-4.437356704909999	"WR*"	11.93	"V* V462 Sct"
2626565	"WR 120"	"MR  89"	280.25361252562	-4.437356704909999	"WR*"	11.93	"WR 120"
2629145	"WR 123"	"HD 177230"	285.99593059252993	-4.317197289079999	"WR*"	11.12	"2MASS J19035902-0419018"
2629145	"WR 123"	"HD 177230"	285.99593059252993	-4.317197289079999	"WR*"	11.12	"ALS 10108"
2629145	"WR 123"	"HD 177230"	285.99593059252993	-4.317197289079999	"WR*"	11.12	"BD-04  4678"
2629145	"WR 123"	"HD 177230"	285.99593059252993	-4.317197289079999	"WR*"	11.12	"EM* CDS 1042"
2629145	"WR 123"	"HD 177230"	285.99593059252993	-4.317197289079999	"WR*"	11.12	"Gaia DR1 4254678990936031488"
2629145	"WR 123"	"HD 177230"	285.99593059252993	-4.317197289079999	"WR*"	11.12	"Gaia DR2 4254678995275751808"
2629145	"WR 123"	"HD 177230"	285.99593059252993	-4.317197289079999	"WR*"	11.12	"Gaia DR3 4254678995275751808"
2629145	"WR 123"	"HD 177230"	285.99593059252993	-4.317197289079999	"WR*"	11.12	"GCRV 68985"
2629145	"WR 123"	"HD 177230"	285.99593059252993	-4.317197289079999	"WR*"	11.12	"GEN# +1.00177230"
2629145	"WR 123"	"HD 177230"	285.99593059252993	-4.317197289079999	"WR*"	11.12	"GSC 05136-00134"
2629145	"WR 123"	"HD 177230"	285.99593059252993	-4.317197289079999	"WR*"	11.12	"HD 177230"
2629145	"WR 123"	"HD 177230"	285.99593059252993	-4.317197289079999	"WR*"	11.12	"HIC  93626"
2629145	"WR 123"	"HD 177230"	285.99593059252993	-4.317197289079999	"WR*"	11.12	"HIP 93626"
2629145	"WR 123"	"HD 177230"	285.99593059252993	-4.317197289079999	"WR*"	11.12	"JP11  3066"
2629145	"WR 123"	"HD 177230"	285.99593059252993	-4.317197289079999	"WR*"	11.12	"LS  IV -04   33"
2629145	"WR 123"	"HD 177230"	285.99593059252993	-4.317197289079999	"WR*"	11.12	"MR  91"
2629145	"WR 123"	"HD 177230"	285.99593059252993	-4.317197289079999	"WR*"	11.12	"MSX6C G030.5128-04.7521"
2629145	"WR 123"	"HD 177230"	285.99593059252993	-4.317197289079999	"WR*"	11.12	"SBC9 1114"
2629145	"WR 123"	"HD 177230"	285.99593059252993	-4.317197289079999	"WR*"	11.12	"THA 14-19"
2629145	"WR 123"	"HD 177230"	285.99593059252993	-4.317197289079999	"WR*"	11.12	"TIC 309022495"
2629145	"WR 123"	"HD 177230"	285.99593059252993	-4.317197289079999	"WR*"	11.12	"TYC 5136-134-1"
2629145	"WR 123"	"HD 177230"	285.99593059252993	-4.317197289079999	"WR*"	11.12	"UBV   16165"
2629145	"WR 123"	"HD 177230"	285.99593059252993	-4.317197289079999	"WR*"	11.12	"UCAC2  30418440"
2629145	"WR 123"	"HD 177230"	285.99593059252993	-4.317197289079999	"WR*"	11.12	"V* V1402 Aql"
2629145	"WR 123"	"HD 177230"	285.99593059252993	-4.317197289079999	"WR*"	11.12	"WEB 16263"
2629145	"WR 123"	"HD 177230"	285.99593059252993	-4.317197289079999	"WR*"	11.12	"WR 123"
2642314	"WR 121a"	"2MASS J18473666-0156334"	281.90279166666676	-1.9426277777777778	"**"		"2MASS J18473666-0156334"
2642314	"WR 121a"	"2MASS J18473666-0156334"	281.90279166666676	-1.9426277777777778	"**"		"2XMM J184736.6-015633"
2642314	"WR 121a"	"2MASS J18473666-0156334"	281.90279166666676	-1.9426277777777778	"**"		"AX J1847.6-0156"
2642314	"WR 121a"	"2MASS J18473666-0156334"	281.90279166666676	-1.9426277777777778	"**"		"[BDC99] W43 1"
2642314	"WR 121a"	"2MASS J18473666-0156334"	281.90279166666676	-1.9426277777777778	"**"		"[BKH2005] 18449nr335"
2642314	"WR 121a"	"2MASS J18473666-0156334"	281.90279166666676	-1.9426277777777778	"**"		"CXOU J184736.6-015633"
2642314	"WR 121a"	"2MASS J18473666-0156334"	281.90279166666676	-1.9426277777777778	"**"		"NVSS J184736-015632"
2642314	"WR 121a"	"2MASS J18473666-0156334"	281.90279166666676	-1.9426277777777778	"**"		"SSTGLMA G030.7667-00.0346"
2642314	"WR 121a"	"2MASS J18473666-0156334"	281.90279166666676	-1.9426277777777778	"**"		"SSTOERC G030.7669-00.0346"
2642314	"WR 121a"	"2MASS J18473666-0156334"	281.90279166666676	-1.9426277777777778	"**"		"TeV J1848-017"
2642314	"WR 121a"	"2MASS J18473666-0156334"	281.90279166666676	-1.9426277777777778	"**"		"TIC 226085975"
2642314	"WR 121a"	"2MASS J18473666-0156334"	281.90279166666676	-1.9426277777777778	"**"		"WR 121a"
2657022	"WR 122"	"LS  IV +00    5"	283.07311594602	0.9956402319799997	"WR*"		"2MASS J18521755+0059443"
2657022	"WR 122"	"LS  IV +00    5"	283.07311594602	0.9956402319799997	"WR*"		"ASASSN-V J185217.55+005944.3"
2657022	"WR 122"	"LS  IV +00    5"	283.07311594602	0.9956402319799997	"WR*"		"CXOU J185217.5+005944"
2657022	"WR 122"	"LS  IV +00    5"	283.07311594602	0.9956402319799997	"WR*"		"DENIS J185217.5+005944"
2657022	"WR 122"	"LS  IV +00    5"	283.07311594602	0.9956402319799997	"WR*"		"Gaia DR2 4266952014602177920"
2657022	"WR 122"	"LS  IV +00    5"	283.07311594602	0.9956402319799997	"WR*"		"Gaia DR3 4266952014602177920"
2657022	"WR 122"	"LS  IV +00    5"	283.07311594602	0.9956402319799997	"WR*"		"HBHA  203-03"
2657022	"WR 122"	"LS  IV +00    5"	283.07311594602	0.9956402319799997	"WR*"		"IRAS 18497+0056"
2657022	"WR 122"	"LS  IV +00    5"	283.07311594602	0.9956402319799997	"WR*"		"[KW97] 35-15"
2657022	"WR 122"	"LS  IV +00    5"	283.07311594602	0.9956402319799997	"WR*"		"LS  IV +00    5"
2657022	"WR 122"	"LS  IV +00    5"	283.07311594602	0.9956402319799997	"WR*"		"NAME NaSt1"
2657022	"WR 122"	"LS  IV +00    5"	283.07311594602	0.9956402319799997	"WR*"		"TIC 226451003"
2657022	"WR 122"	"LS  IV +00    5"	283.07311594602	0.9956402319799997	"WR*"		"UCAC2  32079353"
2657022	"WR 122"	"LS  IV +00    5"	283.07311594602	0.9956402319799997	"WR*"		"UCAC3 182-178655"
2657022	"WR 122"	"LS  IV +00    5"	283.07311594602	0.9956402319799997	"WR*"		"UCAC4 455-081491"
2657022	"WR 122"	"LS  IV +00    5"	283.07311594602	0.9956402319799997	"WR*"		"WISE J185217.68+005945.8"
2657022	"WR 122"	"LS  IV +00    5"	283.07311594602	0.9956402319799997	"WR*"		"WR 122"
2657022	"WR 122"	"LS  IV +00    5"	283.07311594602	0.9956402319799997	"WR*"		"ZTF J185217.54+005944.3"
2752106	"WR 124"	"Hen 2-427"	287.87864548657	16.860611371739996	"WR*"	11.5	"2MASS J19113087+1651382"
2752106	"WR 124"	"Hen 2-427"	287.87864548657	16.860611371739996	"WR*"	11.5	"ALS 10196"
2752106	"WR 124"	"Hen 2-427"	287.87864548657	16.860611371739996	"WR*"	11.5	"CSI+16-19092"
2752106	"WR 124"	"Hen 2-427"	287.87864548657	16.860611371739996	"WR*"	11.5	"CSI+16-19093"
2752106	"WR 124"	"Hen 2-427"	287.87864548657	16.860611371739996	"WR*"	11.5	"Gaia DR1 4513494201229646848"
2752106	"WR 124"	"Hen 2-427"	287.87864548657	16.860611371739996	"WR*"	11.5	"Gaia DR2 4513494205567536512"
2752106	"WR 124"	"Hen 2-427"	287.87864548657	16.860611371739996	"WR*"	11.5	"Gaia DR3 4513494205567536512"
2752106	"WR 124"	"Hen 2-427"	287.87864548657	16.860611371739996	"WR*"	11.5	"GCRV 11638"
2752106	"WR 124"	"Hen 2-427"	287.87864548657	16.860611371739996	"WR*"	11.5	"GSC 01586-00411"
2752106	"WR 124"	"Hen 2-427"	287.87864548657	16.860611371739996	"WR*"	11.5	"GSC2 N02333038"
2752106	"WR 124"	"Hen 2-427"	287.87864548657	16.860611371739996	"WR*"	11.5	"HBHA 1702-02"
2752106	"WR 124"	"Hen 2-427"	287.87864548657	16.860611371739996	"WR*"	11.5	"Hen 2-427"
2752106	"WR 124"	"Hen 2-427"	287.87864548657	16.860611371739996	"WR*"	11.5	"HIC  94289"
2752106	"WR 124"	"Hen 2-427"	287.87864548657	16.860611371739996	"WR*"	11.5	"HIP 94289"
2752106	"WR 124"	"Hen 2-427"	287.87864548657	16.860611371739996	"WR*"	11.5	"IRAS 19092+1646"
2752106	"WR 124"	"Hen 2-427"	287.87864548657	16.860611371739996	"WR*"	11.5	"[KW97] 36-15"
2752106	"WR 124"	"Hen 2-427"	287.87864548657	16.860611371739996	"WR*"	11.5	"LBN 050.14+03.36"
2752106	"WR 124"	"Hen 2-427"	287.87864548657	16.860611371739996	"WR*"	11.5	"LBN   127"
2752106	"WR 124"	"Hen 2-427"	287.87864548657	16.860611371739996	"WR*"	11.5	"LS  II +16    4"
2752106	"WR 124"	"Hen 2-427"	287.87864548657	16.860611371739996	"WR*"	11.5	"NAME BAC 209"
2752106	"WR 124"	"Hen 2-427"	287.87864548657	16.860611371739996	"WR*"	11.5	"NAME Merrill's star"
2752106	"WR 124"	"Hen 2-427"	287.87864548657	16.860611371739996	"WR*"	11.5	"NSV 11797"
2752106	"WR 124"	"Hen 2-427"	287.87864548657	16.860611371739996	"WR*"	11.5	"PK 050+03  1"
2752106	"WR 124"	"Hen 2-427"	287.87864548657	16.860611371739996	"WR*"	11.5	"PLX 4471"
2752106	"WR 124"	"Hen 2-427"	287.87864548657	16.860611371739996	"WR*"	11.5	"PLX 4471.00"
2752106	"WR 124"	"Hen 2-427"	287.87864548657	16.860611371739996	"WR*"	11.5	"PN ARO   10"
2752106	"WR 124"	"Hen 2-427"	287.87864548657	16.860611371739996	"WR*"	11.5	"PN G050.1+03.3"
2752106	"WR 124"	"Hen 2-427"	287.87864548657	16.860611371739996	"WR*"	11.5	"PN M  1-67"
2752106	"WR 124"	"Hen 2-427"	287.87864548657	16.860611371739996	"WR*"	11.5	"PN VV  220"
2752106	"WR 124"	"Hen 2-427"	287.87864548657	16.860611371739996	"WR*"	11.5	"PN VV'  481"
2752106	"WR 124"	"Hen 2-427"	287.87864548657	16.860611371739996	"WR*"	11.5	"SBC9 1130"
2752106	"WR 124"	"Hen 2-427"	287.87864548657	16.860611371739996	"WR*"	11.5	"SH  2-80"
2752106	"WR 124"	"Hen 2-427"	287.87864548657	16.860611371739996	"WR*"	11.5	"TIC 396769617"
2752106	"WR 124"	"Hen 2-427"	287.87864548657	16.860611371739996	"WR*"	11.5	"[TP72] 60"
2752106	"WR 124"	"Hen 2-427"	287.87864548657	16.860611371739996	"WR*"	11.5	"TYC 1586-411-1"
2752106	"WR 124"	"Hen 2-427"	287.87864548657	16.860611371739996	"WR*"	11.5	"UCAC2  37766327"
2752106	"WR 124"	"Hen 2-427"	287.87864548657	16.860611371739996	"WR*"	11.5	"V* QR Sge"
2752106	"WR 124"	"Hen 2-427"	287.87864548657	16.860611371739996	"WR*"	11.5	"WEB 16426"
2752106	"WR 124"	"Hen 2-427"	287.87864548657	16.860611371739996	"WR*"	11.5	"WR 124"
2770387	"WR 125"	"MR  93"	292.06505938429996	19.55597991475	"WR*"		"1E 1926.0+1927"
2770387	"WR 125"	"MR  93"	292.06505938429996	19.55597991475	"WR*"		"2E 1926.0+1927"
2770387	"WR 125"	"MR  93"	292.06505938429996	19.55597991475	"WR*"		"2E  4250"
2770387	"WR 125"	"MR  93"	292.06505938429996	19.55597991475	"WR*"		"2MASS J19281561+1933214"
2770387	"WR 125"	"MR  93"	292.06505938429996	19.55597991475	"WR*"		"CSI+19-19259"
2770387	"WR 125"	"MR  93"	292.06505938429996	19.55597991475	"WR*"		"Gaia DR2 4515628288919542784"
2770387	"WR 125"	"MR  93"	292.06505938429996	19.55597991475	"WR*"		"Gaia DR3 4515628288919542784"
2770387	"WR 125"	"MR  93"	292.06505938429996	19.55597991475	"WR*"		"GSC 01609-00416"
2770387	"WR 125"	"MR  93"	292.06505938429996	19.55597991475	"WR*"		"HBHA 1703-06"
2770387	"WR 125"	"MR  93"	292.06505938429996	19.55597991475	"WR*"		"IRAS 19259+1926"
2770387	"WR 125"	"MR  93"	292.06505938429996	19.55597991475	"WR*"		"[KW97] 37-40"
2770387	"WR 125"	"MR  93"	292.06505938429996	19.55597991475	"WR*"		"MR  93"
2770387	"WR 125"	"MR  93"	292.06505938429996	19.55597991475	"WR*"		"SSTGLMC G054.4445+01.0579"
2770387	"WR 125"	"MR  93"	292.06505938429996	19.55597991475	"WR*"		"TIC 369302211"
2770387	"WR 125"	"MR  93"	292.06505938429996	19.55597991475	"WR*"		"V* V378 Vul"
2770387	"WR 125"	"MR  93"	292.06505938429996	19.55597991475	"WR*"		"WISEA J192815.62+193321.5"
2770387	"WR 125"	"MR  93"	292.06505938429996	19.55597991475	"WR*"		"WISE J192815.62+193321.7"
2770387	"WR 125"	"MR  93"	292.06505938429996	19.55597991475	"WR*"		"WR 125"
2772288	"WR 128"	"HD 187282"	297.13415306668	18.20102655059	"WR*"	10.51	"2MASS J19483219+1812036"
2772288	"WR 128"	"HD 187282"	297.13415306668	18.20102655059	"WR*"	10.51	"ALS 10531"
2772288	"WR 128"	"HD 187282"	297.13415306668	18.20102655059	"WR*"	10.51	"AP J19483219+1812036"
2772288	"WR 128"	"HD 187282"	297.13415306668	18.20102655059	"WR*"	10.51	"CSI+18-19463"
2772288	"WR 128"	"HD 187282"	297.13415306668	18.20102655059	"WR*"	10.51	"Gaia DR1 1821509374129226240"
2772288	"WR 128"	"HD 187282"	297.13415306668	18.20102655059	"WR*"	10.51	"Gaia DR2 1821509378448652416"
2772288	"WR 128"	"HD 187282"	297.13415306668	18.20102655059	"WR*"	10.51	"Gaia DR3 1821509378448652416"
2772288	"WR 128"	"HD 187282"	297.13415306668	18.20102655059	"WR*"	10.51	"GEN# +1.00187282"
2772288	"WR 128"	"HD 187282"	297.13415306668	18.20102655059	"WR*"	10.51	"GSC 01619-01501"
2772288	"WR 128"	"HD 187282"	297.13415306668	18.20102655059	"WR*"	10.51	"HBHA 1704-03"
2772288	"WR 128"	"HD 187282"	297.13415306668	18.20102655059	"WR*"	10.51	"HD 187282"
2772288	"WR 128"	"HD 187282"	297.13415306668	18.20102655059	"WR*"	10.51	"Hen 3-1777"
2772288	"WR 128"	"HD 187282"	297.13415306668	18.20102655059	"WR*"	10.51	"HIC  97456"
2772288	"WR 128"	"HD 187282"	297.13415306668	18.20102655059	"WR*"	10.51	"Hilt  834"
2772288	"WR 128"	"HD 187282"	297.13415306668	18.20102655059	"WR*"	10.51	"HIP 97456"
2772288	"WR 128"	"HD 187282"	297.13415306668	18.20102655059	"WR*"	10.51	"JP11  3137"
2772288	"WR 128"	"HD 187282"	297.13415306668	18.20102655059	"WR*"	10.51	"[KW97] 39-53"
2772288	"WR 128"	"HD 187282"	297.13415306668	18.20102655059	"WR*"	10.51	"LS  II +18   14"
2772288	"WR 128"	"HD 187282"	297.13415306668	18.20102655059	"WR*"	10.51	"MR  95"
2772288	"WR 128"	"HD 187282"	297.13415306668	18.20102655059	"WR*"	10.51	"SBC9 1175"
2772288	"WR 128"	"HD 187282"	297.13415306668	18.20102655059	"WR*"	10.51	"SV* SVS  2623"
2772288	"WR 128"	"HD 187282"	297.13415306668	18.20102655059	"WR*"	10.51	"TD1 25481"
2772288	"WR 128"	"HD 187282"	297.13415306668	18.20102655059	"WR*"	10.51	"TIC 391066940"
2772288	"WR 128"	"HD 187282"	297.13415306668	18.20102655059	"WR*"	10.51	"TYC 1619-1501-1"
2772288	"WR 128"	"HD 187282"	297.13415306668	18.20102655059	"WR*"	10.51	"UBV   16862"
2772288	"WR 128"	"HD 187282"	297.13415306668	18.20102655059	"WR*"	10.51	"UBV M  24176"
2772288	"WR 128"	"HD 187282"	297.13415306668	18.20102655059	"WR*"	10.51	"V* QT Sge"
2772288	"WR 128"	"HD 187282"	297.13415306668	18.20102655059	"WR*"	10.51	"WEB 17128"
2772288	"WR 128"	"HD 187282"	297.13415306668	18.20102655059	"WR*"	10.51	"WR 128"
2824869	"WR 126"	"WR 126"	294.98415164572	26.57846709811	"WR*"	13.29	"2MASS J19395620+2634424"
2824869	"WR 126"	"WR 126"	294.98415164572	26.57846709811	"WR*"	13.29	"Gaia DR2 2022054350800575488"
2824869	"WR 126"	"WR 126"	294.98415164572	26.57846709811	"WR*"	13.29	"Gaia DR3 2022054350800575488"
2824869	"WR 126"	"WR 126"	294.98415164572	26.57846709811	"WR*"	13.29	"GSC 02146-02748"
2824869	"WR 126"	"WR 126"	294.98415164572	26.57846709811	"WR*"	13.29	"HBHA 2702-05"
2824869	"WR 126"	"WR 126"	294.98415164572	26.57846709811	"WR*"	13.29	"[KW97] 38-41"
2824869	"WR 126"	"WR 126"	294.98415164572	26.57846709811	"WR*"	13.29	"[S66] 2"
2824869	"WR 126"	"WR 126"	294.98415164572	26.57846709811	"WR*"	13.29	"TIC 215367717"
2824869	"WR 126"	"WR 126"	294.98415164572	26.57846709811	"WR*"	13.29	"WR 126"
2848279	"WR 129"	"MR  96"	297.07610408858	30.447964523449993	"WR*"	13.4	"2MASS J19481826+3026526"
2848279	"WR 129"	"MR  96"	297.07610408858	30.447964523449993	"WR*"	13.4	"CSI+30-19463"
2848279	"WR 129"	"MR  96"	297.07610408858	30.447964523449993	"WR*"	13.4	"Gaia DR2 2032145466709678464"
2848279	"WR 129"	"MR  96"	297.07610408858	30.447964523449993	"WR*"	13.4	"Gaia DR3 2032145466709678464"
2848279	"WR 129"	"MR  96"	297.07610408858	30.447964523449993	"WR*"	13.4	"GSC 02669-04572"
2848279	"WR 129"	"MR  96"	297.07610408858	30.447964523449993	"WR*"	13.4	"HBHA 3202-04"
2848279	"WR 129"	"MR  96"	297.07610408858	30.447964523449993	"WR*"	13.4	"[KW97] 39-51"
2848279	"WR 129"	"MR  96"	297.07610408858	30.447964523449993	"WR*"	13.4	"MR  96"
2848279	"WR 129"	"MR  96"	297.07610408858	30.447964523449993	"WR*"	13.4	"TIC 59376634"
2848279	"WR 129"	"MR  96"	297.07610408858	30.447964523449993	"WR*"	13.4	"WR 129"
2849602	"WR 127"	"HD 186943"	296.56641399182	28.271965860910004	"WR*"	10.23	"2MASS J19461593+2816191"
2849602	"WR 127"	"HD 186943"	296.56641399182	28.271965860910004	"WR*"	10.23	"ALS 10501"
2849602	"WR 127"	"HD 186943"	296.56641399182	28.271965860910004	"WR*"	10.23	"CSI+28-19442"
2849602	"WR 127"	"HD 186943"	296.56641399182	28.271965860910004	"WR*"	10.23	"Gaia DR1 2028294663406184576"
2849602	"WR 127"	"HD 186943"	296.56641399182	28.271965860910004	"WR*"	10.23	"Gaia DR2 2028294667765054464"
2849602	"WR 127"	"HD 186943"	296.56641399182	28.271965860910004	"WR*"	10.23	"Gaia DR3 2028294667765054464"
2849602	"WR 127"	"HD 186943"	296.56641399182	28.271965860910004	"WR*"	10.23	"GCRV 12144"
2849602	"WR 127"	"HD 186943"	296.56641399182	28.271965860910004	"WR*"	10.23	"GCRV 69851"
2849602	"WR 127"	"HD 186943"	296.56641399182	28.271965860910004	"WR*"	10.23	"GEN# +1.00186943"
2849602	"WR 127"	"HD 186943"	296.56641399182	28.271965860910004	"WR*"	10.23	"GSC 02151-04277"
2849602	"WR 127"	"HD 186943"	296.56641399182	28.271965860910004	"WR*"	10.23	"HD 186943"
2849602	"WR 127"	"HD 186943"	296.56641399182	28.271965860910004	"WR*"	10.23	"Hen 3-1772"
2849602	"WR 127"	"HD 186943"	296.56641399182	28.271965860910004	"WR*"	10.23	"HIC  97281"
2849602	"WR 127"	"HD 186943"	296.56641399182	28.271965860910004	"WR*"	10.23	"Hilt  828"
2849602	"WR 127"	"HD 186943"	296.56641399182	28.271965860910004	"WR*"	10.23	"HIP 97281"
2849602	"WR 127"	"HD 186943"	296.56641399182	28.271965860910004	"WR*"	10.23	"JP11  3133"
2849602	"WR 127"	"HD 186943"	296.56641399182	28.271965860910004	"WR*"	10.23	"[KW97] 39-36"
2849602	"WR 127"	"HD 186943"	296.56641399182	28.271965860910004	"WR*"	10.23	"LAMOST J194615.78+281620.7"
2849602	"WR 127"	"HD 186943"	296.56641399182	28.271965860910004	"WR*"	10.23	"LS  II +28    7"
2849602	"WR 127"	"HD 186943"	296.56641399182	28.271965860910004	"WR*"	10.23	"MR  94"
2849602	"WR 127"	"HD 186943"	296.56641399182	28.271965860910004	"WR*"	10.23	"SBC7   765"
2849602	"WR 127"	"HD 186943"	296.56641399182	28.271965860910004	"WR*"	10.23	"SBC9 1173"
2849602	"WR 127"	"HD 186943"	296.56641399182	28.271965860910004	"WR*"	10.23	"TIC 452026724"
2849602	"WR 127"	"HD 186943"	296.56641399182	28.271965860910004	"WR*"	10.23	"TYC 2151-4277-1"
2849602	"WR 127"	"HD 186943"	296.56641399182	28.271965860910004	"WR*"	10.23	"UBV   16833"
2849602	"WR 127"	"HD 186943"	296.56641399182	28.271965860910004	"WR*"	10.23	"UBV M  24142"
2849602	"WR 127"	"HD 186943"	296.56641399182	28.271965860910004	"WR*"	10.23	"V* QY Vul"
2849602	"WR 127"	"HD 186943"	296.56641399182	28.271965860910004	"WR*"	10.23	"WEB 17089"
2849602	"WR 127"	"HD 186943"	296.56641399182	28.271965860910004	"WR*"	10.23	"WR 127"
2872558	"WR 132"	"HD 190002"	300.41555016344	32.57166565053	"WR*"	12.67	"2MASS J20013973+3234180"
2872558	"WR 132"	"HD 190002"	300.41555016344	32.57166565053	"WR*"	12.67	"[ABC90] wr  1"
2872558	"WR 132"	"HD 190002"	300.41555016344	32.57166565053	"WR*"	12.67	"ALS 10734"
2872558	"WR 132"	"HD 190002"	300.41555016344	32.57166565053	"WR*"	12.67	"CGCS 6856"
2872558	"WR 132"	"HD 190002"	300.41555016344	32.57166565053	"WR*"	12.67	"CSI+32-19597"
2872558	"WR 132"	"HD 190002"	300.41555016344	32.57166565053	"WR*"	12.67	"Gaia DR2 2034096172116995712"
2872558	"WR 132"	"HD 190002"	300.41555016344	32.57166565053	"WR*"	12.67	"Gaia DR3 2034096172116995712"
2872558	"WR 132"	"HD 190002"	300.41555016344	32.57166565053	"WR*"	12.67	"GEN# +1.00190002"
2872558	"WR 132"	"HD 190002"	300.41555016344	32.57166565053	"WR*"	12.67	"GSC 02674-01901"
2872558	"WR 132"	"HD 190002"	300.41555016344	32.57166565053	"WR*"	12.67	"HBHA 3203-14"
2872558	"WR 132"	"HD 190002"	300.41555016344	32.57166565053	"WR*"	12.67	"HD 190002"
2872558	"WR 132"	"HD 190002"	300.41555016344	32.57166565053	"WR*"	12.67	"Hen 3-1813"
2872558	"WR 132"	"HD 190002"	300.41555016344	32.57166565053	"WR*"	12.67	"JP11  3168"
2872558	"WR 132"	"HD 190002"	300.41555016344	32.57166565053	"WR*"	12.67	"[KW97] 41-54"
2872558	"WR 132"	"HD 190002"	300.41555016344	32.57166565053	"WR*"	12.67	"LS  II +32   12"
2872558	"WR 132"	"HD 190002"	300.41555016344	32.57166565053	"WR*"	12.67	"MR  98"
2872558	"WR 132"	"HD 190002"	300.41555016344	32.57166565053	"WR*"	12.67	"TIC 104449131"
2872558	"WR 132"	"HD 190002"	300.41555016344	32.57166565053	"WR*"	12.67	"UBV   17113"
2872558	"WR 132"	"HD 190002"	300.41555016344	32.57166565053	"WR*"	12.67	"WISEA J200139.73+323417.9"
2872558	"WR 132"	"HD 190002"	300.41555016344	32.57166565053	"WR*"	12.67	"WISE J200139.73+323417.9"
2872558	"WR 132"	"HD 190002"	300.41555016344	32.57166565053	"WR*"	12.67	"WR 132"
2872696	"WR 130"	"EM* AS  374"	299.80247158747	31.45250710587	"WR*"	12.13	"2MASS J19591258+3127090"
2872696	"WR 130"	"EM* AS  374"	299.80247158747	31.45250710587	"WR*"	12.13	"CSI+31-19571"
2872696	"WR 130"	"EM* AS  374"	299.80247158747	31.45250710587	"WR*"	12.13	"EM* AS  374"
2872696	"WR 130"	"EM* AS  374"	299.80247158747	31.45250710587	"WR*"	12.13	"EM* VES   96"
2872696	"WR 130"	"EM* AS  374"	299.80247158747	31.45250710587	"WR*"	12.13	"Gaia DR2 2030934212864924032"
2872696	"WR 130"	"EM* AS  374"	299.80247158747	31.45250710587	"WR*"	12.13	"Gaia DR3 2030934212864924032"
2872696	"WR 130"	"EM* AS  374"	299.80247158747	31.45250710587	"WR*"	12.13	"GEN# +6.20055096"
2872696	"WR 130"	"EM* AS  374"	299.80247158747	31.45250710587	"WR*"	12.13	"GEN# +6.20059050"
2872696	"WR 130"	"EM* AS  374"	299.80247158747	31.45250710587	"WR*"	12.13	"GSC 02670-01448"
2872696	"WR 130"	"EM* AS  374"	299.80247158747	31.45250710587	"WR*"	12.13	"HBHA 3203-12"
2872696	"WR 130"	"EM* AS  374"	299.80247158747	31.45250710587	"WR*"	12.13	"Hen 3-1810"
2872696	"WR 130"	"EM* AS  374"	299.80247158747	31.45250710587	"WR*"	12.13	"[IC56] 50"
2872696	"WR 130"	"EM* AS  374"	299.80247158747	31.45250710587	"WR*"	12.13	"JP11  5255"
2872696	"WR 130"	"EM* AS  374"	299.80247158747	31.45250710587	"WR*"	12.13	"[KW97] 41-30"
2872696	"WR 130"	"EM* AS  374"	299.80247158747	31.45250710587	"WR*"	12.13	"LSWR 16"
2872696	"WR 130"	"EM* AS  374"	299.80247158747	31.45250710587	"WR*"	12.13	"MHA 376-29"
2872696	"WR 130"	"EM* AS  374"	299.80247158747	31.45250710587	"WR*"	12.13	"TIC 328366341"
2872696	"WR 130"	"EM* AS  374"	299.80247158747	31.45250710587	"WR*"	12.13	"UBV M  44533"
2872696	"WR 130"	"EM* AS  374"	299.80247158747	31.45250710587	"WR*"	12.13	"UCAC4 608-100816"
2872696	"WR 130"	"EM* AS  374"	299.80247158747	31.45250710587	"WR*"	12.13	"V* V2180 Cyg"
2872696	"WR 130"	"EM* AS  374"	299.80247158747	31.45250710587	"WR*"	12.13	"WR 130"
2929249	"WR 135"	"HD 192103"	302.97303097408	36.19736826814001	"WR*"	8.11	"2MASS J20115352+3611505"
2929249	"WR 135"	"HD 192103"	302.97303097408	36.19736826814001	"WR*"	8.11	"AG+36 1957"
2929249	"WR 135"	"HD 192103"	302.97303097408	36.19736826814001	"WR*"	8.11	"ALS 10927"
2929249	"WR 135"	"HD 192103"	302.97303097408	36.19736826814001	"WR*"	8.11	"BD+35  4013"
2929249	"WR 135"	"HD 192103"	302.97303097408	36.19736826814001	"WR*"	8.11	"CCDM J20119+3612A"
2929249	"WR 135"	"HD 192103"	302.97303097408	36.19736826814001	"WR*"	8.11	"CEL   4968"
2929249	"WR 135"	"HD 192103"	302.97303097408	36.19736826814001	"WR*"	8.11	"CSI+35  4013  1"
2929249	"WR 135"	"HD 192103"	302.97303097408	36.19736826814001	"WR*"	8.11	"DO 18699"
2929249	"WR 135"	"HD 192103"	302.97303097408	36.19736826814001	"WR*"	8.11	"Gaia DR1 2058985262750809088"
2929249	"WR 135"	"HD 192103"	302.97303097408	36.19736826814001	"WR*"	8.11	"Gaia DR2 2058985262750809088"
2929249	"WR 135"	"HD 192103"	302.97303097408	36.19736826814001	"WR*"	8.11	"Gaia DR3 2058985262750809088"
2929249	"WR 135"	"HD 192103"	302.97303097408	36.19736826814001	"WR*"	8.11	"GCRV 12565"
2929249	"WR 135"	"HD 192103"	302.97303097408	36.19736826814001	"WR*"	8.11	"GEN# +1.00192103"
2929249	"WR 135"	"HD 192103"	302.97303097408	36.19736826814001	"WR*"	8.11	"GSC 02683-02288"
2929249	"WR 135"	"HD 192103"	302.97303097408	36.19736826814001	"WR*"	8.11	"HD 192103"
2929249	"WR 135"	"HD 192103"	302.97303097408	36.19736826814001	"WR*"	8.11	"Hen 3-1847"
2929249	"WR 135"	"HD 192103"	302.97303097408	36.19736826814001	"WR*"	8.11	"HIC  99525"
2929249	"WR 135"	"HD 192103"	302.97303097408	36.19736826814001	"WR*"	8.11	"Hilt  885"
2929249	"WR 135"	"HD 192103"	302.97303097408	36.19736826814001	"WR*"	8.11	"HIP 99525"
2929249	"WR 135"	"HD 192103"	302.97303097408	36.19736826814001	"WR*"	8.11	"IDS 20081+3554 A"
2929249	"WR 135"	"HD 192103"	302.97303097408	36.19736826814001	"WR*"	8.11	"JP11  3187"
2929249	"WR 135"	"HD 192103"	302.97303097408	36.19736826814001	"WR*"	8.11	"[KW97] 43-28"
2929249	"WR 135"	"HD 192103"	302.97303097408	36.19736826814001	"WR*"	8.11	"LF  3a +36   58"
2929249	"WR 135"	"HD 192103"	302.97303097408	36.19736826814001	"WR*"	8.11	"LS  II +36   27"
2929249	"WR 135"	"HD 192103"	302.97303097408	36.19736826814001	"WR*"	8.11	"MR 101"
2929249	"WR 135"	"HD 192103"	302.97303097408	36.19736826814001	"WR*"	8.11	"PLX 4800"
2929249	"WR 135"	"HD 192103"	302.97303097408	36.19736826814001	"WR*"	8.11	"PLX 4800.00"
2929249	"WR 135"	"HD 192103"	302.97303097408	36.19736826814001	"WR*"	8.11	"PPM  84413"
2929249	"WR 135"	"HD 192103"	302.97303097408	36.19736826814001	"WR*"	8.11	"SAO  69584"
2929249	"WR 135"	"HD 192103"	302.97303097408	36.19736826814001	"WR*"	8.11	"TD1 26259"
2929249	"WR 135"	"HD 192103"	302.97303097408	36.19736826814001	"WR*"	8.11	"TIC 43417017"
2929249	"WR 135"	"HD 192103"	302.97303097408	36.19736826814001	"WR*"	8.11	"TYC 2683-2288-1"
2929249	"WR 135"	"HD 192103"	302.97303097408	36.19736826814001	"WR*"	8.11	"UBV   17445"
2929249	"WR 135"	"HD 192103"	302.97303097408	36.19736826814001	"WR*"	8.11	"UBV M  24609"
2929249	"WR 135"	"HD 192103"	302.97303097408	36.19736826814001	"WR*"	8.11	"UCAC2  44545945"
2929249	"WR 135"	"HD 192103"	302.97303097408	36.19736826814001	"WR*"	8.11	"V* V1042 Cyg"
2929249	"WR 135"	"HD 192103"	302.97303097408	36.19736826814001	"WR*"	8.11	"WDS J20119+3612A"
2929249	"WR 135"	"HD 192103"	302.97303097408	36.19736826814001	"WR*"	8.11	"WR 135"
2929285	"WR 133"	"HD 190918"	301.48885188597	35.78837521022	"WR*"	6.75	"1RXS J200557.3+354708"
2929285	"WR 133"	"HD 190918"	301.48885188597	35.78837521022	"WR*"	6.75	"2MASS J20055731+3547181"
2929285	"WR 133"	"HD 190918"	301.48885188597	35.78837521022	"WR*"	6.75	"ADS 13374 A"
2929285	"WR 133"	"HD 190918"	301.48885188597	35.78837521022	"WR*"	6.75	"AG+35 1945"
2929285	"WR 133"	"HD 190918"	301.48885188597	35.78837521022	"WR*"	6.75	"AKARI-IRC-V1 J2005573+354718"
2929285	"WR 133"	"HD 190918"	301.48885188597	35.78837521022	"WR*"	6.75	"ALS 10821"
2929285	"WR 133"	"HD 190918"	301.48885188597	35.78837521022	"WR*"	6.75	"BD+35  3953"
2929285	"WR 133"	"HD 190918"	301.48885188597	35.78837521022	"WR*"	6.75	"** BU  440A"
2929285	"WR 133"	"HD 190918"	301.48885188597	35.78837521022	"WR*"	6.75	"CCDM J20060+3547A"
2929285	"WR 133"	"HD 190918"	301.48885188597	35.78837521022	"WR*"	6.75	"CEL   4929"
2929285	"WR 133"	"HD 190918"	301.48885188597	35.78837521022	"WR*"	6.75	"CSI+35  3953  1"
2929285	"WR 133"	"HD 190918"	301.48885188597	35.78837521022	"WR*"	6.75	"CSV 102981"
2929285	"WR 133"	"HD 190918"	301.48885188597	35.78837521022	"WR*"	6.75	"** DOO   78A"
2929285	"WR 133"	"HD 190918"	301.48885188597	35.78837521022	"WR*"	6.75	"Gaia DR1 2059076144260834560"
2929285	"WR 133"	"HD 190918"	301.48885188597	35.78837521022	"WR*"	6.75	"Gaia DR2 2059076148587289728"
2929285	"WR 133"	"HD 190918"	301.48885188597	35.78837521022	"WR*"	6.75	"Gaia DR3 2059076148587289728"
2929285	"WR 133"	"HD 190918"	301.48885188597	35.78837521022	"WR*"	6.75	"GC 27892"
2929285	"WR 133"	"HD 190918"	301.48885188597	35.78837521022	"WR*"	6.75	"GCRV 12465"
2929285	"WR 133"	"HD 190918"	301.48885188597	35.78837521022	"WR*"	6.75	"GEN# +2.68710001"
2929285	"WR 133"	"HD 190918"	301.48885188597	35.78837521022	"WR*"	6.75	"GOS G072.65+02.07 01"
2929285	"WR 133"	"HD 190918"	301.48885188597	35.78837521022	"WR*"	6.75	"GSC 02682-01564"
2929285	"WR 133"	"HD 190918"	301.48885188597	35.78837521022	"WR*"	6.75	"** HAU   26A"
2929285	"WR 133"	"HD 190918"	301.48885188597	35.78837521022	"WR*"	6.75	"HBHA 3703-71"
2929285	"WR 133"	"HD 190918"	301.48885188597	35.78837521022	"WR*"	6.75	"HD 190918"
2929285	"WR 133"	"HD 190918"	301.48885188597	35.78837521022	"WR*"	6.75	"Hen 3-1828"
2929285	"WR 133"	"HD 190918"	301.48885188597	35.78837521022	"WR*"	6.75	"HGAM    830"
2929285	"WR 133"	"HD 190918"	301.48885188597	35.78837521022	"WR*"	6.75	"HIC  99002"
2929285	"WR 133"	"HD 190918"	301.48885188597	35.78837521022	"WR*"	6.75	"HIP 99002"
2929285	"WR 133"	"HD 190918"	301.48885188597	35.78837521022	"WR*"	6.75	"JP11  4437"
2929285	"WR 133"	"HD 190918"	301.48885188597	35.78837521022	"WR*"	6.75	"[KW97] 42-35"
2929285	"WR 133"	"HD 190918"	301.48885188597	35.78837521022	"WR*"	6.75	"LF  3a +35  153"
2929285	"WR 133"	"HD 190918"	301.48885188597	35.78837521022	"WR*"	6.75	"LS  II +35   33"
2929285	"WR 133"	"HD 190918"	301.48885188597	35.78837521022	"WR*"	6.75	"MCW  787"
2929285	"WR 133"	"HD 190918"	301.48885188597	35.78837521022	"WR*"	6.75	"[MJD95] J200557.35+354718.0"
2929285	"WR 133"	"HD 190918"	301.48885188597	35.78837521022	"WR*"	6.75	"MR  99"
2929285	"WR 133"	"HD 190918"	301.48885188597	35.78837521022	"WR*"	6.75	"NGC  6871     1"
2929285	"WR 133"	"HD 190918"	301.48885188597	35.78837521022	"WR*"	6.75	"NSV 12795"
2929285	"WR 133"	"HD 190918"	301.48885188597	35.78837521022	"WR*"	6.75	"PLX 4771"
2929285	"WR 133"	"HD 190918"	301.48885188597	35.78837521022	"WR*"	6.75	"PPM  84191"
2929285	"WR 133"	"HD 190918"	301.48885188597	35.78837521022	"WR*"	6.75	"ROT  7641"
2929285	"WR 133"	"HD 190918"	301.48885188597	35.78837521022	"WR*"	6.75	"[S78b] 316A"
2929285	"WR 133"	"HD 190918"	301.48885188597	35.78837521022	"WR*"	6.75	"SAO  69402"
2929285	"WR 133"	"HD 190918"	301.48885188597	35.78837521022	"WR*"	6.75	"SBC7   782"
2929285	"WR 133"	"HD 190918"	301.48885188597	35.78837521022	"WR*"	6.75	"SBC9 1201"
2929285	"WR 133"	"HD 190918"	301.48885188597	35.78837521022	"WR*"	6.75	"** SHJ  314A"
2929285	"WR 133"	"HD 190918"	301.48885188597	35.78837521022	"WR*"	6.75	"SKY# 37769"
2929285	"WR 133"	"HD 190918"	301.48885188597	35.78837521022	"WR*"	6.75	"TD1 26051"
2929285	"WR 133"	"HD 190918"	301.48885188597	35.78837521022	"WR*"	6.75	"TIC 89757859"
2929285	"WR 133"	"HD 190918"	301.48885188597	35.78837521022	"WR*"	6.75	"TYC 2682-1564-1"
2929285	"WR 133"	"HD 190918"	301.48885188597	35.78837521022	"WR*"	6.75	"UBV   17265"
2929285	"WR 133"	"HD 190918"	301.48885188597	35.78837521022	"WR*"	6.75	"UCAC3 252-203485"
2929285	"WR 133"	"HD 190918"	301.48885188597	35.78837521022	"WR*"	6.75	"V* V1676 Cyg"
2929285	"WR 133"	"HD 190918"	301.48885188597	35.78837521022	"WR*"	6.75	"WDS J20060+3547A"
2929285	"WR 133"	"HD 190918"	301.48885188597	35.78837521022	"WR*"	6.75	"WEB 17592"
2929285	"WR 133"	"HD 190918"	301.48885188597	35.78837521022	"WR*"	6.75	"WISEA J200557.29+354718.3"
2929285	"WR 133"	"HD 190918"	301.48885188597	35.78837521022	"WR*"	6.75	"WISE J200557.32+354718.4"
2929285	"WR 133"	"HD 190918"	301.48885188597	35.78837521022	"WR*"	6.75	"WR 133"
2929906	"WR 134"	"HD 191765"	302.55913668548	36.17640852316	"WR*"	8.08	"2E 2008.3+3601"
2929906	"WR 134"	"HD 191765"	302.55913668548	36.17640852316	"WR*"	8.08	"2E  4330"
2929906	"WR 134"	"HD 191765"	302.55913668548	36.17640852316	"WR*"	8.08	"2MASS J20101420+3610350"
2929906	"WR 134"	"HD 191765"	302.55913668548	36.17640852316	"WR*"	8.08	"AG+36 1953"
2929906	"WR 134"	"HD 191765"	302.55913668548	36.17640852316	"WR*"	8.08	"AKARI-IRC-V1 J2010141+361035"
2929906	"WR 134"	"HD 191765"	302.55913668548	36.17640852316	"WR*"	8.08	"ALS 10899"
2929906	"WR 134"	"HD 191765"	302.55913668548	36.17640852316	"WR*"	8.08	"BD+35  4001"
2929906	"WR 134"	"HD 191765"	302.55913668548	36.17640852316	"WR*"	8.08	"CEL   4955"
2929906	"WR 134"	"HD 191765"	302.55913668548	36.17640852316	"WR*"	8.08	"CSV 101949"
2929906	"WR 134"	"HD 191765"	302.55913668548	36.17640852316	"WR*"	8.08	"DO 18657"
2929906	"WR 134"	"HD 191765"	302.55913668548	36.17640852316	"WR*"	8.08	"Gaia DR1 2059146650444898688"
2929906	"WR 134"	"HD 191765"	302.55913668548	36.17640852316	"WR*"	8.08	"Gaia DR2 2059146654767199872"
2929906	"WR 134"	"HD 191765"	302.55913668548	36.17640852316	"WR*"	8.08	"Gaia DR3 2059146654767199872"
2929906	"WR 134"	"HD 191765"	302.55913668548	36.17640852316	"WR*"	8.08	"GCRV 12529"
2929906	"WR 134"	"HD 191765"	302.55913668548	36.17640852316	"WR*"	8.08	"GEN# +1.00191765"
2929906	"WR 134"	"HD 191765"	302.55913668548	36.17640852316	"WR*"	8.08	"GSC 02683-01164"
2929906	"WR 134"	"HD 191765"	302.55913668548	36.17640852316	"WR*"	8.08	"HD 191765"
2929906	"WR 134"	"HD 191765"	302.55913668548	36.17640852316	"WR*"	8.08	"Hen 3-1839"
2929906	"WR 134"	"HD 191765"	302.55913668548	36.17640852316	"WR*"	8.08	"HIC  99377"
2929906	"WR 134"	"HD 191765"	302.55913668548	36.17640852316	"WR*"	8.08	"HIP 99377"
2929906	"WR 134"	"HD 191765"	302.55913668548	36.17640852316	"WR*"	8.08	"IRAS 20083+3601"
2929906	"WR 134"	"HD 191765"	302.55913668548	36.17640852316	"WR*"	8.08	"JP11  3183"
2929906	"WR 134"	"HD 191765"	302.55913668548	36.17640852316	"WR*"	8.08	"[KW97] 43-10"
2929906	"WR 134"	"HD 191765"	302.55913668548	36.17640852316	"WR*"	8.08	"LF  3a +36   25"
2929906	"WR 134"	"HD 191765"	302.55913668548	36.17640852316	"WR*"	8.08	"LS  II +36   23"
2929906	"WR 134"	"HD 191765"	302.55913668548	36.17640852316	"WR*"	8.08	"MR 100"
2929906	"WR 134"	"HD 191765"	302.55913668548	36.17640852316	"WR*"	8.08	"NSV 12863"
2929906	"WR 134"	"HD 191765"	302.55913668548	36.17640852316	"WR*"	8.08	"PLX 4792"
2929906	"WR 134"	"HD 191765"	302.55913668548	36.17640852316	"WR*"	8.08	"PLX 4792.00"
2929906	"WR 134"	"HD 191765"	302.55913668548	36.17640852316	"WR*"	8.08	"PPM  84358"
2929906	"WR 134"	"HD 191765"	302.55913668548	36.17640852316	"WR*"	8.08	"SAO  69541"
2929906	"WR 134"	"HD 191765"	302.55913668548	36.17640852316	"WR*"	8.08	"SV* ZI  1876"
2929906	"WR 134"	"HD 191765"	302.55913668548	36.17640852316	"WR*"	8.08	"TD1 26191"
2929906	"WR 134"	"HD 191765"	302.55913668548	36.17640852316	"WR*"	8.08	"TIC 42837421"
2929906	"WR 134"	"HD 191765"	302.55913668548	36.17640852316	"WR*"	8.08	"TYC 2683-1164-1"
2929906	"WR 134"	"HD 191765"	302.55913668548	36.17640852316	"WR*"	8.08	"UBV   17401"
2929906	"WR 134"	"HD 191765"	302.55913668548	36.17640852316	"WR*"	8.08	"UBV M  24581"
2929906	"WR 134"	"HD 191765"	302.55913668548	36.17640852316	"WR*"	8.08	"UCAC3 253-213614"
2929906	"WR 134"	"HD 191765"	302.55913668548	36.17640852316	"WR*"	8.08	"V* V1769 Cyg"
2929906	"WR 134"	"HD 191765"	302.55913668548	36.17640852316	"WR*"	8.08	"WR 134"
2930956	"WR 137"	"HD 192641"	303.63236118994996	36.66099950284	"WR*"	7.91	"2MASS J20143177+3639396"
2930956	"WR 137"	"HD 192641"	303.63236118994996	36.66099950284	"WR*"	7.91	"AAVSO 2010+36B"
2930956	"WR 137"	"HD 192641"	303.63236118994996	36.66099950284	"WR*"	7.91	"AG+36 1973"
2930956	"WR 137"	"HD 192641"	303.63236118994996	36.66099950284	"WR*"	7.91	"ALS 10997"
2930956	"WR 137"	"HD 192641"	303.63236118994996	36.66099950284	"WR*"	7.91	"BD+36  3956"
2930956	"WR 137"	"HD 192641"	303.63236118994996	36.66099950284	"WR*"	7.91	"CCDM J20146+3639A"
2930956	"WR 137"	"HD 192641"	303.63236118994996	36.66099950284	"WR*"	7.91	"CEL   4986"
2930956	"WR 137"	"HD 192641"	303.63236118994996	36.66099950284	"WR*"	7.91	"CSI+36  3956  1"
2930956	"WR 137"	"HD 192641"	303.63236118994996	36.66099950284	"WR*"	7.91	"CSV 102991"
2930956	"WR 137"	"HD 192641"	303.63236118994996	36.66099950284	"WR*"	7.91	"Gaia DR1 2060508773552435200"
2930956	"WR 137"	"HD 192641"	303.63236118994996	36.66099950284	"WR*"	7.91	"Gaia DR2 2060508777869902592"
2930956	"WR 137"	"HD 192641"	303.63236118994996	36.66099950284	"WR*"	7.91	"Gaia DR3 2060508777869902592"
2930956	"WR 137"	"HD 192641"	303.63236118994996	36.66099950284	"WR*"	7.91	"GCRV 12618"
2930956	"WR 137"	"HD 192641"	303.63236118994996	36.66099950284	"WR*"	7.91	"GEN# +1.00192641"
2930956	"WR 137"	"HD 192641"	303.63236118994996	36.66099950284	"WR*"	7.91	"GSC 02683-03369"
2930956	"WR 137"	"HD 192641"	303.63236118994996	36.66099950284	"WR*"	7.91	"HBHA 3703-73"
2930956	"WR 137"	"HD 192641"	303.63236118994996	36.66099950284	"WR*"	7.91	"HD 192641"
2930956	"WR 137"	"HD 192641"	303.63236118994996	36.66099950284	"WR*"	7.91	"Hen 3-1856"
2930956	"WR 137"	"HD 192641"	303.63236118994996	36.66099950284	"WR*"	7.91	"HIC  99769"
2930956	"WR 137"	"HD 192641"	303.63236118994996	36.66099950284	"WR*"	7.91	"Hilt  898"
2930956	"WR 137"	"HD 192641"	303.63236118994996	36.66099950284	"WR*"	7.91	"HIP 99769"
2930956	"WR 137"	"HD 192641"	303.63236118994996	36.66099950284	"WR*"	7.91	"IDS 20108+3622 A"
2930956	"WR 137"	"HD 192641"	303.63236118994996	36.66099950284	"WR*"	7.91	"IRAS 20127+3630"
2930956	"WR 137"	"HD 192641"	303.63236118994996	36.66099950284	"WR*"	7.91	"JP11  3197"
2930956	"WR 137"	"HD 192641"	303.63236118994996	36.66099950284	"WR*"	7.91	"[KW97] 44-5"
2930956	"WR 137"	"HD 192641"	303.63236118994996	36.66099950284	"WR*"	7.91	"LF  3a +36  113"
2930956	"WR 137"	"HD 192641"	303.63236118994996	36.66099950284	"WR*"	7.91	"LS  II +36   38"
2930956	"WR 137"	"HD 192641"	303.63236118994996	36.66099950284	"WR*"	7.91	"[MGH2000] 17"
2930956	"WR 137"	"HD 192641"	303.63236118994996	36.66099950284	"WR*"	7.91	"MR 103"
2930956	"WR 137"	"HD 192641"	303.63236118994996	36.66099950284	"WR*"	7.91	"NSV 12944"
2930956	"WR 137"	"HD 192641"	303.63236118994996	36.66099950284	"WR*"	7.91	"PLX 4813"
2930956	"WR 137"	"HD 192641"	303.63236118994996	36.66099950284	"WR*"	7.91	"PLX 4813.00"
2930956	"WR 137"	"HD 192641"	303.63236118994996	36.66099950284	"WR*"	7.91	"PPM  84529"
2930956	"WR 137"	"HD 192641"	303.63236118994996	36.66099950284	"WR*"	7.91	"SAO  69677"
2930956	"WR 137"	"HD 192641"	303.63236118994996	36.66099950284	"WR*"	7.91	"SKY# 38149"
2930956	"WR 137"	"HD 192641"	303.63236118994996	36.66099950284	"WR*"	7.91	"TD1 26354"
2930956	"WR 137"	"HD 192641"	303.63236118994996	36.66099950284	"WR*"	7.91	"TIC 10989276"
2930956	"WR 137"	"HD 192641"	303.63236118994996	36.66099950284	"WR*"	7.91	"TYC 2683-3369-1"
2930956	"WR 137"	"HD 192641"	303.63236118994996	36.66099950284	"WR*"	7.91	"UBV   17517"
2930956	"WR 137"	"HD 192641"	303.63236118994996	36.66099950284	"WR*"	7.91	"UBV M  24649"
2930956	"WR 137"	"HD 192641"	303.63236118994996	36.66099950284	"WR*"	7.91	"UCAC3 254-205759"
2930956	"WR 137"	"HD 192641"	303.63236118994996	36.66099950284	"WR*"	7.91	"V* V1679 Cyg"
2930956	"WR 137"	"HD 192641"	303.63236118994996	36.66099950284	"WR*"	7.91	"WDS J20145+3640A"
2930956	"WR 137"	"HD 192641"	303.63236118994996	36.66099950284	"WR*"	7.91	"WISEA J201431.81+363939.7"
2930956	"WR 137"	"HD 192641"	303.63236118994996	36.66099950284	"WR*"	7.91	"WISE J201431.77+363939.5"
2930956	"WR 137"	"HD 192641"	303.63236118994996	36.66099950284	"WR*"	7.91	"WR 137"
2953051	"WR 136"	"HD 192163"	303.02725786560995	38.35494005028	"WR*"	7.5	"2MASS J20120654+3821178"
2953051	"WR 136"	"HD 192163"	303.02725786560995	38.35494005028	"WR*"	7.5	"AG+38 1977"
2953051	"WR 136"	"HD 192163"	303.02725786560995	38.35494005028	"WR*"	7.5	"ALS 10934"
2953051	"WR 136"	"HD 192163"	303.02725786560995	38.35494005028	"WR*"	7.5	"BD+37  3821"
2953051	"WR 136"	"HD 192163"	303.02725786560995	38.35494005028	"WR*"	7.5	"CEL   4971"
2953051	"WR 136"	"HD 192163"	303.02725786560995	38.35494005028	"WR*"	7.5	"CSV 102983"
2953051	"WR 136"	"HD 192163"	303.02725786560995	38.35494005028	"WR*"	7.5	"DO 18703"
2953051	"WR 136"	"HD 192163"	303.02725786560995	38.35494005028	"WR*"	7.5	"EXO 201017+3812.3"
2953051	"WR 136"	"HD 192163"	303.02725786560995	38.35494005028	"WR*"	7.5	"Gaia DR1 2061690233159124352"
2953051	"WR 136"	"HD 192163"	303.02725786560995	38.35494005028	"WR*"	7.5	"Gaia DR2 2061690233159124352"
2953051	"WR 136"	"HD 192163"	303.02725786560995	38.35494005028	"WR*"	7.5	"Gaia DR3 2061690233159124352"
2953051	"WR 136"	"HD 192163"	303.02725786560995	38.35494005028	"WR*"	7.5	"GC 28056"
2953051	"WR 136"	"HD 192163"	303.02725786560995	38.35494005028	"WR*"	7.5	"GCRV 12567"
2953051	"WR 136"	"HD 192163"	303.02725786560995	38.35494005028	"WR*"	7.5	"GEN# +1.00192163"
2953051	"WR 136"	"HD 192163"	303.02725786560995	38.35494005028	"WR*"	7.5	"GSC 03151-01765"
2953051	"WR 136"	"HD 192163"	303.02725786560995	38.35494005028	"WR*"	7.5	"HBHA 3703-58"
2953051	"WR 136"	"HD 192163"	303.02725786560995	38.35494005028	"WR*"	7.5	"HD 192163"
2953051	"WR 136"	"HD 192163"	303.02725786560995	38.35494005028	"WR*"	7.5	"Hen 3-1849"
2953051	"WR 136"	"HD 192163"	303.02725786560995	38.35494005028	"WR*"	7.5	"[HFE83] 1350"
2953051	"WR 136"	"HD 192163"	303.02725786560995	38.35494005028	"WR*"	7.5	"HIC  99546"
2953051	"WR 136"	"HD 192163"	303.02725786560995	38.35494005028	"WR*"	7.5	"HIP 99546"
2953051	"WR 136"	"HD 192163"	303.02725786560995	38.35494005028	"WR*"	7.5	"IRAS 20102+3812"
2953051	"WR 136"	"HD 192163"	303.02725786560995	38.35494005028	"WR*"	7.5	"JP11  3188"
2953051	"WR 136"	"HD 192163"	303.02725786560995	38.35494005028	"WR*"	7.5	"[KW97] 43-32"
2953051	"WR 136"	"HD 192163"	303.02725786560995	38.35494005028	"WR*"	7.5	"LBN 075.51+02.29"
2953051	"WR 136"	"HD 192163"	303.02725786560995	38.35494005028	"WR*"	7.5	"LBN   203"
2953051	"WR 136"	"HD 192163"	303.02725786560995	38.35494005028	"WR*"	7.5	"LS  II +38   11"
2953051	"WR 136"	"HD 192163"	303.02725786560995	38.35494005028	"WR*"	7.5	"MR 102"
2953051	"WR 136"	"HD 192163"	303.02725786560995	38.35494005028	"WR*"	7.5	"NAME Crescent Nebula"
2953051	"WR 136"	"HD 192163"	303.02725786560995	38.35494005028	"WR*"	7.5	"NGC  6888"
2953051	"WR 136"	"HD 192163"	303.02725786560995	38.35494005028	"WR*"	7.5	"NSV 12896"
2953051	"WR 136"	"HD 192163"	303.02725786560995	38.35494005028	"WR*"	7.5	"PPM  84423"
2953051	"WR 136"	"HD 192163"	303.02725786560995	38.35494005028	"WR*"	7.5	"RX J2012.1+3821"
2953051	"WR 136"	"HD 192163"	303.02725786560995	38.35494005028	"WR*"	7.5	"RX J2012.1+3821a"
2953051	"WR 136"	"HD 192163"	303.02725786560995	38.35494005028	"WR*"	7.5	"SAO  69592"
2953051	"WR 136"	"HD 192163"	303.02725786560995	38.35494005028	"WR*"	7.5	"SKY# 38042"
2953051	"WR 136"	"HD 192163"	303.02725786560995	38.35494005028	"WR*"	7.5	"[T70] 32"
2953051	"WR 136"	"HD 192163"	303.02725786560995	38.35494005028	"WR*"	7.5	"TD1 26267"
2953051	"WR 136"	"HD 192163"	303.02725786560995	38.35494005028	"WR*"	7.5	"TIC 43780908"
2953051	"WR 136"	"HD 192163"	303.02725786560995	38.35494005028	"WR*"	7.5	"TYC 3151-1765-1"
2953051	"WR 136"	"HD 192163"	303.02725786560995	38.35494005028	"WR*"	7.5	"UBV   17452"
2953051	"WR 136"	"HD 192163"	303.02725786560995	38.35494005028	"WR*"	7.5	"UBV M  24614"
2953051	"WR 136"	"HD 192163"	303.02725786560995	38.35494005028	"WR*"	7.5	"UCAC3 257-199024"
2953051	"WR 136"	"HD 192163"	303.02725786560995	38.35494005028	"WR*"	7.5	"V* V1770 Cyg"
2953051	"WR 136"	"HD 192163"	303.02725786560995	38.35494005028	"WR*"	7.5	"WR 136"
2953051	"WR 136"	"HD 192163"	303.02725786560995	38.35494005028	"WR*"	7.5	"[WW2002] 05"
2954305	"WR 142"	"WR 142"	305.43476616059996	37.3751513861	"WR*"	12.99	"2MASS J20214434+3722306"
2954305	"WR 142"	"WR 142"	305.43476616059996	37.3751513861	"WR*"	12.99	"AP J20214434+3722306"
2954305	"WR 142"	"WR 142"	305.43476616059996	37.3751513861	"WR*"	12.99	"Cl Berkeley   87    29"
2954305	"WR 142"	"WR 142"	305.43476616059996	37.3751513861	"WR*"	12.99	"Gaia DR2 2057966393428544128"
2954305	"WR 142"	"WR 142"	305.43476616059996	37.3751513861	"WR*"	12.99	"Gaia DR3 2057966393428544128"
2954305	"WR 142"	"WR 142"	305.43476616059996	37.3751513861	"WR*"	12.99	"GEN# +5.00870029"
2954305	"WR 142"	"WR 142"	305.43476616059996	37.3751513861	"WR*"	12.99	"GSC 02684-00001"
2954305	"WR 142"	"WR 142"	305.43476616059996	37.3751513861	"WR*"	12.99	"GSC2.3 N336000040"
2954305	"WR 142"	"WR 142"	305.43476616059996	37.3751513861	"WR*"	12.99	"HBHA 3703-43"
2954305	"WR 142"	"WR 142"	305.43476616059996	37.3751513861	"WR*"	12.99	"[KW97] 45-49"
2954305	"WR 142"	"WR 142"	305.43476616059996	37.3751513861	"WR*"	12.99	"[S66] 3"
2954305	"WR 142"	"WR 142"	305.43476616059996	37.3751513861	"WR*"	12.99	"[S71d] 5"
2954305	"WR 142"	"WR 142"	305.43476616059996	37.3751513861	"WR*"	12.99	"TIC 13558068"
2954305	"WR 142"	"WR 142"	305.43476616059996	37.3751513861	"WR*"	12.99	"UCAC2  44891902"
2954305	"WR 142"	"WR 142"	305.43476616059996	37.3751513861	"WR*"	12.99	"UCAC4 637-093004"
2954305	"WR 142"	"WR 142"	305.43476616059996	37.3751513861	"WR*"	12.99	"USNO-B1.0 1273-00510128"
2954305	"WR 142"	"WR 142"	305.43476616059996	37.3751513861	"WR*"	12.99	"WISEA J202144.34+372230.5"
2954305	"WR 142"	"WR 142"	305.43476616059996	37.3751513861	"WR*"	12.99	"WISE J202144.34+372230.5"
2954305	"WR 142"	"WR 142"	305.43476616059996	37.3751513861	"WR*"	12.99	"WR 142"
2954306	"WR 141"	"HD 193928"	305.38220419737	36.92021474186	"WR*"	9.78	"2MASS J20213172+3655127"
2954306	"WR 141"	"HD 193928"	305.38220419737	36.92021474186	"WR*"	9.78	"2XMMi J202131.7+365513"
2954306	"WR 141"	"HD 193928"	305.38220419737	36.92021474186	"WR*"	9.78	"2XMM J202131.7+365513"
2954306	"WR 141"	"HD 193928"	305.38220419737	36.92021474186	"WR*"	9.78	"ALS 11209"
2954306	"WR 141"	"HD 193928"	305.38220419737	36.92021474186	"WR*"	9.78	"AP J20213172+3655127"
2954306	"WR 141"	"HD 193928"	305.38220419737	36.92021474186	"WR*"	9.78	"AX J2021.6+3656"
2954306	"WR 141"	"HD 193928"	305.38220419737	36.92021474186	"WR*"	9.78	"BD+36  4028"
2954306	"WR 141"	"HD 193928"	305.38220419737	36.92021474186	"WR*"	9.78	"CCDM J20215+3656B"
2954306	"WR 141"	"HD 193928"	305.38220419737	36.92021474186	"WR*"	9.78	"DO 18911"
2954306	"WR 141"	"HD 193928"	305.38220419737	36.92021474186	"WR*"	9.78	"Gaia DR1 2057563353697487616"
2954306	"WR 141"	"HD 193928"	305.38220419737	36.92021474186	"WR*"	9.78	"Gaia DR2 2057563358004716928"
2954306	"WR 141"	"HD 193928"	305.38220419737	36.92021474186	"WR*"	9.78	"Gaia DR3 2057563358004716928"
2954306	"WR 141"	"HD 193928"	305.38220419737	36.92021474186	"WR*"	9.78	"GCRV 12715"
2954306	"WR 141"	"HD 193928"	305.38220419737	36.92021474186	"WR*"	9.78	"GEN# +1.00193928"
2954306	"WR 141"	"HD 193928"	305.38220419737	36.92021474186	"WR*"	9.78	"GSC 02684-00384"
2954306	"WR 141"	"HD 193928"	305.38220419737	36.92021474186	"WR*"	9.78	"HBHA 3703-17"
2954306	"WR 141"	"HD 193928"	305.38220419737	36.92021474186	"WR*"	9.78	"HD 193928"
2954306	"WR 141"	"HD 193928"	305.38220419737	36.92021474186	"WR*"	9.78	"Hen 3-1888"
2954306	"WR 141"	"HD 193928"	305.38220419737	36.92021474186	"WR*"	9.78	"HIC 120155"
2954306	"WR 141"	"HD 193928"	305.38220419737	36.92021474186	"WR*"	9.78	"Hilt  941"
2954306	"WR 141"	"HD 193928"	305.38220419737	36.92021474186	"WR*"	9.78	"HIP 120155"
2954306	"WR 141"	"HD 193928"	305.38220419737	36.92021474186	"WR*"	9.78	"IDS 20176+3637 B"
2954306	"WR 141"	"HD 193928"	305.38220419737	36.92021474186	"WR*"	9.78	"JP11  3236"
2954306	"WR 141"	"HD 193928"	305.38220419737	36.92021474186	"WR*"	9.78	"[KW97] 45-46"
2954306	"WR 141"	"HD 193928"	305.38220419737	36.92021474186	"WR*"	9.78	"LS  II +36   65"
2954306	"WR 141"	"HD 193928"	305.38220419737	36.92021474186	"WR*"	9.78	"MR 108"
2954306	"WR 141"	"HD 193928"	305.38220419737	36.92021474186	"WR*"	9.78	"NSV 13040"
2954306	"WR 141"	"HD 193928"	305.38220419737	36.92021474186	"WR*"	9.78	"[RRK2001] J2020+3658 src 1"
2954306	"WR 141"	"HD 193928"	305.38220419737	36.92021474186	"WR*"	9.78	"SBC7   811"
2954306	"WR 141"	"HD 193928"	305.38220419737	36.92021474186	"WR*"	9.78	"SBC9 1235"
2954306	"WR 141"	"HD 193928"	305.38220419737	36.92021474186	"WR*"	9.78	"TIC 13249293"
2954306	"WR 141"	"HD 193928"	305.38220419737	36.92021474186	"WR*"	9.78	"TYC 2684-384-1"
2954306	"WR 141"	"HD 193928"	305.38220419737	36.92021474186	"WR*"	9.78	"UBV   17660"
2954306	"WR 141"	"HD 193928"	305.38220419737	36.92021474186	"WR*"	9.78	"UCAC2  44722121"
2954306	"WR 141"	"HD 193928"	305.38220419737	36.92021474186	"WR*"	9.78	"V* V2183 Cyg"
2954306	"WR 141"	"HD 193928"	305.38220419737	36.92021474186	"WR*"	9.78	"WEB 18118"
2954306	"WR 141"	"HD 193928"	305.38220419737	36.92021474186	"WR*"	9.78	"WR 141"
2954631	"WR 138"	"HD 193077"	304.25010874466	37.42327374531	"WR*"	8.01	"1RXS J201700.4+372524"
2954631	"WR 138"	"HD 193077"	304.25010874466	37.42327374531	"WR*"	8.01	"2E 2015.1+3715"
2954631	"WR 138"	"HD 193077"	304.25010874466	37.42327374531	"WR*"	8.01	"2E  4350"
2954631	"WR 138"	"HD 193077"	304.25010874466	37.42327374531	"WR*"	8.01	"2MASS J20170002+3725238"
2954631	"WR 138"	"HD 193077"	304.25010874466	37.42327374531	"WR*"	8.01	"** A 1423A"
2954631	"WR 138"	"HD 193077"	304.25010874466	37.42327374531	"WR*"	8.01	"ADS 13641 A"
2954631	"WR 138"	"HD 193077"	304.25010874466	37.42327374531	"WR*"	8.01	"AG+37 1950"
2954631	"WR 138"	"HD 193077"	304.25010874466	37.42327374531	"WR*"	8.01	"ALS 11073"
2954631	"WR 138"	"HD 193077"	304.25010874466	37.42327374531	"WR*"	8.01	"BD+36  3987"
2954631	"WR 138"	"HD 193077"	304.25010874466	37.42327374531	"WR*"	8.01	"CCDM J20170+3725A"
2954631	"WR 138"	"HD 193077"	304.25010874466	37.42327374531	"WR*"	8.01	"CSV 101974"
2954631	"WR 138"	"HD 193077"	304.25010874466	37.42327374531	"WR*"	8.01	"DO 18812"
2954631	"WR 138"	"HD 193077"	304.25010874466	37.42327374531	"WR*"	8.01	"Gaia DR1 2060661846184974464"
2954631	"WR 138"	"HD 193077"	304.25010874466	37.42327374531	"WR*"	8.01	"Gaia DR2 2060661846184974464"
2954631	"WR 138"	"HD 193077"	304.25010874466	37.42327374531	"WR*"	8.01	"Gaia DR3 2060661846184974464"
2954631	"WR 138"	"HD 193077"	304.25010874466	37.42327374531	"WR*"	8.01	"GCRV 12665"
2954631	"WR 138"	"HD 193077"	304.25010874466	37.42327374531	"WR*"	8.01	"GEN# +1.00193077A"
2954631	"WR 138"	"HD 193077"	304.25010874466	37.42327374531	"WR*"	8.01	"GSC 02684-00857"
2954631	"WR 138"	"HD 193077"	304.25010874466	37.42327374531	"WR*"	8.01	"HBHA 3703-87"
2954631	"WR 138"	"HD 193077"	304.25010874466	37.42327374531	"WR*"	8.01	"HD 193077"
2954631	"WR 138"	"HD 193077"	304.25010874466	37.42327374531	"WR*"	8.01	"HD 193077A"
2954631	"WR 138"	"HD 193077"	304.25010874466	37.42327374531	"WR*"	8.01	"** HDS 2891A"
2954631	"WR 138"	"HD 193077"	304.25010874466	37.42327374531	"WR*"	8.01	"Hen 3-1866"
2954631	"WR 138"	"HD 193077"	304.25010874466	37.42327374531	"WR*"	8.01	"HIC  99982"
2954631	"WR 138"	"HD 193077"	304.25010874466	37.42327374531	"WR*"	8.01	"HIP 99982"
2954631	"WR 138"	"HD 193077"	304.25010874466	37.42327374531	"WR*"	8.01	"IDS 20133+3707 A"
2954631	"WR 138"	"HD 193077"	304.25010874466	37.42327374531	"WR*"	8.01	"JP11  3214"
2954631	"WR 138"	"HD 193077"	304.25010874466	37.42327374531	"WR*"	8.01	"[KW97] 44-43"
2954631	"WR 138"	"HD 193077"	304.25010874466	37.42327374531	"WR*"	8.01	"LS  II +37   43"
2954631	"WR 138"	"HD 193077"	304.25010874466	37.42327374531	"WR*"	8.01	"[MGH2000]  7"
2954631	"WR 138"	"HD 193077"	304.25010874466	37.42327374531	"WR*"	8.01	"MR 104"
2954631	"WR 138"	"HD 193077"	304.25010874466	37.42327374531	"WR*"	8.01	"NSV 12979"
2954631	"WR 138"	"HD 193077"	304.25010874466	37.42327374531	"WR*"	8.01	"PPM  84624"
2954631	"WR 138"	"HD 193077"	304.25010874466	37.42327374531	"WR*"	8.01	"SAO  69755"
2954631	"WR 138"	"HD 193077"	304.25010874466	37.42327374531	"WR*"	8.01	"SBC9 1219"
2954631	"WR 138"	"HD 193077"	304.25010874466	37.42327374531	"WR*"	8.01	"SKY# 38265"
2954631	"WR 138"	"HD 193077"	304.25010874466	37.42327374531	"WR*"	8.01	"SV* ZI  1895"
2954631	"WR 138"	"HD 193077"	304.25010874466	37.42327374531	"WR*"	8.01	"TD1 26450"
2954631	"WR 138"	"HD 193077"	304.25010874466	37.42327374531	"WR*"	8.01	"TIC 12019694"
2954631	"WR 138"	"HD 193077"	304.25010874466	37.42327374531	"WR*"	8.01	"TYC 2684-857-1"
2954631	"WR 138"	"HD 193077"	304.25010874466	37.42327374531	"WR*"	8.01	"UBV   17574"
2954631	"WR 138"	"HD 193077"	304.25010874466	37.42327374531	"WR*"	8.01	"UCAC2  44890415"
2954631	"WR 138"	"HD 193077"	304.25010874466	37.42327374531	"WR*"	8.01	"UCAC4 638-092312"
2954631	"WR 138"	"HD 193077"	304.25010874466	37.42327374531	"WR*"	8.01	"uvby98 100193077"
2954631	"WR 138"	"HD 193077"	304.25010874466	37.42327374531	"WR*"	8.01	"WDS J20170+3725A"
2954631	"WR 138"	"HD 193077"	304.25010874466	37.42327374531	"WR*"	8.01	"WDS J20170+3725Aa"
2954631	"WR 138"	"HD 193077"	304.25010874466	37.42327374531	"WR*"	8.01	"WEB 17996"
2954631	"WR 138"	"HD 193077"	304.25010874466	37.42327374531	"WR*"	8.01	"WISEA J201700.03+372523.6"
2954631	"WR 138"	"HD 193077"	304.25010874466	37.42327374531	"WR*"	8.01	"WISE J201700.03+372523.6"
2954631	"WR 138"	"HD 193077"	304.25010874466	37.42327374531	"WR*"	8.01	"WR 138"
2954634	"WR 139"	"HD 193576"	304.88509548351993	38.73165528771	"WR*"	8.0	"2E 2017.7+3834"
2954634	"WR 139"	"HD 193576"	304.88509548351993	38.73165528771	"WR*"	8.0	"2E  4358"
2954634	"WR 139"	"HD 193576"	304.88509548351993	38.73165528771	"WR*"	8.0	"2MASS J20193242+3843541"
2954634	"WR 139"	"HD 193576"	304.88509548351993	38.73165528771	"WR*"	8.0	"2XMM J201932.4+384354"
2954634	"WR 139"	"HD 193576"	304.88509548351993	38.73165528771	"WR*"	8.0	"AG+38 2015"
2954634	"WR 139"	"HD 193576"	304.88509548351993	38.73165528771	"WR*"	8.0	"ALS 11163"
2954634	"WR 139"	"HD 193576"	304.88509548351993	38.73165528771	"WR*"	8.0	"BD+38  4010"
2954634	"WR 139"	"HD 193576"	304.88509548351993	38.73165528771	"WR*"	8.0	"CMC  208226"
2954634	"WR 139"	"HD 193576"	304.88509548351993	38.73165528771	"WR*"	8.0	"Gaia DR1 2061291591475062912"
2954634	"WR 139"	"HD 193576"	304.88509548351993	38.73165528771	"WR*"	8.0	"Gaia DR2 2061291595788070656"
2954634	"WR 139"	"HD 193576"	304.88509548351993	38.73165528771	"WR*"	8.0	"Gaia DR3 2061291595788070656"
2954634	"WR 139"	"HD 193576"	304.88509548351993	38.73165528771	"WR*"	8.0	"GCRV 12693"
2954634	"WR 139"	"HD 193576"	304.88509548351993	38.73165528771	"WR*"	8.0	"GEN# +1.00193576"
2954634	"WR 139"	"HD 193576"	304.88509548351993	38.73165528771	"WR*"	8.0	"Glazar Cyg  17"
2954634	"WR 139"	"HD 193576"	304.88509548351993	38.73165528771	"WR*"	8.0	"GOS G076.60+01.43 01"
2954634	"WR 139"	"HD 193576"	304.88509548351993	38.73165528771	"WR*"	8.0	"GSC 03151-01250"
2954634	"WR 139"	"HD 193576"	304.88509548351993	38.73165528771	"WR*"	8.0	"HD 193576"
2954634	"WR 139"	"HD 193576"	304.88509548351993	38.73165528771	"WR*"	8.0	"Hen 3-1877"
2954634	"WR 139"	"HD 193576"	304.88509548351993	38.73165528771	"WR*"	8.0	"HIC 100214"
2954634	"WR 139"	"HD 193576"	304.88509548351993	38.73165528771	"WR*"	8.0	"Hilt  928"
2954634	"WR 139"	"HD 193576"	304.88509548351993	38.73165528771	"WR*"	8.0	"HIP 100214"
2954634	"WR 139"	"HD 193576"	304.88509548351993	38.73165528771	"WR*"	8.0	"IRAS 20177+3834"
2954634	"WR 139"	"HD 193576"	304.88509548351993	38.73165528771	"WR*"	8.0	"JP11  3229"
2954634	"WR 139"	"HD 193576"	304.88509548351993	38.73165528771	"WR*"	8.0	"[KW97] 45-18"
2954634	"WR 139"	"HD 193576"	304.88509548351993	38.73165528771	"WR*"	8.0	"LS  II +38   42"
2954634	"WR 139"	"HD 193576"	304.88509548351993	38.73165528771	"WR*"	8.0	"[MJD95] J201932.40+384353.1"
2954634	"WR 139"	"HD 193576"	304.88509548351993	38.73165528771	"WR*"	8.0	"MR 106"
2954634	"WR 139"	"HD 193576"	304.88509548351993	38.73165528771	"WR*"	8.0	"PPM  84712"
2954634	"WR 139"	"HD 193576"	304.88509548351993	38.73165528771	"WR*"	8.0	"SAO  69833"
2954634	"WR 139"	"HD 193576"	304.88509548351993	38.73165528771	"WR*"	8.0	"SBC7   806"
2954634	"WR 139"	"HD 193576"	304.88509548351993	38.73165528771	"WR*"	8.0	"SBC9 1228"
2954634	"WR 139"	"HD 193576"	304.88509548351993	38.73165528771	"WR*"	8.0	"SKY# 38375"
2954634	"WR 139"	"HD 193576"	304.88509548351993	38.73165528771	"WR*"	8.0	"SV* HV 11111"
2954634	"WR 139"	"HD 193576"	304.88509548351993	38.73165528771	"WR*"	8.0	"TIC 12672792"
2954634	"WR 139"	"HD 193576"	304.88509548351993	38.73165528771	"WR*"	8.0	"TYC 3151-1250-1"
2954634	"WR 139"	"HD 193576"	304.88509548351993	38.73165528771	"WR*"	8.0	"UBV   17619"
2954634	"WR 139"	"HD 193576"	304.88509548351993	38.73165528771	"WR*"	8.0	"UCAC2  45395505"
2954634	"WR 139"	"HD 193576"	304.88509548351993	38.73165528771	"WR*"	8.0	"V* V444 Cyg"
2954634	"WR 139"	"HD 193576"	304.88509548351993	38.73165528771	"WR*"	8.0	"WEB 18055"
2954634	"WR 139"	"HD 193576"	304.88509548351993	38.73165528771	"WR*"	8.0	"WR 139"
2994088	"WR  11"	"* gam02 Vel"	122.38312555977059	-47.336586329303486	"WR*"	1.83	"1ES 0807-47.1"
2994088	"WR  11"	"* gam02 Vel"	122.38312555977059	-47.336586329303486	"WR*"	1.83	"1RXS J080933.7-472027"
2994088	"WR  11"	"* gam02 Vel"	122.38312555977059	-47.336586329303486	"WR*"	1.83	"2E 0808.0-4711"
2994088	"WR  11"	"* gam02 Vel"	122.38312555977059	-47.336586329303486	"WR*"	1.83	"2E  1936"
2994088	"WR  11"	"* gam02 Vel"	122.38312555977059	-47.336586329303486	"WR*"	1.83	"2MASS J08093195-4720115"
2994088	"WR  11"	"* gam02 Vel"	122.38312555977059	-47.336586329303486	"WR*"	1.83	"2XMM J080931.9-472011"
2994088	"WR  11"	"* gam02 Vel"	122.38312555977059	-47.336586329303486	"WR*"	1.83	"[ALL76] A"
2994088	"WR  11"	"* gam02 Vel"	122.38312555977059	-47.336586329303486	"WR*"	1.83	"ALS   980"
2994088	"WR  11"	"* gam02 Vel"	122.38312555977059	-47.336586329303486	"WR*"	1.83	"AT20G J080931-472011"
2994088	"WR  11"	"* gam02 Vel"	122.38312555977059	-47.336586329303486	"WR*"	1.83	"CCDM J08095-4721A"
2994088	"WR  11"	"* gam02 Vel"	122.38312555977059	-47.336586329303486	"WR*"	1.83	"CD-46  3840"
2994088	"WR  11"	"* gam02 Vel"	122.38312555977059	-47.336586329303486	"WR*"	1.83	"CD-46  3847"
2994088	"WR  11"	"* gam02 Vel"	122.38312555977059	-47.336586329303486	"WR*"	1.83	"CEL   2193"
2994088	"WR  11"	"* gam02 Vel"	122.38312555977059	-47.336586329303486	"WR*"	1.83	"CPC  0  5440"
2994088	"WR  11"	"* gam02 Vel"	122.38312555977059	-47.336586329303486	"WR*"	1.83	"CPD-46  2202"
2994088	"WR  11"	"* gam02 Vel"	122.38312555977059	-47.336586329303486	"WR*"	1.83	"** DUN   65A"
2994088	"WR  11"	"* gam02 Vel"	122.38312555977059	-47.336586329303486	"WR*"	1.83	"FK5  309"
2994088	"WR  11"	"* gam02 Vel"	122.38312555977059	-47.336586329303486	"WR*"	1.83	"* gam02 Vel"
2994088	"WR  11"	"* gam02 Vel"	122.38312555977059	-47.336586329303486	"WR*"	1.83	"* gam Vel"
2994088	"WR  11"	"* gam02 Vel"	122.38312555977059	-47.336586329303486	"WR*"	1.83	"GC 11105"
2994088	"WR  11"	"* gam02 Vel"	122.38312555977059	-47.336586329303486	"WR*"	1.83	"GCRV  5419"
2994088	"WR  11"	"* gam02 Vel"	122.38312555977059	-47.336586329303486	"WR*"	1.83	"GEN# +1.00068273"
2994088	"WR  11"	"* gam02 Vel"	122.38312555977059	-47.336586329303486	"WR*"	1.83	"GOS G262.80-07.69 01"
2994088	"WR  11"	"* gam02 Vel"	122.38312555977059	-47.336586329303486	"WR*"	1.83	"GSC 08140-06533"
2994088	"WR  11"	"* gam02 Vel"	122.38312555977059	-47.336586329303486	"WR*"	1.83	"GUM 12a"
2994088	"WR  11"	"* gam02 Vel"	122.38312555977059	-47.336586329303486	"WR*"	1.83	"HD  68273"
2994088	"WR  11"	"* gam02 Vel"	122.38312555977059	-47.336586329303486	"WR*"	1.83	"Hen 3-127"
2994088	"WR  11"	"* gam02 Vel"	122.38312555977059	-47.336586329303486	"WR*"	1.83	"HIC  39953"
2994088	"WR  11"	"* gam02 Vel"	122.38312555977059	-47.336586329303486	"WR*"	1.83	"HIP 39953"
2994088	"WR  11"	"* gam02 Vel"	122.38312555977059	-47.336586329303486	"WR*"	1.83	"HR  3207"
2994088	"WR  11"	"* gam02 Vel"	122.38312555977059	-47.336586329303486	"WR*"	1.83	"IDS 08065-4703 A"
2994088	"WR  11"	"* gam02 Vel"	122.38312555977059	-47.336586329303486	"WR*"	1.83	"IRAS 08079-4711"
2994088	"WR  11"	"* gam02 Vel"	122.38312555977059	-47.336586329303486	"WR*"	1.83	"JP11  1639"
2994088	"WR  11"	"* gam02 Vel"	122.38312555977059	-47.336586329303486	"WR*"	1.83	"LS  980"
2994088	"WR  11"	"* gam02 Vel"	122.38312555977059	-47.336586329303486	"WR*"	1.83	"MOST 0807-471"
2994088	"WR  11"	"* gam02 Vel"	122.38312555977059	-47.336586329303486	"WR*"	1.83	"MR  12"
2994088	"WR  11"	"* gam02 Vel"	122.38312555977059	-47.336586329303486	"WR*"	1.83	"N30 1888"
2994088	"WR  11"	"* gam02 Vel"	122.38312555977059	-47.336586329303486	"WR*"	1.83	"NAME Regor"
2994088	"WR  11"	"* gam02 Vel"	122.38312555977059	-47.336586329303486	"WR*"	1.83	"PLX 1940.01"
2994088	"WR  11"	"* gam02 Vel"	122.38312555977059	-47.336586329303486	"WR*"	1.83	"PMSC 08065-4702A"
2994088	"WR  11"	"* gam02 Vel"	122.38312555977059	-47.336586329303486	"WR*"	1.83	"PMSC 08065-4702Aab"
2994088	"WR  11"	"* gam02 Vel"	122.38312555977059	-47.336586329303486	"WR*"	1.83	"PMSC 08065-4702AP"
2994088	"WR  11"	"* gam02 Vel"	122.38312555977059	-47.336586329303486	"WR*"	1.83	"PPM 312662"
2994088	"WR  11"	"* gam02 Vel"	122.38312555977059	-47.336586329303486	"WR*"	1.83	"SACS 178"
2994088	"WR  11"	"* gam02 Vel"	122.38312555977059	-47.336586329303486	"WR*"	1.83	"SAO 219504"
2994088	"WR  11"	"* gam02 Vel"	122.38312555977059	-47.336586329303486	"WR*"	1.83	"SBC7   334"
2994088	"WR  11"	"* gam02 Vel"	122.38312555977059	-47.336586329303486	"WR*"	1.83	"SBC9 500"
2994088	"WR  11"	"* gam02 Vel"	122.38312555977059	-47.336586329303486	"WR*"	1.83	"SKY# 15412"
2994088	"WR  11"	"* gam02 Vel"	122.38312555977059	-47.336586329303486	"WR*"	1.83	"TIC 354825513"
2994088	"WR  11"	"* gam02 Vel"	122.38312555977059	-47.336586329303486	"WR*"	1.83	"** TOK    2"
2994088	"WR  11"	"* gam02 Vel"	122.38312555977059	-47.336586329303486	"WR*"	1.83	"TYC 8140-6533-1"
2994088	"WR  11"	"* gam02 Vel"	122.38312555977059	-47.336586329303486	"WR*"	1.83	"UBV    7815"
2994088	"WR  11"	"* gam02 Vel"	122.38312555977059	-47.336586329303486	"WR*"	1.83	"UCAC4 214-020008"
2994088	"WR  11"	"* gam02 Vel"	122.38312555977059	-47.336586329303486	"WR*"	1.83	"V* gam02 Vel"
2994088	"WR  11"	"* gam02 Vel"	122.38312555977059	-47.336586329303486	"WR*"	1.83	"WDS J08095-4720A"
2994088	"WR  11"	"* gam02 Vel"	122.38312555977059	-47.336586329303486	"WR*"	1.83	"WDS J08095-4720Aa,Ab"
2994088	"WR  11"	"* gam02 Vel"	122.38312555977059	-47.336586329303486	"WR*"	1.83	"WEB  7786"
2994088	"WR  11"	"* gam02 Vel"	122.38312555977059	-47.336586329303486	"WR*"	1.83	"WR  11"
3004739	"WR  13"	"Ve 6-15"	132.47065265332	-45.17333473590999	"WR*"	12.93	"2MASS J08495295-4510240"
3004739	"WR  13"	"Ve 6-15"	132.47065265332	-45.17333473590999	"WR*"	12.93	"ALS  1170"
3004739	"WR  13"	"Ve 6-15"	132.47065265332	-45.17333473590999	"WR*"	12.93	"CSI-44-08481"
3004739	"WR  13"	"Ve 6-15"	132.47065265332	-45.17333473590999	"WR*"	12.93	"Gaia DR2 5331491785272445952"
3004739	"WR  13"	"Ve 6-15"	132.47065265332	-45.17333473590999	"WR*"	12.93	"Gaia DR3 5331491785272445952"
3004739	"WR  13"	"Ve 6-15"	132.47065265332	-45.17333473590999	"WR*"	12.93	"GSC 08152-02075"
3004739	"WR  13"	"Ve 6-15"	132.47065265332	-45.17333473590999	"WR*"	12.93	"LS 1170"
3004739	"WR  13"	"Ve 6-15"	132.47065265332	-45.17333473590999	"WR*"	12.93	"MR  15"
3004739	"WR  13"	"Ve 6-15"	132.47065265332	-45.17333473590999	"WR*"	12.93	"TIC 28951752"
3004739	"WR  13"	"Ve 6-15"	132.47065265332	-45.17333473590999	"WR*"	12.93	"UCAC2  12400108"
3004739	"WR  13"	"Ve 6-15"	132.47065265332	-45.17333473590999	"WR*"	12.93	"UCAC4 225-031616"
3004739	"WR  13"	"Ve 6-15"	132.47065265332	-45.17333473590999	"WR*"	12.93	"Ve 6-15"
3004739	"WR  13"	"Ve 6-15"	132.47065265332	-45.17333473590999	"WR*"	12.93	"WR  13"
3004739	"WR  13"	"Ve 6-15"	132.47065265332	-45.17333473590999	"WR*"	12.93	"WRAY 15-289"
3005509	"WR  12"	"CD-45  4482"	131.197042225	-45.98206038543	"WR*"	10.74	"2MASS J08444729-4558554"
3005509	"WR  12"	"CD-45  4482"	131.197042225	-45.98206038543	"WR*"	10.74	"ALS  1145"
3005509	"WR  12"	"CD-45  4482"	131.197042225	-45.98206038543	"WR*"	10.74	"[CBN2007] J084447.2-455856"
3005509	"WR  12"	"CD-45  4482"	131.197042225	-45.98206038543	"WR*"	10.74	"CD-45  4482"
3005509	"WR  12"	"CD-45  4482"	131.197042225	-45.98206038543	"WR*"	10.74	"CEL   2845"
3005509	"WR  12"	"CD-45  4482"	131.197042225	-45.98206038543	"WR*"	10.74	"[COB2018] 2041"
3005509	"WR  12"	"CD-45  4482"	131.197042225	-45.98206038543	"WR*"	10.74	"CPD-45  2957"
3005509	"WR  12"	"CD-45  4482"	131.197042225	-45.98206038543	"WR*"	10.74	"Gaia DR1 5329864233192144000"
3005509	"WR  12"	"CD-45  4482"	131.197042225	-45.98206038543	"WR*"	10.74	"Gaia DR2 5329864237502044160"
3005509	"WR  12"	"CD-45  4482"	131.197042225	-45.98206038543	"WR*"	10.74	"Gaia DR3 5329864237502044160"
3005509	"WR  12"	"CD-45  4482"	131.197042225	-45.98206038543	"WR*"	10.74	"GEN# -0.04504482"
3005509	"WR  12"	"CD-45  4482"	131.197042225	-45.98206038543	"WR*"	10.74	"GSC 08151-04295"
3005509	"WR  12"	"CD-45  4482"	131.197042225	-45.98206038543	"WR*"	10.74	"Hen 3-200"
3005509	"WR  12"	"CD-45  4482"	131.197042225	-45.98206038543	"WR*"	10.74	"LS 1145"
3005509	"WR  12"	"CD-45  4482"	131.197042225	-45.98206038543	"WR*"	10.74	"MR  13"
3005509	"WR  12"	"CD-45  4482"	131.197042225	-45.98206038543	"WR*"	10.74	"MSX6C G265.2003-01.9681"
3005509	"WR  12"	"CD-45  4482"	131.197042225	-45.98206038543	"WR*"	10.74	"[N75] 310"
3005509	"WR  12"	"CD-45  4482"	131.197042225	-45.98206038543	"WR*"	10.74	"TIC 430553024"
3005509	"WR  12"	"CD-45  4482"	131.197042225	-45.98206038543	"WR*"	10.74	"TYC 8151-4295-1"
3005509	"WR  12"	"CD-45  4482"	131.197042225	-45.98206038543	"WR*"	10.74	"UBV M  42858"
3005509	"WR  12"	"CD-45  4482"	131.197042225	-45.98206038543	"WR*"	10.74	"UCAC2  12177073"
3005509	"WR  12"	"CD-45  4482"	131.197042225	-45.98206038543	"WR*"	10.74	"UCAC4 221-030102"
3005509	"WR  12"	"CD-45  4482"	131.197042225	-45.98206038543	"WR*"	10.74	"Ve 5-5"
3005509	"WR  12"	"CD-45  4482"	131.197042225	-45.98206038543	"WR*"	10.74	"V* V378 Vel"
3005509	"WR  12"	"CD-45  4482"	131.197042225	-45.98206038543	"WR*"	10.74	"WR  12"
3005509	"WR  12"	"CD-45  4482"	131.197042225	-45.98206038543	"WR*"	10.74	"WRAY 15-269"
3018711	"WR  14"	"HD  76536"	133.74652954956	-47.59240615772	"WR*"	8.8	"2MASS J08545916-4735327"
3018711	"WR  14"	"HD  76536"	133.74652954956	-47.59240615772	"WR*"	8.8	"ALS  1202"
3018711	"WR  14"	"HD  76536"	133.74652954956	-47.59240615772	"WR*"	8.8	"CD-47  4504"
3018711	"WR  14"	"HD  76536"	133.74652954956	-47.59240615772	"WR*"	8.8	"CPC  0  6758"
3018711	"WR  14"	"HD  76536"	133.74652954956	-47.59240615772	"WR*"	8.8	"CPD-47  2912"
3018711	"WR  14"	"HD  76536"	133.74652954956	-47.59240615772	"WR*"	8.8	"[FWS69]   II-34"
3018711	"WR  14"	"HD  76536"	133.74652954956	-47.59240615772	"WR*"	8.8	"Gaia DR1 5328783275815081984"
3018711	"WR  14"	"HD  76536"	133.74652954956	-47.59240615772	"WR*"	8.8	"Gaia DR2 5328783280128054784"
3018711	"WR  14"	"HD  76536"	133.74652954956	-47.59240615772	"WR*"	8.8	"Gaia DR3 5328783280128054784"
3018711	"WR  14"	"HD  76536"	133.74652954956	-47.59240615772	"WR*"	8.8	"GEN# +1.00076536"
3018711	"WR  14"	"HD  76536"	133.74652954956	-47.59240615772	"WR*"	8.8	"GSC 08156-00950"
3018711	"WR  14"	"HD  76536"	133.74652954956	-47.59240615772	"WR*"	8.8	"GUM 21"
3018711	"WR  14"	"HD  76536"	133.74652954956	-47.59240615772	"WR*"	8.8	"HD  76536"
3018711	"WR  14"	"HD  76536"	133.74652954956	-47.59240615772	"WR*"	8.8	"Hen 3-226"
3018711	"WR  14"	"HD  76536"	133.74652954956	-47.59240615772	"WR*"	8.8	"HIC  43778"
3018711	"WR  14"	"HD  76536"	133.74652954956	-47.59240615772	"WR*"	8.8	"HIP 43778"
3018711	"WR  14"	"HD  76536"	133.74652954956	-47.59240615772	"WR*"	8.8	"LS 1202"
3018711	"WR  14"	"HD  76536"	133.74652954956	-47.59240615772	"WR*"	8.8	"MR  16"
3018711	"WR  14"	"HD  76536"	133.74652954956	-47.59240615772	"WR*"	8.8	"MSX6C G267.5524-01.6372"
3018711	"WR  14"	"HD  76536"	133.74652954956	-47.59240615772	"WR*"	8.8	"[N75] 370"
3018711	"WR  14"	"HD  76536"	133.74652954956	-47.59240615772	"WR*"	8.8	"NSV 18087"
3018711	"WR  14"	"HD  76536"	133.74652954956	-47.59240615772	"WR*"	8.8	"PPM 313777"
3018711	"WR  14"	"HD  76536"	133.74652954956	-47.59240615772	"WR*"	8.8	"SAO 220658"
3018711	"WR  14"	"HD  76536"	133.74652954956	-47.59240615772	"WR*"	8.8	"TIC 30135253"
3018711	"WR  14"	"HD  76536"	133.74652954956	-47.59240615772	"WR*"	8.8	"TYC 8156-950-1"
3018711	"WR  14"	"HD  76536"	133.74652954956	-47.59240615772	"WR*"	8.8	"UBV    8658"
3018711	"WR  14"	"HD  76536"	133.74652954956	-47.59240615772	"WR*"	8.8	"UCAC2  11273150"
3018711	"WR  14"	"HD  76536"	133.74652954956	-47.59240615772	"WR*"	8.8	"UCAC4 213-033932"
3018711	"WR  14"	"HD  76536"	133.74652954956	-47.59240615772	"WR*"	8.8	"Ve 5-8"
3018711	"WR  14"	"HD  76536"	133.74652954956	-47.59240615772	"WR*"	8.8	"WR  14"
3018711	"WR  14"	"HD  76536"	133.74652954956	-47.59240615772	"WR*"	8.8	"WRAY 15-306"
3031523	"WR  15"	"HD  79573"	138.2990371603	-50.10708999128	"WR*"	10.69	"2MASS J09131176-5006254"
3031523	"WR  15"	"HD  79573"	138.2990371603	-50.10708999128	"WR*"	10.69	"ALS  1259"
3031523	"WR  15"	"HD  79573"	138.2990371603	-50.10708999128	"WR*"	10.69	"CD-49  4218"
3031523	"WR  15"	"HD  79573"	138.2990371603	-50.10708999128	"WR*"	10.69	"CPD-49  2273"
3031523	"WR  15"	"HD  79573"	138.2990371603	-50.10708999128	"WR*"	10.69	"Gaia DR1 5325632522167005440"
3031523	"WR  15"	"HD  79573"	138.2990371603	-50.10708999128	"WR*"	10.69	"Gaia DR2 5325632526471160832"
3031523	"WR  15"	"HD  79573"	138.2990371603	-50.10708999128	"WR*"	10.69	"Gaia DR3 5325632526471160832"
3031523	"WR  15"	"HD  79573"	138.2990371603	-50.10708999128	"WR*"	10.69	"GEN# +1.00079573"
3031523	"WR  15"	"HD  79573"	138.2990371603	-50.10708999128	"WR*"	10.69	"GSC 08174-00181"
3031523	"WR  15"	"HD  79573"	138.2990371603	-50.10708999128	"WR*"	10.69	"HD  79573"
3031523	"WR  15"	"HD  79573"	138.2990371603	-50.10708999128	"WR*"	10.69	"Hen 3-257"
3031523	"WR  15"	"HD  79573"	138.2990371603	-50.10708999128	"WR*"	10.69	"HIC  45237"
3031523	"WR  15"	"HD  79573"	138.2990371603	-50.10708999128	"WR*"	10.69	"HIP 45237"
3031523	"WR  15"	"HD  79573"	138.2990371603	-50.10708999128	"WR*"	10.69	"IRAS 09115-4953"
3031523	"WR  15"	"HD  79573"	138.2990371603	-50.10708999128	"WR*"	10.69	"LS 1259"
3031523	"WR  15"	"HD  79573"	138.2990371603	-50.10708999128	"WR*"	10.69	"MR  17"
3031523	"WR  15"	"HD  79573"	138.2990371603	-50.10708999128	"WR*"	10.69	"MSX6C G271.4234-01.0815"
3031523	"WR  15"	"HD  79573"	138.2990371603	-50.10708999128	"WR*"	10.69	"[N75] 406"
3031523	"WR  15"	"HD  79573"	138.2990371603	-50.10708999128	"WR*"	10.69	"TIC 356073087"
3031523	"WR  15"	"HD  79573"	138.2990371603	-50.10708999128	"WR*"	10.69	"TYC 8174-181-1"
3031523	"WR  15"	"HD  79573"	138.2990371603	-50.10708999128	"WR*"	10.69	"UCAC2  10131661"
3031523	"WR  15"	"HD  79573"	138.2990371603	-50.10708999128	"WR*"	10.69	"UCAC4 200-028127"
3031523	"WR  15"	"HD  79573"	138.2990371603	-50.10708999128	"WR*"	10.69	"Ve 5-10"
3031523	"WR  15"	"HD  79573"	138.2990371603	-50.10708999128	"WR*"	10.69	"WR  15"
3031523	"WR  15"	"HD  79573"	138.2990371603	-50.10708999128	"WR*"	10.69	"WRAY 15-341"
3145197	"WR  16"	"HD  86161"	148.72043081582	-57.72729851239001	"WR*"	8.36	"2MASS J09545291-5743382"
3145197	"WR  16"	"HD  86161"	148.72043081582	-57.72729851239001	"WR*"	8.36	"ALS  1374"
3145197	"WR  16"	"HD  86161"	148.72043081582	-57.72729851239001	"WR*"	8.36	"CD-57  2898"
3145197	"WR  16"	"HD  86161"	148.72043081582	-57.72729851239001	"WR*"	8.36	"CPC 20  2772"
3145197	"WR  16"	"HD  86161"	148.72043081582	-57.72729851239001	"WR*"	8.36	"CPD-57  2420"
3145197	"WR  16"	"HD  86161"	148.72043081582	-57.72729851239001	"WR*"	8.36	"Gaia DR1 5259375573521905664"
3145197	"WR  16"	"HD  86161"	148.72043081582	-57.72729851239001	"WR*"	8.36	"Gaia DR2 5259375577836135168"
3145197	"WR  16"	"HD  86161"	148.72043081582	-57.72729851239001	"WR*"	8.36	"Gaia DR3 5259375577836135168"
3145197	"WR  16"	"HD  86161"	148.72043081582	-57.72729851239001	"WR*"	8.36	"GC 13663"
3145197	"WR  16"	"HD  86161"	148.72043081582	-57.72729851239001	"WR*"	8.36	"GEN# +1.00086161"
3145197	"WR  16"	"HD  86161"	148.72043081582	-57.72729851239001	"WR*"	8.36	"GSC 08606-00333"
3145197	"WR  16"	"HD  86161"	148.72043081582	-57.72729851239001	"WR*"	8.36	"HD  86161"
3145197	"WR  16"	"HD  86161"	148.72043081582	-57.72729851239001	"WR*"	8.36	"Hen 3-342"
3145197	"WR  16"	"HD  86161"	148.72043081582	-57.72729851239001	"WR*"	8.36	"HIC  48617"
3145197	"WR  16"	"HD  86161"	148.72043081582	-57.72729851239001	"WR*"	8.36	"HIP 48617"
3145197	"WR  16"	"HD  86161"	148.72043081582	-57.72729851239001	"WR*"	8.36	"IRAS 09532-5729"
3145197	"WR  16"	"HD  86161"	148.72043081582	-57.72729851239001	"WR*"	8.36	"LLNS   101"
3145197	"WR  16"	"HD  86161"	148.72043081582	-57.72729851239001	"WR*"	8.36	"LS 1374"
3145197	"WR  16"	"HD  86161"	148.72043081582	-57.72729851239001	"WR*"	8.36	"MR  19"
3145197	"WR  16"	"HD  86161"	148.72043081582	-57.72729851239001	"WR*"	8.36	"PPM 338472"
3145197	"WR  16"	"HD  86161"	148.72043081582	-57.72729851239001	"WR*"	8.36	"SAO 237491"
3145197	"WR  16"	"HD  86161"	148.72043081582	-57.72729851239001	"WR*"	8.36	"TD1 14417"
3145197	"WR  16"	"HD  86161"	148.72043081582	-57.72729851239001	"WR*"	8.36	"TIC 469251162"
3145197	"WR  16"	"HD  86161"	148.72043081582	-57.72729851239001	"WR*"	8.36	"TYC 8606-333-1"
3145197	"WR  16"	"HD  86161"	148.72043081582	-57.72729851239001	"WR*"	8.36	"UCAC2   6526730"
3145197	"WR  16"	"HD  86161"	148.72043081582	-57.72729851239001	"WR*"	8.36	"UCAC4 162-036572"
3145197	"WR  16"	"HD  86161"	148.72043081582	-57.72729851239001	"WR*"	8.36	"V* V396 Car"
3145197	"WR  16"	"HD  86161"	148.72043081582	-57.72729851239001	"WR*"	8.36	"WR  16"
3145197	"WR  16"	"HD  86161"	148.72043081582	-57.72729851239001	"WR*"	8.36	"WRAY 15-465"
3171949	"WR  20"	"WR  20"	154.82667516447	-59.16079151598001	"WR*"	14.6	"2MASS J10191840-5909388"
3171949	"WR  20"	"WR  20"	154.82667516447	-59.16079151598001	"WR*"	14.6	"Gaia DR2 5255494370519800832"
3171949	"WR  20"	"WR  20"	154.82667516447	-59.16079151598001	"WR*"	14.6	"Gaia DR3 5255494370519800832"
3171949	"WR  20"	"WR  20"	154.82667516447	-59.16079151598001	"WR*"	14.6	"LLNS   815"
3171949	"WR  20"	"WR  20"	154.82667516447	-59.16079151598001	"WR*"	14.6	"[S75] 1"
3171949	"WR  20"	"WR  20"	154.82667516447	-59.16079151598001	"WR*"	14.6	"THA 35-II-24"
3171949	"WR  20"	"WR  20"	154.82667516447	-59.16079151598001	"WR*"	14.6	"TIC 463905285"
3171949	"WR  20"	"WR  20"	154.82667516447	-59.16079151598001	"WR*"	14.6	"UCAC2   5793715"
3171949	"WR  20"	"WR  20"	154.82667516447	-59.16079151598001	"WR*"	14.6	"WR  20"
3171950	"WR  19"	"WR  19"	154.52078559612	-58.27395681163001	"WR*"	13.85	"2MASS J10180498-5816263"
3171950	"WR  19"	"WR  19"	154.52078559612	-58.27395681163001	"WR*"	13.85	"AP J10180498-5816263"
3171950	"WR  19"	"WR  19"	154.52078559612	-58.27395681163001	"WR*"	13.85	"Gaia DR2 5258557987863082624"
3171950	"WR  19"	"WR  19"	154.52078559612	-58.27395681163001	"WR*"	13.85	"Gaia DR3 5258557987863082624"
3171950	"WR  19"	"WR  19"	154.52078559612	-58.27395681163001	"WR*"	13.85	"LLNS   755"
3171950	"WR  19"	"WR  19"	154.52078559612	-58.27395681163001	"WR*"	13.85	"LSWR  3"
3171950	"WR  19"	"WR  19"	154.52078559612	-58.27395681163001	"WR*"	13.85	"SSTGLMC G283.8896-01.1896"
3171950	"WR  19"	"WR  19"	154.52078559612	-58.27395681163001	"WR*"	13.85	"TIC 463711927"
3171950	"WR  19"	"WR  19"	154.52078559612	-58.27395681163001	"WR*"	13.85	"WISE J101804.98-581626.1"
3171950	"WR  19"	"WR  19"	154.52078559612	-58.27395681163001	"WR*"	13.85	"WR  19"
3172271	"WR  20a"	"V* V712 Car"	155.99171931938	-57.76359368563	"EB*"	13.5	"2MASS J10235800-5745489"
3172271	"WR  20a"	"V* V712 Car"	155.99171931938	-57.76359368563	"EB*"	13.5	"[BM94] 25"
3172271	"WR  20a"	"V* V712 Car"	155.99171931938	-57.76359368563	"EB*"	13.5	"Cl Westerlund    2     4"
3172271	"WR  20a"	"V* V712 Car"	155.99171931938	-57.76359368563	"EB*"	13.5	"Cl* Westerlund    2    MSP     240"
3172271	"WR  20a"	"V* V712 Car"	155.99171931938	-57.76359368563	"EB*"	13.5	"CXOU J102358.0-574548"
3172271	"WR  20a"	"V* V712 Car"	155.99171931938	-57.76359368563	"EB*"	13.5	"Gaia DR2 5255678160756667776"
3172271	"WR  20a"	"V* V712 Car"	155.99171931938	-57.76359368563	"EB*"	13.5	"Gaia DR3 5255678160756667776"
3172271	"WR  20a"	"V* V712 Car"	155.99171931938	-57.76359368563	"EB*"	13.5	"GEN# +4.38020004"
3172271	"WR  20a"	"V* V712 Car"	155.99171931938	-57.76359368563	"EB*"	13.5	"NOMAD1 0322-0246854"
3172271	"WR  20a"	"V* V712 Car"	155.99171931938	-57.76359368563	"EB*"	13.5	"SMSP  2"
3172271	"WR  20a"	"V* V712 Car"	155.99171931938	-57.76359368563	"EB*"	13.5	"SSTGLMC G284.2666-00.3380"
3172271	"WR  20a"	"V* V712 Car"	155.99171931938	-57.76359368563	"EB*"	13.5	"[TFT2007] 132"
3172271	"WR  20a"	"V* V712 Car"	155.99171931938	-57.76359368563	"EB*"	13.5	"THA 35-II-36"
3172271	"WR  20a"	"V* V712 Car"	155.99171931938	-57.76359368563	"EB*"	13.5	"TIC 464294590"
3172271	"WR  20a"	"V* V712 Car"	155.99171931938	-57.76359368563	"EB*"	13.5	"UBV M  40466"
3172271	"WR  20a"	"V* V712 Car"	155.99171931938	-57.76359368563	"EB*"	13.5	"UCAC2   6537463"
3172271	"WR  20a"	"V* V712 Car"	155.99171931938	-57.76359368563	"EB*"	13.5	"[VKB2013] 280"
3172271	"WR  20a"	"V* V712 Car"	155.99171931938	-57.76359368563	"EB*"	13.5	"V* V712 Car"
3172271	"WR  20a"	"V* V712 Car"	155.99171931938	-57.76359368563	"EB*"	13.5	"WR  20a"
3172272	"WR  20b"	"WR  20b"	156.07665767441	-57.80827136714	"WR*"	13.7	"2MASS J10241839-5748297"
3172272	"WR  20b"	"WR  20b"	156.07665767441	-57.80827136714	"WR*"	13.7	"CXOU J102418.3-574829"
3172272	"WR  20b"	"WR  20b"	156.07665767441	-57.80827136714	"WR*"	13.7	"Gaia DR2 5255677056923564544"
3172272	"WR  20b"	"WR  20b"	156.07665767441	-57.80827136714	"WR*"	13.7	"Gaia DR3 5255677056923564544"
3172272	"WR  20b"	"WR  20b"	156.07665767441	-57.80827136714	"WR*"	13.7	"NOMAD1 0321-0235221"
3172272	"WR  20b"	"WR  20b"	156.07665767441	-57.80827136714	"WR*"	13.7	"SMSP  3"
3172272	"WR  20b"	"WR  20b"	156.07665767441	-57.80827136714	"WR*"	13.7	"SPH  56"
3172272	"WR  20b"	"WR  20b"	156.07665767441	-57.80827136714	"WR*"	13.7	"SSTGLMC G284.3288-00.3516"
3172272	"WR  20b"	"WR  20b"	156.07665767441	-57.80827136714	"WR*"	13.7	"[TFT2007] 396"
3172272	"WR  20b"	"WR  20b"	156.07665767441	-57.80827136714	"WR*"	13.7	"THA 35-II-37"
3172272	"WR  20b"	"WR  20b"	156.07665767441	-57.80827136714	"WR*"	13.7	"TIC 464393953"
3172272	"WR  20b"	"WR  20b"	156.07665767441	-57.80827136714	"WR*"	13.7	"UCAC2   6537644"
3172272	"WR  20b"	"WR  20b"	156.07665767441	-57.80827136714	"WR*"	13.7	"WR  20b"
3172287	"WR  21a"	"THA 35-II-42"	156.48542691051	-57.81208867103	"WR*"	12.661	"1E 1024.0-5732"
3172287	"WR  21a"	"THA 35-II-42"	156.48542691051	-57.81208867103	"WR*"	12.661	"1RXS J102552.9-574842"
3172287	"WR  21a"	"THA 35-II-42"	156.48542691051	-57.81208867103	"WR*"	12.661	"2MASS J10255650-5748435"
3172287	"WR  21a"	"THA 35-II-42"	156.48542691051	-57.81208867103	"WR*"	12.661	"AX J1025.9-5749"
3172287	"WR  21a"	"THA 35-II-42"	156.48542691051	-57.81208867103	"WR*"	12.661	"[BM94] 11"
3172287	"WR  21a"	"THA 35-II-42"	156.48542691051	-57.81208867103	"WR*"	12.661	"EM* CDS 2134"
3172287	"WR  21a"	"THA 35-II-42"	156.48542691051	-57.81208867103	"WR*"	12.661	"Gaia DR2 5351703390282380800"
3172287	"WR  21a"	"THA 35-II-42"	156.48542691051	-57.81208867103	"WR*"	12.661	"Gaia DR3 5351703390282380800"
3172287	"WR  21a"	"THA 35-II-42"	156.48542691051	-57.81208867103	"WR*"	12.661	"GSC 08608-00157"
3172287	"WR  21a"	"THA 35-II-42"	156.48542691051	-57.81208867103	"WR*"	12.661	"INTREF   415"
3172287	"WR  21a"	"THA 35-II-42"	156.48542691051	-57.81208867103	"WR*"	12.661	"[MBP2001] 90B"
3172287	"WR  21a"	"THA 35-II-42"	156.48542691051	-57.81208867103	"WR*"	12.661	"MSX6C G284.5174-00.2412"
3172287	"WR  21a"	"THA 35-II-42"	156.48542691051	-57.81208867103	"WR*"	12.661	"[RRK2001] J1025-5809 src 2"
3172287	"WR  21a"	"THA 35-II-42"	156.48542691051	-57.81208867103	"WR*"	12.661	"SSTGLMC G284.5154-00.2393"
3172287	"WR  21a"	"THA 35-II-42"	156.48542691051	-57.81208867103	"WR*"	12.661	"THA 35-II-42"
3172287	"WR  21a"	"THA 35-II-42"	156.48542691051	-57.81208867103	"WR*"	12.661	"TIC 464570167"
3172287	"WR  21a"	"THA 35-II-42"	156.48542691051	-57.81208867103	"WR*"	12.661	"UCAC2   6538367"
3172287	"WR  21a"	"THA 35-II-42"	156.48542691051	-57.81208867103	"WR*"	12.661	"UCAC4 161-047535"
3172287	"WR  21a"	"THA 35-II-42"	156.48542691051	-57.81208867103	"WR*"	12.661	"USNO-A2.0 0300-09609025"
3172287	"WR  21a"	"THA 35-II-42"	156.48542691051	-57.81208867103	"WR*"	12.661	"WISE J102556.51-574843.5"
3172287	"WR  21a"	"THA 35-II-42"	156.48542691051	-57.81208867103	"WR*"	12.661	"WR  21a"
3172303	"WR  18"	"HD  89358"	154.2594763464	-57.91302090509001	"WR*"	10.83	"2MASS J10170228-5754469"
3172303	"WR  18"	"HD  89358"	154.2594763464	-57.91302090509001	"WR*"	10.83	"AAVSO 1013-57"
3172303	"WR  18"	"HD  89358"	154.2594763464	-57.91302090509001	"WR*"	10.83	"ALS  1481"
3172303	"WR  18"	"HD  89358"	154.2594763464	-57.91302090509001	"WR*"	10.83	"CD-57  3121"
3172303	"WR  18"	"HD  89358"	154.2594763464	-57.91302090509001	"WR*"	10.83	"CPD-57  2913"
3172303	"WR  18"	"HD  89358"	154.2594763464	-57.91302090509001	"WR*"	10.83	"Gaia DR1 5258583925150971008"
3172303	"WR  18"	"HD  89358"	154.2594763464	-57.91302090509001	"WR*"	10.83	"Gaia DR2 5258583929449601920"
3172303	"WR  18"	"HD  89358"	154.2594763464	-57.91302090509001	"WR*"	10.83	"Gaia DR3 5258583929469166720"
3172303	"WR  18"	"HD  89358"	154.2594763464	-57.91302090509001	"WR*"	10.83	"GEN# +1.00089358"
3172303	"WR  18"	"HD  89358"	154.2594763464	-57.91302090509001	"WR*"	10.83	"GSC 08608-01016"
3172303	"WR  18"	"HD  89358"	154.2594763464	-57.91302090509001	"WR*"	10.83	"HD  89358"
3172303	"WR  18"	"HD  89358"	154.2594763464	-57.91302090509001	"WR*"	10.83	"Hen 3-396"
3172303	"WR  18"	"HD  89358"	154.2594763464	-57.91302090509001	"WR*"	10.83	"HIC  50368"
3172303	"WR  18"	"HD  89358"	154.2594763464	-57.91302090509001	"WR*"	10.83	"HIP 50368"
3172303	"WR  18"	"HD  89358"	154.2594763464	-57.91302090509001	"WR*"	10.83	"LLNS   708"
3172303	"WR  18"	"HD  89358"	154.2594763464	-57.91302090509001	"WR*"	10.83	"LS 1481"
3172303	"WR  18"	"HD  89358"	154.2594763464	-57.91302090509001	"WR*"	10.83	"MR  21"
3172303	"WR  18"	"HD  89358"	154.2594763464	-57.91302090509001	"WR*"	10.83	"TIC 463593043"
3172303	"WR  18"	"HD  89358"	154.2594763464	-57.91302090509001	"WR*"	10.83	"TYC 8608-1016-1"
3172303	"WR  18"	"HD  89358"	154.2594763464	-57.91302090509001	"WR*"	10.83	"UBV M  16114"
3172303	"WR  18"	"HD  89358"	154.2594763464	-57.91302090509001	"WR*"	10.83	"UCAC2   6534445"
3172303	"WR  18"	"HD  89358"	154.2594763464	-57.91302090509001	"WR*"	10.83	"UCAC4 161-044088"
3172303	"WR  18"	"HD  89358"	154.2594763464	-57.91302090509001	"WR*"	10.83	"V* V500 Car"
3172303	"WR  18"	"HD  89358"	154.2594763464	-57.91302090509001	"WR*"	10.83	"WR  18"
3172303	"WR  18"	"HD  89358"	154.2594763464	-57.91302090509001	"WR*"	10.83	"WRAY 15-538"
3172322	"WR 20-2"	"SS 215"	155.84787710102	-58.0057874617	"WR*"	12.69	"2MASS J10232349-5800208"
3172322	"WR 20-2"	"SS 215"	155.84787710102	-58.0057874617	"WR*"	12.69	"AP J10232349-5800208"
3172322	"WR 20-2"	"SS 215"	155.84787710102	-58.0057874617	"WR*"	12.69	"DENIS J102323.5-580020"
3172322	"WR 20-2"	"SS 215"	155.84787710102	-58.0057874617	"WR*"	12.69	"DENIS J102323.5-580021"
3172322	"WR 20-2"	"SS 215"	155.84787710102	-58.0057874617	"WR*"	12.69	"Gaia DR2 5255667681036173568"
3172322	"WR 20-2"	"SS 215"	155.84787710102	-58.0057874617	"WR*"	12.69	"Gaia DR3 5255667681036173568"
3172322	"WR 20-2"	"SS 215"	155.84787710102	-58.0057874617	"WR*"	12.69	"GOS G284.33-00.58 01"
3172322	"WR 20-2"	"SS 215"	155.84787710102	-58.0057874617	"WR*"	12.69	"GSC 08608-00445"
3172322	"WR 20-2"	"SS 215"	155.84787710102	-58.0057874617	"WR*"	12.69	"[MDN2017] VPHAS OB1 01308"
3172322	"WR 20-2"	"SS 215"	155.84787710102	-58.0057874617	"WR*"	12.69	"PPMX J102323.4-580020"
3172322	"WR 20-2"	"SS 215"	155.84787710102	-58.0057874617	"WR*"	12.69	"SS 215"
3172322	"WR 20-2"	"SS 215"	155.84787710102	-58.0057874617	"WR*"	12.69	"TIC 464292655"
3172322	"WR 20-2"	"SS 215"	155.84787710102	-58.0057874617	"WR*"	12.69	"UCAC2   6293475"
3172322	"WR 20-2"	"SS 215"	155.84787710102	-58.0057874617	"WR*"	12.69	"UCAC3 64-98652"
3172322	"WR 20-2"	"SS 215"	155.84787710102	-58.0057874617	"WR*"	12.69	"WR 20-2"
3172322	"WR 20-2"	"SS 215"	155.84787710102	-58.0057874617	"WR*"	12.69	"WR  20aa"
3172322	"WR  20aa"	"SS 215"	155.84787710102	-58.0057874617	"WR*"	12.69	"2MASS J10232349-5800208"
3172322	"WR  20aa"	"SS 215"	155.84787710102	-58.0057874617	"WR*"	12.69	"AP J10232349-5800208"
3172322	"WR  20aa"	"SS 215"	155.84787710102	-58.0057874617	"WR*"	12.69	"DENIS J102323.5-580020"
3172322	"WR  20aa"	"SS 215"	155.84787710102	-58.0057874617	"WR*"	12.69	"DENIS J102323.5-580021"
3172322	"WR  20aa"	"SS 215"	155.84787710102	-58.0057874617	"WR*"	12.69	"Gaia DR2 5255667681036173568"
3172322	"WR  20aa"	"SS 215"	155.84787710102	-58.0057874617	"WR*"	12.69	"Gaia DR3 5255667681036173568"
3172322	"WR  20aa"	"SS 215"	155.84787710102	-58.0057874617	"WR*"	12.69	"GOS G284.33-00.58 01"
3172322	"WR  20aa"	"SS 215"	155.84787710102	-58.0057874617	"WR*"	12.69	"GSC 08608-00445"
3172322	"WR  20aa"	"SS 215"	155.84787710102	-58.0057874617	"WR*"	12.69	"[MDN2017] VPHAS OB1 01308"
3172322	"WR  20aa"	"SS 215"	155.84787710102	-58.0057874617	"WR*"	12.69	"PPMX J102323.4-580020"
3172322	"WR  20aa"	"SS 215"	155.84787710102	-58.0057874617	"WR*"	12.69	"SS 215"
3172322	"WR  20aa"	"SS 215"	155.84787710102	-58.0057874617	"WR*"	12.69	"TIC 464292655"
3172322	"WR  20aa"	"SS 215"	155.84787710102	-58.0057874617	"WR*"	12.69	"UCAC2   6293475"
3172322	"WR  20aa"	"SS 215"	155.84787710102	-58.0057874617	"WR*"	12.69	"UCAC3 64-98652"
3172322	"WR  20aa"	"SS 215"	155.84787710102	-58.0057874617	"WR*"	12.69	"WR 20-2"
3172322	"WR  20aa"	"SS 215"	155.84787710102	-58.0057874617	"WR*"	12.69	"WR  20aa"
3173175	"WR  19a"	"WR  19a"	154.72246196157	-58.13138143357	"WR*"	14.2	"2MASS J10185339-5807528"
3173175	"WR  19a"	"WR  19a"	154.72246196157	-58.13138143357	"WR*"	14.2	"AP J10185339-5807528"
3173175	"WR  19a"	"WR  19a"	154.72246196157	-58.13138143357	"WR*"	14.2	"Gaia DR2 5258563412384119168"
3173175	"WR  19a"	"WR  19a"	154.72246196157	-58.13138143357	"WR*"	14.2	"Gaia DR3 5258563412384119168"
3173175	"WR  19a"	"WR  19a"	154.72246196157	-58.13138143357	"WR*"	14.2	"MSX6C G283.8996-01.0124"
3173175	"WR  19a"	"WR  19a"	154.72246196157	-58.13138143357	"WR*"	14.2	"SMSP  1"
3173175	"WR  19a"	"WR  19a"	154.72246196157	-58.13138143357	"WR*"	14.2	"SSTGLMC G283.8998-01.0120"
3173175	"WR  19a"	"WR  19a"	154.72246196157	-58.13138143357	"WR*"	14.2	"THA 35-II-23"
3173175	"WR  19a"	"WR  19a"	154.72246196157	-58.13138143357	"WR*"	14.2	"TIC 463759879"
3173175	"WR  19a"	"WR  19a"	154.72246196157	-58.13138143357	"WR*"	14.2	"UCAC2   6291540"
3173175	"WR  19a"	"WR  19a"	154.72246196157	-58.13138143357	"WR*"	14.2	"WR  19a"
3173497	"WR  17"	"HD  88500"	152.63296284082	-60.64511660565999	"WR*"	10.65	"2MASS J10103191-6038423"
3173497	"WR  17"	"HD  88500"	152.63296284082	-60.64511660565999	"WR*"	10.65	"ALS  1440"
3173497	"WR  17"	"HD  88500"	152.63296284082	-60.64511660565999	"WR*"	10.65	"CD-60  2962"
3173497	"WR  17"	"HD  88500"	152.63296284082	-60.64511660565999	"WR*"	10.65	"CPD-60  1719"
3173497	"WR  17"	"HD  88500"	152.63296284082	-60.64511660565999	"WR*"	10.65	"CSV 102634"
3173497	"WR  17"	"HD  88500"	152.63296284082	-60.64511660565999	"WR*"	10.65	"Gaia DR1 5256443038569336192"
3173497	"WR  17"	"HD  88500"	152.63296284082	-60.64511660565999	"WR*"	10.65	"Gaia DR2 5256443042906853504"
3173497	"WR  17"	"HD  88500"	152.63296284082	-60.64511660565999	"WR*"	10.65	"Gaia DR3 5256443042906853504"
3173497	"WR  17"	"HD  88500"	152.63296284082	-60.64511660565999	"WR*"	10.65	"HD  88500"
3173497	"WR  17"	"HD  88500"	152.63296284082	-60.64511660565999	"WR*"	10.65	"Hen 3-376"
3173497	"WR  17"	"HD  88500"	152.63296284082	-60.64511660565999	"WR*"	10.65	"HIC  49838"
3173497	"WR  17"	"HD  88500"	152.63296284082	-60.64511660565999	"WR*"	10.65	"HIP 49838"
3173497	"WR  17"	"HD  88500"	152.63296284082	-60.64511660565999	"WR*"	10.65	"LLNS   407"
3173497	"WR  17"	"HD  88500"	152.63296284082	-60.64511660565999	"WR*"	10.65	"LS 1440"
3173497	"WR  17"	"HD  88500"	152.63296284082	-60.64511660565999	"WR*"	10.65	"MR  20"
3173497	"WR  17"	"HD  88500"	152.63296284082	-60.64511660565999	"WR*"	10.65	"TYC 8943-2284-1"
3173497	"WR  17"	"HD  88500"	152.63296284082	-60.64511660565999	"WR*"	10.65	"UCAC4 147-039544"
3173497	"WR  17"	"HD  88500"	152.63296284082	-60.64511660565999	"WR*"	10.65	"WR  17"
3173497	"WR  17"	"HD  88500"	152.63296284082	-60.64511660565999	"WR*"	10.65	"WRAY 15-509"
3185851	"WR  26"	"[MS70] 1"	161.13381713888	-57.839995354040006	"WR*"	13.54	"2MASS J10443211-5750238"
3185851	"WR  26"	"[MS70] 1"	161.13381713888	-57.839995354040006	"WR*"	13.54	"ALS  1841"
3185851	"WR  26"	"[MS70] 1"	161.13381713888	-57.839995354040006	"WR*"	13.54	"CSI-57-10425"
3185851	"WR  26"	"[MS70] 1"	161.13381713888	-57.839995354040006	"WR*"	13.54	"Gaia DR2 5351131506811580032"
3185851	"WR  26"	"[MS70] 1"	161.13381713888	-57.839995354040006	"WR*"	13.54	"Gaia DR3 5351131506811580032"
3185851	"WR  26"	"[MS70] 1"	161.13381713888	-57.839995354040006	"WR*"	13.54	"LLNS  2650"
3185851	"WR  26"	"[MS70] 1"	161.13381713888	-57.839995354040006	"WR*"	13.54	"LS 1841"
3185851	"WR  26"	"[MS70] 1"	161.13381713888	-57.839995354040006	"WR*"	13.54	"[MS70] 1"
3185851	"WR  26"	"[MS70] 1"	161.13381713888	-57.839995354040006	"WR*"	13.54	"SPH  86"
3185851	"WR  26"	"[MS70] 1"	161.13381713888	-57.839995354040006	"WR*"	13.54	"TIC 458832464"
3185851	"WR  26"	"[MS70] 1"	161.13381713888	-57.839995354040006	"WR*"	13.54	"UCAC4 161-053880"
3185851	"WR  26"	"[MS70] 1"	161.13381713888	-57.839995354040006	"WR*"	13.54	"WR  26"
3186470	"WR  23"	"HD  92809"	160.40968472231	-58.77186756203	"WR*"	9.03	"2MASS J10413834-5846186"
3186470	"WR  23"	"HD  92809"	160.40968472231	-58.77186756203	"WR*"	9.03	"AAVSO 1037-58B"
3186470	"WR  23"	"HD  92809"	160.40968472231	-58.77186756203	"WR*"	9.03	"ALS  1768"
3186470	"WR  23"	"HD  92809"	160.40968472231	-58.77186756203	"WR*"	9.03	"CD-58  3494"
3186470	"WR  23"	"HD  92809"	160.40968472231	-58.77186756203	"WR*"	9.03	"CEL   3646"
3186470	"WR  23"	"HD  92809"	160.40968472231	-58.77186756203	"WR*"	9.03	"Cl Bochum   10    55"
3186470	"WR  23"	"HD  92809"	160.40968472231	-58.77186756203	"WR*"	9.03	"CPC 20  3105"
3186470	"WR  23"	"HD  92809"	160.40968472231	-58.77186756203	"WR*"	9.03	"CPD-58  2546"
3186470	"WR  23"	"HD  92809"	160.40968472231	-58.77186756203	"WR*"	9.03	"CSV 102653"
3186470	"WR  23"	"HD  92809"	160.40968472231	-58.77186756203	"WR*"	9.03	"Gaia DR1 5350703311425116032"
3186470	"WR  23"	"HD  92809"	160.40968472231	-58.77186756203	"WR*"	9.03	"Gaia DR2 5350703315744983808"
3186470	"WR  23"	"HD  92809"	160.40968472231	-58.77186756203	"WR*"	9.03	"Gaia DR3 5350703315744983808"
3186470	"WR  23"	"HD  92809"	160.40968472231	-58.77186756203	"WR*"	9.03	"GEN# +1.00092809"
3186470	"WR  23"	"HD  92809"	160.40968472231	-58.77186756203	"WR*"	9.03	"GSC 08626-01263"
3186470	"WR  23"	"HD  92809"	160.40968472231	-58.77186756203	"WR*"	9.03	"HD  92809"
3186470	"WR  23"	"HD  92809"	160.40968472231	-58.77186756203	"WR*"	9.03	"Hen 3-473"
3186470	"WR  23"	"HD  92809"	160.40968472231	-58.77186756203	"WR*"	9.03	"HIC  52331"
3186470	"WR  23"	"HD  92809"	160.40968472231	-58.77186756203	"WR*"	9.03	"HIP 52331"
3186470	"WR  23"	"HD  92809"	160.40968472231	-58.77186756203	"WR*"	9.03	"LLNS  2303"
3186470	"WR  23"	"HD  92809"	160.40968472231	-58.77186756203	"WR*"	9.03	"LS 1768"
3186470	"WR  23"	"HD  92809"	160.40968472231	-58.77186756203	"WR*"	9.03	"MR  26"
3186470	"WR  23"	"HD  92809"	160.40968472231	-58.77186756203	"WR*"	9.03	"NSV  4943"
3186470	"WR  23"	"HD  92809"	160.40968472231	-58.77186756203	"WR*"	9.03	"PPM 339344"
3186470	"WR  23"	"HD  92809"	160.40968472231	-58.77186756203	"WR*"	9.03	"SAO 238363"
3186470	"WR  23"	"HD  92809"	160.40968472231	-58.77186756203	"WR*"	9.03	"TIC 458569900"
3186470	"WR  23"	"HD  92809"	160.40968472231	-58.77186756203	"WR*"	9.03	"TYC 8626-1263-1"
3186470	"WR  23"	"HD  92809"	160.40968472231	-58.77186756203	"WR*"	9.03	"UBV    9831"
3186470	"WR  23"	"HD  92809"	160.40968472231	-58.77186756203	"WR*"	9.03	"UBV M  16458"
3186470	"WR  23"	"HD  92809"	160.40968472231	-58.77186756203	"WR*"	9.03	"UCAC2   6054400"
3186470	"WR  23"	"HD  92809"	160.40968472231	-58.77186756203	"WR*"	9.03	"UCAC4 157-050517"
3186470	"WR  23"	"HD  92809"	160.40968472231	-58.77186756203	"WR*"	9.03	"WR  23"
3186470	"WR  23"	"HD  92809"	160.40968472231	-58.77186756203	"WR*"	9.03	"WRAY 18-213"
3186474	"WR  21"	"HD  90657"	156.63086981806	-58.64060624488	"WR*"	9.65	"2MASS J10263140-5838260"
3186474	"WR  21"	"HD  90657"	156.63086981806	-58.64060624488	"WR*"	9.65	"ALS  1568"
3186474	"WR  21"	"HD  90657"	156.63086981806	-58.64060624488	"WR*"	9.65	"CD-58  3269"
3186474	"WR  21"	"HD  90657"	156.63086981806	-58.64060624488	"WR*"	9.65	"Cl Loden  143     7"
3186474	"WR  21"	"HD  90657"	156.63086981806	-58.64060624488	"WR*"	9.65	"CPD-58  2205"
3186474	"WR  21"	"HD  90657"	156.63086981806	-58.64060624488	"WR*"	9.65	"Gaia DR1 5255569545304708480"
3186474	"WR  21"	"HD  90657"	156.63086981806	-58.64060624488	"WR*"	9.65	"Gaia DR2 5255569549619300096"
3186474	"WR  21"	"HD  90657"	156.63086981806	-58.64060624488	"WR*"	9.65	"Gaia DR3 5255569549619300096"
3186474	"WR  21"	"HD  90657"	156.63086981806	-58.64060624488	"WR*"	9.65	"GCRV 25916"
3186474	"WR  21"	"HD  90657"	156.63086981806	-58.64060624488	"WR*"	9.65	"GEN# +1.00090657"
3186474	"WR  21"	"HD  90657"	156.63086981806	-58.64060624488	"WR*"	9.65	"GSC 08612-00404"
3186474	"WR  21"	"HD  90657"	156.63086981806	-58.64060624488	"WR*"	9.65	"HD  90657"
3186474	"WR  21"	"HD  90657"	156.63086981806	-58.64060624488	"WR*"	9.65	"Hen 3-422"
3186474	"WR  21"	"HD  90657"	156.63086981806	-58.64060624488	"WR*"	9.65	"HIC  51109"
3186474	"WR  21"	"HD  90657"	156.63086981806	-58.64060624488	"WR*"	9.65	"HIP 51109"
3186474	"WR  21"	"HD  90657"	156.63086981806	-58.64060624488	"WR*"	9.65	"LLNS  1245"
3186474	"WR  21"	"HD  90657"	156.63086981806	-58.64060624488	"WR*"	9.65	"LS 1568"
3186474	"WR  21"	"HD  90657"	156.63086981806	-58.64060624488	"WR*"	9.65	"MR  23"
3186474	"WR  21"	"HD  90657"	156.63086981806	-58.64060624488	"WR*"	9.65	"RAVE J102631.4-583826"
3186474	"WR  21"	"HD  90657"	156.63086981806	-58.64060624488	"WR*"	9.65	"SBC7   403"
3186474	"WR  21"	"HD  90657"	156.63086981806	-58.64060624488	"WR*"	9.65	"SBC9 614"
3186474	"WR  21"	"HD  90657"	156.63086981806	-58.64060624488	"WR*"	9.65	"TIC 464576825"
3186474	"WR  21"	"HD  90657"	156.63086981806	-58.64060624488	"WR*"	9.65	"TYC 8612-404-1"
3186474	"WR  21"	"HD  90657"	156.63086981806	-58.64060624488	"WR*"	9.65	"UBV    9661"
3186474	"WR  21"	"HD  90657"	156.63086981806	-58.64060624488	"WR*"	9.65	"UBV M  16246"
3186474	"WR  21"	"HD  90657"	156.63086981806	-58.64060624488	"WR*"	9.65	"UCAC2   6048026"
3186474	"WR  21"	"HD  90657"	156.63086981806	-58.64060624488	"WR*"	9.65	"UCAC4 157-045375"
3186474	"WR  21"	"HD  90657"	156.63086981806	-58.64060624488	"WR*"	9.65	"uvby98 100090657"
3186474	"WR  21"	"HD  90657"	156.63086981806	-58.64060624488	"WR*"	9.65	"V* V398 Car"
3186474	"WR  21"	"HD  90657"	156.63086981806	-58.64060624488	"WR*"	9.65	"WEB  9343"
3186474	"WR  21"	"HD  90657"	156.63086981806	-58.64060624488	"WR*"	9.65	"WR  21"
3186474	"WR  21"	"HD  90657"	156.63086981806	-58.64060624488	"WR*"	9.65	"WRAY 15-572"
3200117	"WR  33"	"HD  95435"	165.00300226837	-57.81646600414	"WR*"	11.61	"2MASS J11000072-5748592"
3200117	"WR  33"	"HD  95435"	165.00300226837	-57.81646600414	"WR*"	11.61	"ALS  2076"
3200117	"WR  33"	"HD  95435"	165.00300226837	-57.81646600414	"WR*"	11.61	"CSI-57-10578"
3200117	"WR  33"	"HD  95435"	165.00300226837	-57.81646600414	"WR*"	11.61	"CSV 102656"
3200117	"WR  33"	"HD  95435"	165.00300226837	-57.81646600414	"WR*"	11.61	"Gaia DR2 5340433361753214336"
3200117	"WR  33"	"HD  95435"	165.00300226837	-57.81646600414	"WR*"	11.61	"Gaia DR3 5340433361753214336"
3200117	"WR  33"	"HD  95435"	165.00300226837	-57.81646600414	"WR*"	11.61	"GSC 08623-00928"
3200117	"WR  33"	"HD  95435"	165.00300226837	-57.81646600414	"WR*"	11.61	"HD  95435"
3200117	"WR  33"	"HD  95435"	165.00300226837	-57.81646600414	"WR*"	11.61	"Hen 3-542"
3200117	"WR  33"	"HD  95435"	165.00300226837	-57.81646600414	"WR*"	11.61	"LLNS  3586"
3200117	"WR  33"	"HD  95435"	165.00300226837	-57.81646600414	"WR*"	11.61	"LS 2076"
3200117	"WR  33"	"HD  95435"	165.00300226837	-57.81646600414	"WR*"	11.61	"MR  33"
3200117	"WR  33"	"HD  95435"	165.00300226837	-57.81646600414	"WR*"	11.61	"TIC 304357507"
3200117	"WR  33"	"HD  95435"	165.00300226837	-57.81646600414	"WR*"	11.61	"UCAC4 161-059444"
3200117	"WR  33"	"HD  95435"	165.00300226837	-57.81646600414	"WR*"	11.61	"WR  33"
3201145	"WR  25"	"HD  93162"	161.04328761088	-59.7197518057	"WR*"	8.8	"1eRASS J104410.2-594310"
3201145	"WR  25"	"HD  93162"	161.04328761088	-59.7197518057	"WR*"	8.8	"1ES 1042-59.4"
3201145	"WR  25"	"HD  93162"	161.04328761088	-59.7197518057	"WR*"	8.8	"2E 1042.2-5927"
3201145	"WR  25"	"HD  93162"	161.04328761088	-59.7197518057	"WR*"	8.8	"2E  2313"
3201145	"WR  25"	"HD  93162"	161.04328761088	-59.7197518057	"WR*"	8.8	"2MASS J10441038-5943111"
3201145	"WR  25"	"HD  93162"	161.04328761088	-59.7197518057	"WR*"	8.8	"2XMM J104410.4-594311"
3201145	"WR  25"	"HD  93162"	161.04328761088	-59.7197518057	"WR*"	8.8	"3XMM J104410.4-594311"
3201145	"WR  25"	"HD  93162"	161.04328761088	-59.7197518057	"WR*"	8.8	"ALS  1833"
3201145	"WR  25"	"HD  93162"	161.04328761088	-59.7197518057	"WR*"	8.8	"[ARV2008] 71"
3201145	"WR  25"	"HD  93162"	161.04328761088	-59.7197518057	"WR*"	8.8	"CD-59  3282"
3201145	"WR  25"	"HD  93162"	161.04328761088	-59.7197518057	"WR*"	8.8	"Cl Trumpler   16   177"
3201145	"WR  25"	"HD  93162"	161.04328761088	-59.7197518057	"WR*"	8.8	"Cl* Trumpler   16     MJ     245"
3201145	"WR  25"	"HD  93162"	161.04328761088	-59.7197518057	"WR*"	8.8	"CPC 20  3128"
3201145	"WR  25"	"HD  93162"	161.04328761088	-59.7197518057	"WR*"	8.8	"CPD-59  2561"
3201145	"WR  25"	"HD  93162"	161.04328761088	-59.7197518057	"WR*"	8.8	"CXOCyg J104410.42-594311.0"
3201145	"WR  25"	"HD  93162"	161.04328761088	-59.7197518057	"WR*"	8.8	"CXOGNC J104410.39-594311.1"
3201145	"WR  25"	"HD  93162"	161.04328761088	-59.7197518057	"WR*"	8.8	"[ESK2003]  28"
3201145	"WR  25"	"HD  93162"	161.04328761088	-59.7197518057	"WR*"	8.8	"[ESW2004] D"
3201145	"WR  25"	"HD  93162"	161.04328761088	-59.7197518057	"WR*"	8.8	"Gaia DR1 5350357515019820672"
3201145	"WR  25"	"HD  93162"	161.04328761088	-59.7197518057	"WR*"	8.8	"Gaia DR2 5350357519345171200"
3201145	"WR  25"	"HD  93162"	161.04328761088	-59.7197518057	"WR*"	8.8	"Gaia DR3 5350357519345171200"
3201145	"WR  25"	"HD  93162"	161.04328761088	-59.7197518057	"WR*"	8.8	"GEN# +4.35160177"
3201145	"WR  25"	"HD  93162"	161.04328761088	-59.7197518057	"WR*"	8.8	"GES J10441039-5943112"
3201145	"WR  25"	"HD  93162"	161.04328761088	-59.7197518057	"WR*"	8.8	"GOS G287.51-00.71 01"
3201145	"WR  25"	"HD  93162"	161.04328761088	-59.7197518057	"WR*"	8.8	"GSC 08626-01989"
3201145	"WR  25"	"HD  93162"	161.04328761088	-59.7197518057	"WR*"	8.8	"HD  93162"
3201145	"WR  25"	"HD  93162"	161.04328761088	-59.7197518057	"WR*"	8.8	"Hen 3-478"
3201145	"WR  25"	"HD  93162"	161.04328761088	-59.7197518057	"WR*"	8.8	"JP11  4530"
3201145	"WR  25"	"HD  93162"	161.04328761088	-59.7197518057	"WR*"	8.8	"LLNS  2620"
3201145	"WR  25"	"HD  93162"	161.04328761088	-59.7197518057	"WR*"	8.8	"LS 1833"
3201145	"WR  25"	"HD  93162"	161.04328761088	-59.7197518057	"WR*"	8.8	"MR  29"
3201145	"WR  25"	"HD  93162"	161.04328761088	-59.7197518057	"WR*"	8.8	"PPM 339385"
3201145	"WR  25"	"HD  93162"	161.04328761088	-59.7197518057	"WR*"	8.8	"[S87b] IRS 61"
3201145	"WR  25"	"HD  93162"	161.04328761088	-59.7197518057	"WR*"	8.8	"SAO 238408"
3201145	"WR  25"	"HD  93162"	161.04328761088	-59.7197518057	"WR*"	8.8	"TIC 458856322"
3201145	"WR  25"	"HD  93162"	161.04328761088	-59.7197518057	"WR*"	8.8	"TYC 8626-1989-1"
3201145	"WR  25"	"HD  93162"	161.04328761088	-59.7197518057	"WR*"	8.8	"UBV    9882"
3201145	"WR  25"	"HD  93162"	161.04328761088	-59.7197518057	"WR*"	8.8	"UBV M  40364"
3201145	"WR  25"	"HD  93162"	161.04328761088	-59.7197518057	"WR*"	8.8	"UCAC2   5555272"
3201145	"WR  25"	"HD  93162"	161.04328761088	-59.7197518057	"WR*"	8.8	"UCAC4 152-052771"
3201145	"WR  25"	"HD  93162"	161.04328761088	-59.7197518057	"WR*"	8.8	"uvby98 435160177"
3201145	"WR  25"	"HD  93162"	161.04328761088	-59.7197518057	"WR*"	8.8	"WR  25"
3201145	"WR  25"	"HD  93162"	161.04328761088	-59.7197518057	"WR*"	8.8	"XMMU J104410.3-594311"
3201316	"WR  32"	"WR  32"	164.97049340866	-59.87872198240999	"WR*"	14.7	"2MASS J10595293-5952433"
3201316	"WR  32"	"WR  32"	164.97049340866	-59.87872198240999	"WR*"	14.7	"DENIS J105952.9-595243"
3201316	"WR  32"	"WR  32"	164.97049340866	-59.87872198240999	"WR*"	14.7	"Gaia DR2 5338166851648486272"
3201316	"WR  32"	"WR  32"	164.97049340866	-59.87872198240999	"WR*"	14.7	"Gaia DR3 5338166855999992448"
3201316	"WR  32"	"WR  32"	164.97049340866	-59.87872198240999	"WR*"	14.7	"[MS70] 5"
3201316	"WR  32"	"WR  32"	164.97049340866	-59.87872198240999	"WR*"	14.7	"TIC 304461112"
3201316	"WR  32"	"WR  32"	164.97049340866	-59.87872198240999	"WR*"	14.7	"UCAC3 61-134688"
3201316	"WR  32"	"WR  32"	164.97049340866	-59.87872198240999	"WR*"	14.7	"UCAC4 151-064559"
3201316	"WR  32"	"WR  32"	164.97049340866	-59.87872198240999	"WR*"	14.7	"WISEA J105952.96-595241.3"
3201316	"WR  32"	"WR  32"	164.97049340866	-59.87872198240999	"WR*"	14.7	"WISE J105952.97-595241.9"
3201316	"WR  32"	"WR  32"	164.97049340866	-59.87872198240999	"WR*"	14.7	"WR  32"
3201317	"WR  28"	"WR  28"	162.24468078151	-59.060362629859995	"WR*"	12.98	"2MASS J10485872-5903373"
3201317	"WR  28"	"WR  28"	162.24468078151	-59.060362629859995	"WR*"	12.98	"Gaia DR2 5350458670093520640"
3201317	"WR  28"	"WR  28"	162.24468078151	-59.060362629859995	"WR*"	12.98	"Gaia DR3 5350458670093520640"
3201317	"WR  28"	"WR  28"	162.24468078151	-59.060362629859995	"WR*"	12.98	"GSC 08626-01709"
3201317	"WR  28"	"WR  28"	162.24468078151	-59.060362629859995	"WR*"	12.98	"[MS70] 2"
3201317	"WR  28"	"WR  28"	162.24468078151	-59.060362629859995	"WR*"	12.98	"SPH  95"
3201317	"WR  28"	"WR  28"	162.24468078151	-59.060362629859995	"WR*"	12.98	"THA 35-II-112"
3201317	"WR  28"	"WR  28"	162.24468078151	-59.060362629859995	"WR*"	12.98	"TIC 459327075"
3201317	"WR  28"	"WR  28"	162.24468078151	-59.060362629859995	"WR*"	12.98	"UCAC2   5807850"
3201317	"WR  28"	"WR  28"	162.24468078151	-59.060362629859995	"WR*"	12.98	"WR  28"
3201464	"WR  29"	"THA 35-II-117"	162.6928892436	-60.47812444517999	"WR*"	12.36	"2MASS J10504628-6028412"
3201464	"WR  29"	"THA 35-II-117"	162.6928892436	-60.47812444517999	"WR*"	12.36	"ALS  1964"
3201464	"WR  29"	"THA 35-II-117"	162.6928892436	-60.47812444517999	"WR*"	12.36	"AP J10504628-6028412"
3201464	"WR  29"	"THA 35-II-117"	162.6928892436	-60.47812444517999	"WR*"	12.36	"CSI-60-10488"
3201464	"WR  29"	"THA 35-II-117"	162.6928892436	-60.47812444517999	"WR*"	12.36	"Gaia DR2 5338256844150504960"
3201464	"WR  29"	"THA 35-II-117"	162.6928892436	-60.47812444517999	"WR*"	12.36	"Gaia DR3 5338256844150504960"
3201464	"WR  29"	"THA 35-II-117"	162.6928892436	-60.47812444517999	"WR*"	12.36	"GSC 08957-02405"
3201464	"WR  29"	"THA 35-II-117"	162.6928892436	-60.47812444517999	"WR*"	12.36	"LLNS  3047"
3201464	"WR  29"	"THA 35-II-117"	162.6928892436	-60.47812444517999	"WR*"	12.36	"LS 1964"
3201464	"WR  29"	"THA 35-II-117"	162.6928892436	-60.47812444517999	"WR*"	12.36	"[MS70] 3"
3201464	"WR  29"	"THA 35-II-117"	162.6928892436	-60.47812444517999	"WR*"	12.36	"SBC9 2393"
3201464	"WR  29"	"THA 35-II-117"	162.6928892436	-60.47812444517999	"WR*"	12.36	"THA 35-II-117"
3201464	"WR  29"	"THA 35-II-117"	162.6928892436	-60.47812444517999	"WR*"	12.36	"TIC 465179953"
3201464	"WR  29"	"THA 35-II-117"	162.6928892436	-60.47812444517999	"WR*"	12.36	"UCAC4 148-064814"
3201464	"WR  29"	"THA 35-II-117"	162.6928892436	-60.47812444517999	"WR*"	12.36	"[WML2017] AST05016"
3201464	"WR  29"	"THA 35-II-117"	162.6928892436	-60.47812444517999	"WR*"	12.36	"WR  29"
3201464	"WR  29"	"THA 35-II-117"	162.6928892436	-60.47812444517999	"WR*"	12.36	"WRAY 15-663"
3201800	"WR  31c"	"WR  31c"	164.42859302629	-60.56679324044	"WR*"	16.37	"2MASS J10574286-6034005"
3201800	"WR  31c"	"WR  31c"	164.42859302629	-60.56679324044	"WR*"	16.37	"Gaia DR2 5338030172959579008"
3201800	"WR  31c"	"WR  31c"	164.42859302629	-60.56679324044	"WR*"	16.37	"Gaia DR3 5338030172959579008"
3201800	"WR  31c"	"WR  31c"	164.42859302629	-60.56679324044	"WR*"	16.37	"SMSP  4"
3201800	"WR  31c"	"WR  31c"	164.42859302629	-60.56679324044	"WR*"	16.37	"TIC 465907185"
3201800	"WR  31c"	"WR  31c"	164.42859302629	-60.56679324044	"WR*"	16.37	"WR  31c"
3201801	"WR  35a"	"WR  35a"	165.10140607694	-59.9932350667	"WR*"	13.92	"2MASS J11002434-5959357"
3201801	"WR  35a"	"WR  35a"	165.10140607694	-59.9932350667	"WR*"	13.92	"CGO 269"
3201801	"WR  35a"	"WR  35a"	165.10140607694	-59.9932350667	"WR*"	13.92	"DENIS J110024.3-595935"
3201801	"WR  35a"	"WR  35a"	165.10140607694	-59.9932350667	"WR*"	13.92	"Gaia DR2 5338152837224212992"
3201801	"WR  35a"	"WR  35a"	165.10140607694	-59.9932350667	"WR*"	13.92	"Gaia DR3 5338152837224212992"
3201801	"WR  35a"	"WR  35a"	165.10140607694	-59.9932350667	"WR*"	13.92	"Mill   IV-43"
3201801	"WR  35a"	"WR  35a"	165.10140607694	-59.9932350667	"WR*"	13.92	"SMSP  5"
3201801	"WR  35a"	"WR  35a"	165.10140607694	-59.9932350667	"WR*"	13.92	"TIC 466113391"
3201801	"WR  35a"	"WR  35a"	165.10140607694	-59.9932350667	"WR*"	13.92	"UCAC4 151-064801"
3201801	"WR  35a"	"WR  35a"	165.10140607694	-59.9932350667	"WR*"	13.92	"WR  35a"
3201906	"WR  24"	"HD  93131"	160.9677413388	-60.117783243459996	"WR*"	6.48	"1eRASS J104352.3-600704"
3201906	"WR  24"	"HD  93131"	160.9677413388	-60.117783243459996	"WR*"	6.48	"2MASS J10435225-6007040"
3201906	"WR  24"	"HD  93131"	160.9677413388	-60.117783243459996	"WR*"	6.48	"ALS  1817"
3201906	"WR  24"	"HD  93131"	160.9677413388	-60.117783243459996	"WR*"	6.48	"CD-59  3272"
3201906	"WR  24"	"HD  93131"	160.9677413388	-60.117783243459996	"WR*"	6.48	"CEL   3671"
3201906	"WR  24"	"HD  93131"	160.9677413388	-60.117783243459996	"WR*"	6.48	"Cl Collinder  228     3"
3201906	"WR  24"	"HD  93131"	160.9677413388	-60.117783243459996	"WR*"	6.48	"CPC 20  3121"
3201906	"WR  24"	"HD  93131"	160.9677413388	-60.117783243459996	"WR*"	6.48	"CPD-59  2548"
3201906	"WR  24"	"HD  93131"	160.9677413388	-60.117783243459996	"WR*"	6.48	"CXOGNC J104352.25-600704.0"
3201906	"WR  24"	"HD  93131"	160.9677413388	-60.117783243459996	"WR*"	6.48	"Gaia DR1 5254268067132199424"
3201906	"WR  24"	"HD  93131"	160.9677413388	-60.117783243459996	"WR*"	6.48	"Gaia DR2 5254268071479968512"
3201906	"WR  24"	"HD  93131"	160.9677413388	-60.117783243459996	"WR*"	6.48	"Gaia DR3 5254268071479968512"
3201906	"WR  24"	"HD  93131"	160.9677413388	-60.117783243459996	"WR*"	6.48	"GC 14764"
3201906	"WR  24"	"HD  93131"	160.9677413388	-60.117783243459996	"WR*"	6.48	"GEN# +5.12280003"
3201906	"WR  24"	"HD  93131"	160.9677413388	-60.117783243459996	"WR*"	6.48	"GSC 08957-01556"
3201906	"WR  24"	"HD  93131"	160.9677413388	-60.117783243459996	"WR*"	6.48	"HD  93131"
3201906	"WR  24"	"HD  93131"	160.9677413388	-60.117783243459996	"WR*"	6.48	"Hen 3-477"
3201906	"WR  24"	"HD  93131"	160.9677413388	-60.117783243459996	"WR*"	6.48	"HIC  52488"
3201906	"WR  24"	"HD  93131"	160.9677413388	-60.117783243459996	"WR*"	6.48	"HIP 52488"
3201906	"WR  24"	"HD  93131"	160.9677413388	-60.117783243459996	"WR*"	6.48	"LLNS  2598"
3201906	"WR  24"	"HD  93131"	160.9677413388	-60.117783243459996	"WR*"	6.48	"LS 1817"
3201906	"WR  24"	"HD  93131"	160.9677413388	-60.117783243459996	"WR*"	6.48	"MR  28"
3201906	"WR  24"	"HD  93131"	160.9677413388	-60.117783243459996	"WR*"	6.48	"NSV 18488"
3201906	"WR  24"	"HD  93131"	160.9677413388	-60.117783243459996	"WR*"	6.48	"PPM 358207"
3201906	"WR  24"	"HD  93131"	160.9677413388	-60.117783243459996	"WR*"	6.48	"SAO 238394"
3201906	"WR  24"	"HD  93131"	160.9677413388	-60.117783243459996	"WR*"	6.48	"SKY# 20553"
3201906	"WR  24"	"HD  93131"	160.9677413388	-60.117783243459996	"WR*"	6.48	"[T81] Cr 228 IRS 5"
3201906	"WR  24"	"HD  93131"	160.9677413388	-60.117783243459996	"WR*"	6.48	"TD1 15105"
3201906	"WR  24"	"HD  93131"	160.9677413388	-60.117783243459996	"WR*"	6.48	"TIC 390670978"
3201906	"WR  24"	"HD  93131"	160.9677413388	-60.117783243459996	"WR*"	6.48	"TYC 8957-1556-1"
3201906	"WR  24"	"HD  93131"	160.9677413388	-60.117783243459996	"WR*"	6.48	"UBV    9877"
3201906	"WR  24"	"HD  93131"	160.9677413388	-60.117783243459996	"WR*"	6.48	"UBV M  16480"
3201906	"WR  24"	"HD  93131"	160.9677413388	-60.117783243459996	"WR*"	6.48	"UCAC2  50006997"
3201906	"WR  24"	"HD  93131"	160.9677413388	-60.117783243459996	"WR*"	6.48	"UCAC3 60-127475"
3201906	"WR  24"	"HD  93131"	160.9677413388	-60.117783243459996	"WR*"	6.48	"UCAC4 150-058516"
3201906	"WR  24"	"HD  93131"	160.9677413388	-60.117783243459996	"WR*"	6.48	"uvby98 512280003"
3201906	"WR  24"	"HD  93131"	160.9677413388	-60.117783243459996	"WR*"	6.48	"WR  24"
3201914	"WR  31"	"HD  94546"	163.43674126495458	-59.51296784743499	"WR*"	10.51	"ALS  2010"
3201914	"WR  31"	"HD  94546"	163.43674126495458	-59.51296784743499	"WR*"	10.51	"CPD-58  2845"
3201914	"WR  31"	"HD  94546"	163.43674126495458	-59.51296784743499	"WR*"	10.51	"Gaia DR2 5338422591176599040"
3201914	"WR  31"	"HD  94546"	163.43674126495458	-59.51296784743499	"WR*"	10.51	"Gaia DR3 5338422591176599040"
3201914	"WR  31"	"HD  94546"	163.43674126495458	-59.51296784743499	"WR*"	10.51	"GEN# +1.00094546"
3201914	"WR  31"	"HD  94546"	163.43674126495458	-59.51296784743499	"WR*"	10.51	"[GL65] 261"
3201914	"WR  31"	"HD  94546"	163.43674126495458	-59.51296784743499	"WR*"	10.51	"GSC 08627-00257"
3201914	"WR  31"	"HD  94546"	163.43674126495458	-59.51296784743499	"WR*"	10.51	"HD  94546"
3201914	"WR  31"	"HD  94546"	163.43674126495458	-59.51296784743499	"WR*"	10.51	"** HDS 1557"
3201914	"WR  31"	"HD  94546"	163.43674126495458	-59.51296784743499	"WR*"	10.51	"Hen 3-517"
3201914	"WR  31"	"HD  94546"	163.43674126495458	-59.51296784743499	"WR*"	10.51	"HIC  53274"
3201914	"WR  31"	"HD  94546"	163.43674126495458	-59.51296784743499	"WR*"	10.51	"HIP 53274"
3201914	"WR  31"	"HD  94546"	163.43674126495458	-59.51296784743499	"WR*"	10.51	"LLNS  3214"
3201914	"WR  31"	"HD  94546"	163.43674126495458	-59.51296784743499	"WR*"	10.51	"LS 2010"
3201914	"WR  31"	"HD  94546"	163.43674126495458	-59.51296784743499	"WR*"	10.51	"MR  31"
3201914	"WR  31"	"HD  94546"	163.43674126495458	-59.51296784743499	"WR*"	10.51	"SBC9 645"
3201914	"WR  31"	"HD  94546"	163.43674126495458	-59.51296784743499	"WR*"	10.51	"TYC 8627-257-1"
3201914	"WR  31"	"HD  94546"	163.43674126495458	-59.51296784743499	"WR*"	10.51	"UBV   10006"
3201914	"WR  31"	"HD  94546"	163.43674126495458	-59.51296784743499	"WR*"	10.51	"UBV M  16623"
3201914	"WR  31"	"HD  94546"	163.43674126495458	-59.51296784743499	"WR*"	10.51	"UCAC4 153-058617"
3201914	"WR  31"	"HD  94546"	163.43674126495458	-59.51296784743499	"WR*"	10.51	"uvby98 100094546"
3201914	"WR  31"	"HD  94546"	163.43674126495458	-59.51296784743499	"WR*"	10.51	"V* V428 Car"
3201914	"WR  31"	"HD  94546"	163.43674126495458	-59.51296784743499	"WR*"	10.51	"WDS J10537-5931AB"
3201914	"WR  31"	"HD  94546"	163.43674126495458	-59.51296784743499	"WR*"	10.51	"WEB  9676"
3201914	"WR  31"	"HD  94546"	163.43674126495458	-59.51296784743499	"WR*"	10.51	"WR  31"
3201914	"WR  31"	"HD  94546"	163.43674126495458	-59.51296784743499	"WR*"	10.51	"WRAY 15-681"
3201915	"WR  31b"	"V* AG Car"	164.04824225602	-60.45355852034999	"WR*"	6.96	"2MASS J10561158-6027128"
3201915	"WR  31b"	"V* AG Car"	164.04824225602	-60.45355852034999	"WR*"	6.96	"AAVSO 1052-59"
3201915	"WR  31b"	"V* AG Car"	164.04824225602	-60.45355852034999	"WR*"	6.96	"ALS  2035"
3201915	"WR  31b"	"V* AG Car"	164.04824225602	-60.45355852034999	"WR*"	6.96	"AN   96.1914"
3201915	"WR  31b"	"V* AG Car"	164.04824225602	-60.45355852034999	"WR*"	6.96	"[C2009c] source 1"
3201915	"WR  31b"	"V* AG Car"	164.04824225602	-60.45355852034999	"WR*"	6.96	"CD-59  3430"
3201915	"WR  31b"	"V* AG Car"	164.04824225602	-60.45355852034999	"WR*"	6.96	"CEL   3763"
3201915	"WR  31b"	"V* AG Car"	164.04824225602	-60.45355852034999	"WR*"	6.96	"CPC 20.1  2994"
3201915	"WR  31b"	"V* AG Car"	164.04824225602	-60.45355852034999	"WR*"	6.96	"CPD-59  2860"
3201915	"WR  31b"	"V* AG Car"	164.04824225602	-60.45355852034999	"WR*"	6.96	"EM* MWC  216"
3201915	"WR  31b"	"V* AG Car"	164.04824225602	-60.45355852034999	"WR*"	6.96	"ESO 128-21"
3201915	"WR  31b"	"V* AG Car"	164.04824225602	-60.45355852034999	"WR*"	6.96	"Gaia DR1 5338220281038746112"
3201915	"WR  31b"	"V* AG Car"	164.04824225602	-60.45355852034999	"WR*"	6.96	"Gaia DR2 5338220285385672064"
3201915	"WR  31b"	"V* AG Car"	164.04824225602	-60.45355852034999	"WR*"	6.96	"Gaia DR3 5338220285385672064"
3201915	"WR  31b"	"V* AG Car"	164.04824225602	-60.45355852034999	"WR*"	6.96	"GAL 289.182-00.696"
3201915	"WR  31b"	"V* AG Car"	164.04824225602	-60.45355852034999	"WR*"	6.96	"GC 15044"
3201915	"WR  31b"	"V* AG Car"	164.04824225602	-60.45355852034999	"WR*"	6.96	"GCRV 27197"
3201915	"WR  31b"	"V* AG Car"	164.04824225602	-60.45355852034999	"WR*"	6.96	"GEN# +1.00094910"
3201915	"WR  31b"	"V* AG Car"	164.04824225602	-60.45355852034999	"WR*"	6.96	"[GL65] 277"
3201915	"WR  31b"	"V* AG Car"	164.04824225602	-60.45355852034999	"WR*"	6.96	"GSC 08958-03996"
3201915	"WR  31b"	"V* AG Car"	164.04824225602	-60.45355852034999	"WR*"	6.96	"HD  94910"
3201915	"WR  31b"	"V* AG Car"	164.04824225602	-60.45355852034999	"WR*"	6.96	"Hen 2-58"
3201915	"WR  31b"	"V* AG Car"	164.04824225602	-60.45355852034999	"WR*"	6.96	"Hen 3-528"
3201915	"WR  31b"	"V* AG Car"	164.04824225602	-60.45355852034999	"WR*"	6.96	"HIC  53461"
3201915	"WR  31b"	"V* AG Car"	164.04824225602	-60.45355852034999	"WR*"	6.96	"HIP 53461"
3201915	"WR  31b"	"V* AG Car"	164.04824225602	-60.45355852034999	"WR*"	6.96	"IRAS 10541-6011"
3201915	"WR  31b"	"V* AG Car"	164.04824225602	-60.45355852034999	"WR*"	6.96	"[JE82]  543"
3201915	"WR  31b"	"V* AG Car"	164.04824225602	-60.45355852034999	"WR*"	6.96	"JP11  2012"
3201915	"WR  31b"	"V* AG Car"	164.04824225602	-60.45355852034999	"WR*"	6.96	"LLNS  3351"
3201915	"WR  31b"	"V* AG Car"	164.04824225602	-60.45355852034999	"WR*"	6.96	"LS 2035"
3201915	"WR  31b"	"V* AG Car"	164.04824225602	-60.45355852034999	"WR*"	6.96	"MGPS J105611-602713"
3201915	"WR  31b"	"V* AG Car"	164.04824225602	-60.45355852034999	"WR*"	6.96	"PK 289-00  1"
3201915	"WR  31b"	"V* AG Car"	164.04824225602	-60.45355852034999	"WR*"	6.96	"PPM 358343"
3201915	"WR  31b"	"V* AG Car"	164.04824225602	-60.45355852034999	"WR*"	6.96	"SAO 251185"
3201915	"WR  31b"	"V* AG Car"	164.04824225602	-60.45355852034999	"WR*"	6.96	"SCM  59"
3201915	"WR  31b"	"V* AG Car"	164.04824225602	-60.45355852034999	"WR*"	6.96	"SKY# 20917"
3201915	"WR  31b"	"V* AG Car"	164.04824225602	-60.45355852034999	"WR*"	6.96	"SPH 113"
3201915	"WR  31b"	"V* AG Car"	164.04824225602	-60.45355852034999	"WR*"	6.96	"SS73  27"
3201915	"WR  31b"	"V* AG Car"	164.04824225602	-60.45355852034999	"WR*"	6.96	"TIC 465734733"
3201915	"WR  31b"	"V* AG Car"	164.04824225602	-60.45355852034999	"WR*"	6.96	"TYC 8958-3996-1"
3201915	"WR  31b"	"V* AG Car"	164.04824225602	-60.45355852034999	"WR*"	6.96	"UBV M  16671"
3201915	"WR  31b"	"V* AG Car"	164.04824225602	-60.45355852034999	"WR*"	6.96	"UCAC3 60-139962"
3201915	"WR  31b"	"V* AG Car"	164.04824225602	-60.45355852034999	"WR*"	6.96	"UCAC4 148-068243"
3201915	"WR  31b"	"V* AG Car"	164.04824225602	-60.45355852034999	"WR*"	6.96	"uvby98 100094910"
3201915	"WR  31b"	"V* AG Car"	164.04824225602	-60.45355852034999	"WR*"	6.96	"V* AG Car"
3201915	"WR  31b"	"V* AG Car"	164.04824225602	-60.45355852034999	"WR*"	6.96	"WR  31b"
3201915	"WR  31b"	"V* AG Car"	164.04824225602	-60.45355852034999	"WR*"	6.96	"WRAY 15-693"
3202154	"WR  27"	"LSWR  4"	161.15854941551	-58.80800169412001	"WR*"	13.7	"2MASS J10443807-5848288"
3202154	"WR  27"	"LSWR  4"	161.15854941551	-58.80800169412001	"WR*"	13.7	"ALS  1850"
3202154	"WR  27"	"LSWR  4"	161.15854941551	-58.80800169412001	"WR*"	13.7	"CSI-58-10427"
3202154	"WR  27"	"LSWR  4"	161.15854941551	-58.80800169412001	"WR*"	13.7	"Gaia DR2 5350515505419614080"
3202154	"WR  27"	"LSWR  4"	161.15854941551	-58.80800169412001	"WR*"	13.7	"Gaia DR3 5350515505419614080"
3202154	"WR  27"	"LSWR  4"	161.15854941551	-58.80800169412001	"WR*"	13.7	"LLNS  2638"
3202154	"WR  27"	"LSWR  4"	161.15854941551	-58.80800169412001	"WR*"	13.7	"LS 1850"
3202154	"WR  27"	"LSWR  4"	161.15854941551	-58.80800169412001	"WR*"	13.7	"LSWR  4"
3202154	"WR  27"	"LSWR  4"	161.15854941551	-58.80800169412001	"WR*"	13.7	"THA 35-II-95"
3202154	"WR  27"	"LSWR  4"	161.15854941551	-58.80800169412001	"WR*"	13.7	"TIC 458839236"
3202154	"WR  27"	"LSWR  4"	161.15854941551	-58.80800169412001	"WR*"	13.7	"UCAC2   6055543"
3202154	"WR  27"	"LSWR  4"	161.15854941551	-58.80800169412001	"WR*"	13.7	"UCAC4 156-052213"
3202154	"WR  27"	"LSWR  4"	161.15854941551	-58.80800169412001	"WR*"	13.7	"WR  27"
3202253	"WR  22"	"HD  92740"	160.32298267738	-59.6769155536	"WR*"	6.42	"1E 1039.4-5924"
3202253	"WR  22"	"HD  92740"	160.32298267738	-59.6769155536	"WR*"	6.42	"1eRASS J104117.5-594036"
3202253	"WR  22"	"HD  92740"	160.32298267738	-59.6769155536	"WR*"	6.42	"2MASS J10411749-5940369"
3202253	"WR  22"	"HD  92740"	160.32298267738	-59.6769155536	"WR*"	6.42	"2XMM J104117.5-594038"
3202253	"WR  22"	"HD  92740"	160.32298267738	-59.6769155536	"WR*"	6.42	"AGASC 1130643264"
3202253	"WR  22"	"HD  92740"	160.32298267738	-59.6769155536	"WR*"	6.42	"ALS  1761"
3202253	"WR  22"	"HD  92740"	160.32298267738	-59.6769155536	"WR*"	6.42	"CD-59  3221"
3202253	"WR  22"	"HD  92740"	160.32298267738	-59.6769155536	"WR*"	6.42	"CEL   3643"
3202253	"WR  22"	"HD  92740"	160.32298267738	-59.6769155536	"WR*"	6.42	"Cl Bochum   10    54"
3202253	"WR  22"	"HD  92740"	160.32298267738	-59.6769155536	"WR*"	6.42	"CPC 20  3104"
3202253	"WR  22"	"HD  92740"	160.32298267738	-59.6769155536	"WR*"	6.42	"CPD-59  2450"
3202253	"WR  22"	"HD  92740"	160.32298267738	-59.6769155536	"WR*"	6.42	"CSV 101151"
3202253	"WR  22"	"HD  92740"	160.32298267738	-59.6769155536	"WR*"	6.42	"CXOGNC J104117.50-594037.0"
3202253	"WR  22"	"HD  92740"	160.32298267738	-59.6769155536	"WR*"	6.42	"Gaia DR1 5350370021964583040"
3202253	"WR  22"	"HD  92740"	160.32298267738	-59.6769155536	"WR*"	6.42	"Gaia DR2 5350370026290390912"
3202253	"WR  22"	"HD  92740"	160.32298267738	-59.6769155536	"WR*"	6.42	"Gaia DR3 5350370026290390912"
3202253	"WR  22"	"HD  92740"	160.32298267738	-59.6769155536	"WR*"	6.42	"GC 14707"
3202253	"WR  22"	"HD  92740"	160.32298267738	-59.6769155536	"WR*"	6.42	"GCRV  6657"
3202253	"WR  22"	"HD  92740"	160.32298267738	-59.6769155536	"WR*"	6.42	"GEN# +1.00092740"
3202253	"WR  22"	"HD  92740"	160.32298267738	-59.6769155536	"WR*"	6.42	"GOS G287.17-00.85 01"
3202253	"WR  22"	"HD  92740"	160.32298267738	-59.6769155536	"WR*"	6.42	"GSC 08626-02024"
3202253	"WR  22"	"HD  92740"	160.32298267738	-59.6769155536	"WR*"	6.42	"GSC2 S1113030700"
3202253	"WR  22"	"HD  92740"	160.32298267738	-59.6769155536	"WR*"	6.42	"HD  92740"
3202253	"WR  22"	"HD  92740"	160.32298267738	-59.6769155536	"WR*"	6.42	"Hen 3-470"
3202253	"WR  22"	"HD  92740"	160.32298267738	-59.6769155536	"WR*"	6.42	"HIC  52308"
3202253	"WR  22"	"HD  92740"	160.32298267738	-59.6769155536	"WR*"	6.42	"HIP 52308"
3202253	"WR  22"	"HD  92740"	160.32298267738	-59.6769155536	"WR*"	6.42	"HR  4188"
3202253	"WR  22"	"HD  92740"	160.32298267738	-59.6769155536	"WR*"	6.42	"LLNS  2297"
3202253	"WR  22"	"HD  92740"	160.32298267738	-59.6769155536	"WR*"	6.42	"LS 1761"
3202253	"WR  22"	"HD  92740"	160.32298267738	-59.6769155536	"WR*"	6.42	"MR  25"
3202253	"WR  22"	"HD  92740"	160.32298267738	-59.6769155536	"WR*"	6.42	"NSV  4939"
3202253	"WR  22"	"HD  92740"	160.32298267738	-59.6769155536	"WR*"	6.42	"PPM 339335"
3202253	"WR  22"	"HD  92740"	160.32298267738	-59.6769155536	"WR*"	6.42	"SAO 238353"
3202253	"WR  22"	"HD  92740"	160.32298267738	-59.6769155536	"WR*"	6.42	"SBC7   413"
3202253	"WR  22"	"HD  92740"	160.32298267738	-59.6769155536	"WR*"	6.42	"SBC9 629"
3202253	"WR  22"	"HD  92740"	160.32298267738	-59.6769155536	"WR*"	6.42	"SKY# 20475"
3202253	"WR  22"	"HD  92740"	160.32298267738	-59.6769155536	"WR*"	6.42	"SV* ZI   842"
3202253	"WR  22"	"HD  92740"	160.32298267738	-59.6769155536	"WR*"	6.42	"TD1 15070"
3202253	"WR  22"	"HD  92740"	160.32298267738	-59.6769155536	"WR*"	6.42	"TIC 458559498"
3202253	"WR  22"	"HD  92740"	160.32298267738	-59.6769155536	"WR*"	6.42	"TYC 8626-2024-1"
3202253	"WR  22"	"HD  92740"	160.32298267738	-59.6769155536	"WR*"	6.42	"UBV    9823"
3202253	"WR  22"	"HD  92740"	160.32298267738	-59.6769155536	"WR*"	6.42	"UBV M  16451"
3202253	"WR  22"	"HD  92740"	160.32298267738	-59.6769155536	"WR*"	6.42	"UCAC3 61-116878"
3202253	"WR  22"	"HD  92740"	160.32298267738	-59.6769155536	"WR*"	6.42	"UCAC4 152-051964"
3202253	"WR  22"	"HD  92740"	160.32298267738	-59.6769155536	"WR*"	6.42	"uvby98 100092740"
3202253	"WR  22"	"HD  92740"	160.32298267738	-59.6769155536	"WR*"	6.42	"V* V429 Car"
3202253	"WR  22"	"HD  92740"	160.32298267738	-59.6769155536	"WR*"	6.42	"WEB  9523"
3202253	"WR  22"	"HD  92740"	160.32298267738	-59.6769155536	"WR*"	6.42	"WR  22"
3202253	"WR  22"	"HD  92740"	160.32298267738	-59.6769155536	"WR*"	6.42	"WRAY 15-628"
3202253	"WR  22"	"HD  92740"	160.32298267738	-59.6769155536	"WR*"	6.42	"XMMU J104117.5-594038"
3204876	"WR  31a"	"WRAY 15-682"	163.49824055405	-60.44565585981001	"WR*"	10.85	"2MASS J10535958-6026444"
3204876	"WR  31a"	"WRAY 15-682"	163.49824055405	-60.44565585981001	"WR*"	10.85	"AAVSO 1050-59"
3204876	"WR  31a"	"WRAY 15-682"	163.49824055405	-60.44565585981001	"WR*"	10.85	"ALS  2015"
3204876	"WR  31a"	"WRAY 15-682"	163.49824055405	-60.44565585981001	"WR*"	10.85	"CSI-60-10520"
3204876	"WR  31a"	"WRAY 15-682"	163.49824055405	-60.44565585981001	"WR*"	10.85	"ESO 128-18"
3204876	"WR  31a"	"WRAY 15-682"	163.49824055405	-60.44565585981001	"WR*"	10.85	"Gaia DR1 5338229111491506304"
3204876	"WR  31a"	"WRAY 15-682"	163.49824055405	-60.44565585981001	"WR*"	10.85	"Gaia DR2 5338229115839425664"
3204876	"WR  31a"	"WRAY 15-682"	163.49824055405	-60.44565585981001	"WR*"	10.85	"Gaia DR3 5338229115839425664"
3204876	"WR  31a"	"WRAY 15-682"	163.49824055405	-60.44565585981001	"WR*"	10.85	"GSC 08958-01166"
3204876	"WR  31a"	"WRAY 15-682"	163.49824055405	-60.44565585981001	"WR*"	10.85	"GSC2 S1113013697"
3204876	"WR  31a"	"WRAY 15-682"	163.49824055405	-60.44565585981001	"WR*"	10.85	"[H53] 39"
3204876	"WR  31a"	"WRAY 15-682"	163.49824055405	-60.44565585981001	"WR*"	10.85	"Hen 3-519"
3204876	"WR  31a"	"WRAY 15-682"	163.49824055405	-60.44565585981001	"WR*"	10.85	"IRAS 10520-6010"
3204876	"WR  31a"	"WRAY 15-682"	163.49824055405	-60.44565585981001	"WR*"	10.85	"LLNS  3256"
3204876	"WR  31a"	"WRAY 15-682"	163.49824055405	-60.44565585981001	"WR*"	10.85	"LS 2015"
3204876	"WR  31a"	"WRAY 15-682"	163.49824055405	-60.44565585981001	"WR*"	10.85	"MSX5C G288.9347-00.8046"
3204876	"WR  31a"	"WRAY 15-682"	163.49824055405	-60.44565585981001	"WR*"	10.85	"PK 288-00  1"
3204876	"WR  31a"	"WRAY 15-682"	163.49824055405	-60.44565585981001	"WR*"	10.85	"PN G288.9-00.8"
3204876	"WR  31a"	"WRAY 15-682"	163.49824055405	-60.44565585981001	"WR*"	10.85	"PN Hf   39"
3204876	"WR  31a"	"WRAY 15-682"	163.49824055405	-60.44565585981001	"WR*"	10.85	"SS73  25"
3204876	"WR  31a"	"WRAY 15-682"	163.49824055405	-60.44565585981001	"WR*"	10.85	"TIC 465539899"
3204876	"WR  31a"	"WRAY 15-682"	163.49824055405	-60.44565585981001	"WR*"	10.85	"TYC 8958-1166-1"
3204876	"WR  31a"	"WRAY 15-682"	163.49824055405	-60.44565585981001	"WR*"	10.85	"UCAC2   5308747"
3204876	"WR  31a"	"WRAY 15-682"	163.49824055405	-60.44565585981001	"WR*"	10.85	"UCAC4 148-066854"
3204876	"WR  31a"	"WRAY 15-682"	163.49824055405	-60.44565585981001	"WR*"	10.85	"WR  31a"
3204876	"WR  31a"	"WRAY 15-682"	163.49824055405	-60.44565585981001	"WR*"	10.85	"WRAY 15-682"
3205085	"WR  30a"	"[MS70] 4"	162.91210979146	-60.94303036898	"WR*"	12.78	"2MASS J10513890-6056348"
3205085	"WR  30a"	"[MS70] 4"	162.91210979146	-60.94303036898	"WR*"	12.78	"ALS 18544"
3205085	"WR  30a"	"[MS70] 4"	162.91210979146	-60.94303036898	"WR*"	12.78	"AP J10513890-6056348"
3205085	"WR  30a"	"[MS70] 4"	162.91210979146	-60.94303036898	"WR*"	12.78	"Gaia DR2 5242117089256813568"
3205085	"WR  30a"	"[MS70] 4"	162.91210979146	-60.94303036898	"WR*"	12.78	"Gaia DR3 5242117089256813568"
3205085	"WR  30a"	"[MS70] 4"	162.91210979146	-60.94303036898	"WR*"	12.78	"GEN# +6.41702018"
3205085	"WR  30a"	"[MS70] 4"	162.91210979146	-60.94303036898	"WR*"	12.78	"GSC 08958-04143"
3205085	"WR  30a"	"[MS70] 4"	162.91210979146	-60.94303036898	"WR*"	12.78	"[MS70] 4"
3205085	"WR  30a"	"[MS70] 4"	162.91210979146	-60.94303036898	"WR*"	12.78	"SBC9 2015"
3205085	"WR  30a"	"[MS70] 4"	162.91210979146	-60.94303036898	"WR*"	12.78	"TIC 465216332"
3205085	"WR  30a"	"[MS70] 4"	162.91210979146	-60.94303036898	"WR*"	12.78	"UCAC4 146-061844"
3205085	"WR  30a"	"[MS70] 4"	162.91210979146	-60.94303036898	"WR*"	12.78	"uvby98 641702018"
3205085	"WR  30a"	"[MS70] 4"	162.91210979146	-60.94303036898	"WR*"	12.78	"V* V574 Car"
3205085	"WR  30a"	"[MS70] 4"	162.91210979146	-60.94303036898	"WR*"	12.78	"[W76b] BBII 18"
3205085	"WR  30a"	"[MS70] 4"	162.91210979146	-60.94303036898	"WR*"	12.78	"WR  30a"
3205556	"WR  30"	"HD  94305"	162.7750069463	-62.28379170726001	"WR*"	11.35	"2MASS J10510600-6217016"
3205556	"WR  30"	"HD  94305"	162.7750069463	-62.28379170726001	"WR*"	11.35	"ALS  1970"
3205556	"WR  30"	"HD  94305"	162.7750069463	-62.28379170726001	"WR*"	11.35	"CSI-62-10492"
3205556	"WR  30"	"HD  94305"	162.7750069463	-62.28379170726001	"WR*"	11.35	"CSI-62-10498"
3205556	"WR  30"	"HD  94305"	162.7750069463	-62.28379170726001	"WR*"	11.35	"Gaia DR1 5241922750574030720"
3205556	"WR  30"	"HD  94305"	162.7750069463	-62.28379170726001	"WR*"	11.35	"Gaia DR2 5241922754918453760"
3205556	"WR  30"	"HD  94305"	162.7750069463	-62.28379170726001	"WR*"	11.35	"Gaia DR3 5241922754918453760"
3205556	"WR  30"	"HD  94305"	162.7750069463	-62.28379170726001	"WR*"	11.35	"GEN# +1.00094305"
3205556	"WR  30"	"HD  94305"	162.7750069463	-62.28379170726001	"WR*"	11.35	"[GL65] 428"
3205556	"WR  30"	"HD  94305"	162.7750069463	-62.28379170726001	"WR*"	11.35	"GSC 08961-00618"
3205556	"WR  30"	"HD  94305"	162.7750069463	-62.28379170726001	"WR*"	11.35	"HD  94305"
3205556	"WR  30"	"HD  94305"	162.7750069463	-62.28379170726001	"WR*"	11.35	"Hen 3-507"
3205556	"WR  30"	"HD  94305"	162.7750069463	-62.28379170726001	"WR*"	11.35	"LLNS  3087"
3205556	"WR  30"	"HD  94305"	162.7750069463	-62.28379170726001	"WR*"	11.35	"LS 1970"
3205556	"WR  30"	"HD  94305"	162.7750069463	-62.28379170726001	"WR*"	11.35	"MR  30"
3205556	"WR  30"	"HD  94305"	162.7750069463	-62.28379170726001	"WR*"	11.35	"RAVE J105106.0-621702"
3205556	"WR  30"	"HD  94305"	162.7750069463	-62.28379170726001	"WR*"	11.35	"SBC9 640"
3205556	"WR  30"	"HD  94305"	162.7750069463	-62.28379170726001	"WR*"	11.35	"TIC 465247492"
3205556	"WR  30"	"HD  94305"	162.7750069463	-62.28379170726001	"WR*"	11.35	"TYC 8961-618-1"
3205556	"WR  30"	"HD  94305"	162.7750069463	-62.28379170726001	"WR*"	11.35	"UCAC4 139-050386"
3205556	"WR  30"	"HD  94305"	162.7750069463	-62.28379170726001	"WR*"	11.35	"uvby98 100094305"
3205556	"WR  30"	"HD  94305"	162.7750069463	-62.28379170726001	"WR*"	11.35	"V* V541 Car"
3205556	"WR  30"	"HD  94305"	162.7750069463	-62.28379170726001	"WR*"	11.35	"WEB  9642"
3205556	"WR  30"	"HD  94305"	162.7750069463	-62.28379170726001	"WR*"	11.35	"WR  30"
3205556	"WR  30"	"HD  94305"	162.7750069463	-62.28379170726001	"WR*"	11.35	"WRAY 15-664"
3218098	"WR  43c"	"Cl* NGC 3603    MDS      C"	168.7816047364854	-61.26056327665833	"WR*"	11.89	"** B 1184C"
3218098	"WR  43c"	"Cl* NGC 3603    MDS      C"	168.7816047364854	-61.26056327665833	"WR*"	11.89	"CCDM J11151-6116C"
3218098	"WR  43c"	"Cl* NGC 3603    MDS      C"	168.7816047364854	-61.26056327665833	"WR*"	11.89	"CD-60  3452C"
3218098	"WR  43c"	"Cl* NGC 3603    MDS      C"	168.7816047364854	-61.26056327665833	"WR*"	11.89	"Cl* NGC 3603    HSW       3"
3218098	"WR  43c"	"Cl* NGC 3603    MDS      C"	168.7816047364854	-61.26056327665833	"WR*"	11.89	"Cl* NGC 3603    MDS      18"
3218098	"WR  43c"	"Cl* NGC 3603    MDS      C"	168.7816047364854	-61.26056327665833	"WR*"	11.89	"Cl* NGC 3603    MDS      C"
3218098	"WR  43c"	"Cl* NGC 3603    MDS      C"	168.7816047364854	-61.26056327665833	"WR*"	11.89	"CPD-60  2732C"
3218098	"WR  43c"	"Cl* NGC 3603    MDS      C"	168.7816047364854	-61.26056327665833	"WR*"	11.89	"CSI-60  2732 42"
3218098	"WR  43c"	"Cl* NGC 3603    MDS      C"	168.7816047364854	-61.26056327665833	"WR*"	11.89	"Gaia DR3 5337418019842028032"
3218098	"WR  43c"	"Cl* NGC 3603    MDS      C"	168.7816047364854	-61.26056327665833	"WR*"	11.89	"HD  97950C"
3218098	"WR  43c"	"Cl* NGC 3603    MDS      C"	168.7816047364854	-61.26056327665833	"WR*"	11.89	"[HEM2008] 3"
3218098	"WR  43c"	"Cl* NGC 3603    MDS      C"	168.7816047364854	-61.26056327665833	"WR*"	11.89	"** I 1132C"
3218098	"WR  43c"	"Cl* NGC 3603    MDS      C"	168.7816047364854	-61.26056327665833	"WR*"	11.89	"IDS 11108-6043 C"
3218098	"WR  43c"	"Cl* NGC 3603    MDS      C"	168.7816047364854	-61.26056327665833	"WR*"	11.89	"[SB2004] 10635"
3218098	"WR  43c"	"Cl* NGC 3603    MDS      C"	168.7816047364854	-61.26056327665833	"WR*"	11.89	"[SB2004]  1266"
3218098	"WR  43c"	"Cl* NGC 3603    MDS      C"	168.7816047364854	-61.26056327665833	"WR*"	11.89	"TIC 923163668"
3218098	"WR  43c"	"Cl* NGC 3603    MDS      C"	168.7816047364854	-61.26056327665833	"WR*"	11.89	"WDS J11151-6116C"
3218098	"WR  43c"	"Cl* NGC 3603    MDS      C"	168.7816047364854	-61.26056327665833	"WR*"	11.89	"WR  43c"
3218513	"WR  42a"	"WR  42a"	168.06559214645	-61.0846671366	"WR*"	17.61	"2MASS J11121573-6105047"
3218513	"WR  42a"	"WR  42a"	168.06559214645	-61.0846671366	"WR*"	17.61	"AP J11121573-6105047"
3218513	"WR  42a"	"WR  42a"	168.06559214645	-61.0846671366	"WR*"	17.61	"Gaia DR2 5337240002035340288"
3218513	"WR  42a"	"WR  42a"	168.06559214645	-61.0846671366	"WR*"	17.61	"Gaia DR3 5337240002035340288"
3218513	"WR  42a"	"WR  42a"	168.06559214645	-61.0846671366	"WR*"	17.61	"SMSP  9"
3218513	"WR  42a"	"WR  42a"	168.06559214645	-61.0846671366	"WR*"	17.61	"TIC 467282915"
3218513	"WR  42a"	"WR  42a"	168.06559214645	-61.0846671366	"WR*"	17.61	"WR  42a"
3218514	"WR  42c"	"WR  42c"	168.50617010607	-61.06325253941	"WR*"	16.56	"2MASS J11140147-6103477"
3218514	"WR  42c"	"WR  42c"	168.50617010607	-61.06325253941	"WR*"	16.56	"AP J11140147-6103477"
3218514	"WR  42c"	"WR  42c"	168.50617010607	-61.06325253941	"WR*"	16.56	"Gaia DR2 5337612324165433472"
3218514	"WR  42c"	"WR  42c"	168.50617010607	-61.06325253941	"WR*"	16.56	"Gaia DR3 5337612324165433472"
3218514	"WR  42c"	"WR  42c"	168.50617010607	-61.06325253941	"WR*"	16.56	"[SB2004]   471"
3218514	"WR  42c"	"WR  42c"	168.50617010607	-61.06325253941	"WR*"	16.56	"SMSP 11"
3218514	"WR  42c"	"WR  42c"	168.50617010607	-61.06325253941	"WR*"	16.56	"TIC 467411574"
3218514	"WR  42c"	"WR  42c"	168.50617010607	-61.06325253941	"WR*"	16.56	"WR  42c"
3218515	"WR  42d"	"WR  42d"	168.66099999999997	-61.18786111111111	"WR*"	15.28	"2MASS J11143864-6111163"
3218515	"WR  42d"	"WR  42d"	168.66099999999997	-61.18786111111111	"WR*"	15.28	"[SB2004]   875"
3218515	"WR  42d"	"WR  42d"	168.66099999999997	-61.18786111111111	"WR*"	15.28	"SMSP 12"
3218515	"WR  42d"	"WR  42d"	168.66099999999997	-61.18786111111111	"WR*"	15.28	"TIC 467480509"
3218515	"WR  42d"	"WR  42d"	168.66099999999997	-61.18786111111111	"WR*"	15.28	"WR  42d"
3218687	"WR  42"	"HD  97152"	167.51699881255	-60.979156465740004	"WR*"	8.07	"2MASS J11100408-6058449"
3218687	"WR  42"	"HD  97152"	167.51699881255	-60.979156465740004	"WR*"	8.07	"AAVSO 1105-60"
3218687	"WR  42"	"HD  97152"	167.51699881255	-60.979156465740004	"WR*"	8.07	"ALS  2198"
3218687	"WR  42"	"HD  97152"	167.51699881255	-60.979156465740004	"WR*"	8.07	"CD-60  3396"
3218687	"WR  42"	"HD  97152"	167.51699881255	-60.979156465740004	"WR*"	8.07	"CEL   3829"
3218687	"WR  42"	"HD  97152"	167.51699881255	-60.979156465740004	"WR*"	8.07	"CPC 20.1  3090"
3218687	"WR  42"	"HD  97152"	167.51699881255	-60.979156465740004	"WR*"	8.07	"CPD-60  2578"
3218687	"WR  42"	"HD  97152"	167.51699881255	-60.979156465740004	"WR*"	8.07	"Gaia DR1 5337255425227903872"
3218687	"WR  42"	"HD  97152"	167.51699881255	-60.979156465740004	"WR*"	8.07	"Gaia DR2 5337255429559053824"
3218687	"WR  42"	"HD  97152"	167.51699881255	-60.979156465740004	"WR*"	8.07	"Gaia DR3 5337255429559053824"
3218687	"WR  42"	"HD  97152"	167.51699881255	-60.979156465740004	"WR*"	8.07	"GEN# +1.00097152"
3218687	"WR  42"	"HD  97152"	167.51699881255	-60.979156465740004	"WR*"	8.07	"GSC 08959-00414"
3218687	"WR  42"	"HD  97152"	167.51699881255	-60.979156465740004	"WR*"	8.07	"HD  97152"
3218687	"WR  42"	"HD  97152"	167.51699881255	-60.979156465740004	"WR*"	8.07	"Hen 3-603"
3218687	"WR  42"	"HD  97152"	167.51699881255	-60.979156465740004	"WR*"	8.07	"HIC  54574"
3218687	"WR  42"	"HD  97152"	167.51699881255	-60.979156465740004	"WR*"	8.07	"HIP 54574"
3218687	"WR  42"	"HD  97152"	167.51699881255	-60.979156465740004	"WR*"	8.07	"[J80] 1-51"
3218687	"WR  42"	"HD  97152"	167.51699881255	-60.979156465740004	"WR*"	8.07	"LLNS  4237"
3218687	"WR  42"	"HD  97152"	167.51699881255	-60.979156465740004	"WR*"	8.07	"LS 2198"
3218687	"WR  42"	"HD  97152"	167.51699881255	-60.979156465740004	"WR*"	8.07	"MR  36"
3218687	"WR  42"	"HD  97152"	167.51699881255	-60.979156465740004	"WR*"	8.07	"PPM 358535"
3218687	"WR  42"	"HD  97152"	167.51699881255	-60.979156465740004	"WR*"	8.07	"SAO 251296"
3218687	"WR  42"	"HD  97152"	167.51699881255	-60.979156465740004	"WR*"	8.07	"SBC9 661"
3218687	"WR  42"	"HD  97152"	167.51699881255	-60.979156465740004	"WR*"	8.07	"TD1 15431"
3218687	"WR  42"	"HD  97152"	167.51699881255	-60.979156465740004	"WR*"	8.07	"TIC 467049852"
3218687	"WR  42"	"HD  97152"	167.51699881255	-60.979156465740004	"WR*"	8.07	"TYC 8959-414-1"
3218687	"WR  42"	"HD  97152"	167.51699881255	-60.979156465740004	"WR*"	8.07	"UBV   10199"
3218687	"WR  42"	"HD  97152"	167.51699881255	-60.979156465740004	"WR*"	8.07	"UCAC2   5050980"
3218687	"WR  42"	"HD  97152"	167.51699881255	-60.979156465740004	"WR*"	8.07	"UCAC4 146-073836"
3218687	"WR  42"	"HD  97152"	167.51699881255	-60.979156465740004	"WR*"	8.07	"uvby98 100097152"
3218687	"WR  42"	"HD  97152"	167.51699881255	-60.979156465740004	"WR*"	8.07	"V* V431 Car"
3218687	"WR  42"	"HD  97152"	167.51699881255	-60.979156465740004	"WR*"	8.07	"WEB  9849"
3218687	"WR  42"	"HD  97152"	167.51699881255	-60.979156465740004	"WR*"	8.07	"WR  42"
3218687	"WR  42"	"HD  97152"	167.51699881255	-60.979156465740004	"WR*"	8.07	"WRAY 15-762"
3218689	"WR  44"	"MR  39"	169.24098683531	-59.43997036372	"WR*"	12.79	"2MASS J11165783-5926238"
3218689	"WR  44"	"MR  39"	169.24098683531	-59.43997036372	"WR*"	12.79	"ALS  2289"
3218689	"WR  44"	"MR  39"	169.24098683531	-59.43997036372	"WR*"	12.79	"CSI-59-11147"
3218689	"WR  44"	"MR  39"	169.24098683531	-59.43997036372	"WR*"	12.79	"CSI-59-11148"
3218689	"WR  44"	"MR  39"	169.24098683531	-59.43997036372	"WR*"	12.79	"Gaia DR2 5339121811857056128"
3218689	"WR  44"	"MR  39"	169.24098683531	-59.43997036372	"WR*"	12.79	"Gaia DR3 5339121811857056128"
3218689	"WR  44"	"MR  39"	169.24098683531	-59.43997036372	"WR*"	12.79	"Hen 3-631"
3218689	"WR  44"	"MR  39"	169.24098683531	-59.43997036372	"WR*"	12.79	"LLNS  4691"
3218689	"WR  44"	"MR  39"	169.24098683531	-59.43997036372	"WR*"	12.79	"LS 2289"
3218689	"WR  44"	"MR  39"	169.24098683531	-59.43997036372	"WR*"	12.79	"[M51]  65"
3218689	"WR  44"	"MR  39"	169.24098683531	-59.43997036372	"WR*"	12.79	"MR  39"
3218689	"WR  44"	"MR  39"	169.24098683531	-59.43997036372	"WR*"	12.79	"TIC 450709091"
3218689	"WR  44"	"MR  39"	169.24098683531	-59.43997036372	"WR*"	12.79	"UCAC2   5823892"
3218689	"WR  44"	"MR  39"	169.24098683531	-59.43997036372	"WR*"	12.79	"UCAC4 153-070245"
3218689	"WR  44"	"MR  39"	169.24098683531	-59.43997036372	"WR*"	12.79	"WR  44"
3218715	"WR  43"	"HD  97950"	168.7806083333333	-61.2607	"Cl*"	9.03	"1RXS J111510.2-611540"
3218715	"WR  43"	"HD  97950"	168.7806083333333	-61.2607	"Cl*"	9.03	"AAVSO 1110-60"
3218715	"WR  43"	"HD  97950"	168.7806083333333	-61.2607	"Cl*"	9.03	"ALS  2275"
3218715	"WR  43"	"HD  97950"	168.7806083333333	-61.2607	"Cl*"	9.03	"** B 1184AB"
3218715	"WR  43"	"HD  97950"	168.7806083333333	-61.2607	"Cl*"	9.03	"CCDM J11151-6116AB"
3218715	"WR  43"	"HD  97950"	168.7806083333333	-61.2607	"Cl*"	9.03	"CD-60  3452"
3218715	"WR  43"	"HD  97950"	168.7806083333333	-61.2607	"Cl*"	9.03	"CPC 20.1  3126"
3218715	"WR  43"	"HD  97950"	168.7806083333333	-61.2607	"Cl*"	9.03	"CPD-60  2732"
3218715	"WR  43"	"HD  97950"	168.7806083333333	-61.2607	"Cl*"	9.03	"CSI-60  2732 41"
3218715	"WR  43"	"HD  97950"	168.7806083333333	-61.2607	"Cl*"	9.03	"EM* CDS  860"
3218715	"WR  43"	"HD  97950"	168.7806083333333	-61.2607	"Cl*"	9.03	"GEN# +1.00097950"
3218715	"WR  43"	"HD  97950"	168.7806083333333	-61.2607	"Cl*"	9.03	"GSC 08959-01959"
3218715	"WR  43"	"HD  97950"	168.7806083333333	-61.2607	"Cl*"	9.03	"HD  97950"
3218715	"WR  43"	"HD  97950"	168.7806083333333	-61.2607	"Cl*"	9.03	"** HER 3334"
3218715	"WR  43"	"HD  97950"	168.7806083333333	-61.2607	"Cl*"	9.03	"HIC  54948"
3218715	"WR  43"	"HD  97950"	168.7806083333333	-61.2607	"Cl*"	9.03	"HIP 54948"
3218715	"WR  43"	"HD  97950"	168.7806083333333	-61.2607	"Cl*"	9.03	"IDS 11108-6043 AB"
3218715	"WR  43"	"HD  97950"	168.7806083333333	-61.2607	"Cl*"	9.03	"LLNS  4578"
3218715	"WR  43"	"HD  97950"	168.7806083333333	-61.2607	"Cl*"	9.03	"LS 2275"
3218715	"WR  43"	"HD  97950"	168.7806083333333	-61.2607	"Cl*"	9.03	"MR  38"
3218715	"WR  43"	"HD  97950"	168.7806083333333	-61.2607	"Cl*"	9.03	"NAME NGC 3603 YC"
3218715	"WR  43"	"HD  97950"	168.7806083333333	-61.2607	"Cl*"	9.03	"NAME NGC 3603YC"
3218715	"WR  43"	"HD  97950"	168.7806083333333	-61.2607	"Cl*"	9.03	"NAME NGC 3603 Young Cluster"
3218715	"WR  43"	"HD  97950"	168.7806083333333	-61.2607	"Cl*"	9.03	"NGC  3603    70"
3218715	"WR  43"	"HD  97950"	168.7806083333333	-61.2607	"Cl*"	9.03	"TYC 8959-1959-1"
3218715	"WR  43"	"HD  97950"	168.7806083333333	-61.2607	"Cl*"	9.03	"UBV   10269"
3218715	"WR  43"	"HD  97950"	168.7806083333333	-61.2607	"Cl*"	9.03	"UBV M  16935"
3218715	"WR  43"	"HD  97950"	168.7806083333333	-61.2607	"Cl*"	9.03	"UCAC2   4794917"
3218715	"WR  43"	"HD  97950"	168.7806083333333	-61.2607	"Cl*"	9.03	"UCAC4 144-073118"
3218715	"WR  43"	"HD  97950"	168.7806083333333	-61.2607	"Cl*"	9.03	"WDS J11151-6116AB"
3218715	"WR  43"	"HD  97950"	168.7806083333333	-61.2607	"Cl*"	9.03	"WR  43"
3218715	"WR  43"	"HD  97950"	168.7806083333333	-61.2607	"Cl*"	9.03	"WRAY 19-32"
3219025	"WR  36"	"WR  36"	165.63741114849	-59.43914165202	"WR*"	12.94	"2MASS J11023296-5926209"
3219025	"WR  36"	"WR  36"	165.63741114849	-59.43914165202	"WR*"	12.94	"ALS  2112"
3219025	"WR  36"	"WR  36"	165.63741114849	-59.43914165202	"WR*"	12.94	"CSI-59-11005"
3219025	"WR  36"	"WR  36"	165.63741114849	-59.43914165202	"WR*"	12.94	"Gaia DR2 5338564015865196800"
3219025	"WR  36"	"WR  36"	165.63741114849	-59.43914165202	"WR*"	12.94	"Gaia DR3 5338564015865196800"
3219025	"WR  36"	"WR  36"	165.63741114849	-59.43914165202	"WR*"	12.94	"GSC 08627-01968"
3219025	"WR  36"	"WR  36"	165.63741114849	-59.43914165202	"WR*"	12.94	"LLNS  3714"
3219025	"WR  36"	"WR  36"	165.63741114849	-59.43914165202	"WR*"	12.94	"LS 2112"
3219025	"WR  36"	"WR  36"	165.63741114849	-59.43914165202	"WR*"	12.94	"LSWR  6"
3219025	"WR  36"	"WR  36"	165.63741114849	-59.43914165202	"WR*"	12.94	"UCAC4 153-063124"
3219025	"WR  36"	"WR  36"	165.63741114849	-59.43914165202	"WR*"	12.94	"WR  36"
3219108	"WR  35b"	"SMSP  6"	165.25871182692	-60.233619343730005	"WR*"	14.19	"2MASS J11010210-6014011"
3219108	"WR  35b"	"SMSP  6"	165.25871182692	-60.233619343730005	"WR*"	14.19	"Cl Sher    1     8"
3219108	"WR  35b"	"SMSP  6"	165.25871182692	-60.233619343730005	"WR*"	14.19	"Cl* Sher    1    MSP     132"
3219108	"WR  35b"	"SMSP  6"	165.25871182692	-60.233619343730005	"WR*"	14.19	"Gaia DR2 5338141464150107008"
3219108	"WR  35b"	"SMSP  6"	165.25871182692	-60.233619343730005	"WR*"	14.19	"Gaia DR3 5338141464150107008"
3219108	"WR  35b"	"SMSP  6"	165.25871182692	-60.233619343730005	"WR*"	14.19	"GEN# +4.29010008"
3219108	"WR  35b"	"SMSP  6"	165.25871182692	-60.233619343730005	"WR*"	14.19	"SMSP  6"
3219108	"WR  35b"	"SMSP  6"	165.25871182692	-60.233619343730005	"WR*"	14.19	"TIC 466117241"
3219108	"WR  35b"	"SMSP  6"	165.25871182692	-60.233619343730005	"WR*"	14.19	"UBV M  39876"
3219108	"WR  35b"	"SMSP  6"	165.25871182692	-60.233619343730005	"WR*"	14.19	"WR  35b"
3220266	"WR  43a"	"Cl* NGC 3603    BLW A1"	168.7804583333333	-61.26066666666667	"WR*"	11.18	"Cl* NGC 3603    BLW A1"
3220266	"WR  43a"	"Cl* NGC 3603    BLW A1"	168.7804583333333	-61.26066666666667	"WR*"	11.18	"Cl* NGC 3603    HSW       1"
3220266	"WR  43a"	"Cl* NGC 3603    BLW A1"	168.7804583333333	-61.26066666666667	"WR*"	11.18	"Cl* NGC 3603    MDS      30"
3220266	"WR  43a"	"Cl* NGC 3603    BLW A1"	168.7804583333333	-61.26066666666667	"WR*"	11.18	"[HEM2008] 2"
3220266	"WR  43a"	"Cl* NGC 3603    BLW A1"	168.7804583333333	-61.26066666666667	"WR*"	11.18	"[SB2004] 10558"
3220266	"WR  43a"	"Cl* NGC 3603    BLW A1"	168.7804583333333	-61.26066666666667	"WR*"	11.18	"WR  43a"
3220267	"WR  43b"	"Cl* NGC 3603    MDS      B"	168.78086687184415	-61.260726077968336	"WR*"	11.33	"** B 1184B"
3220267	"WR  43b"	"Cl* NGC 3603    MDS      B"	168.78086687184415	-61.260726077968336	"WR*"	11.33	"CCDM J11151-6116B"
3220267	"WR  43b"	"Cl* NGC 3603    MDS      B"	168.78086687184415	-61.260726077968336	"WR*"	11.33	"CD-60  3452B"
3220267	"WR  43b"	"Cl* NGC 3603    MDS      B"	168.78086687184415	-61.260726077968336	"WR*"	11.33	"Cl* NGC 3603    HSW       2"
3220267	"WR  43b"	"Cl* NGC 3603    MDS      B"	168.78086687184415	-61.260726077968336	"WR*"	11.33	"Cl* NGC 3603    MDS      23"
3220267	"WR  43b"	"Cl* NGC 3603    MDS      B"	168.78086687184415	-61.260726077968336	"WR*"	11.33	"Cl* NGC 3603    MDS      B"
3220267	"WR  43b"	"Cl* NGC 3603    MDS      B"	168.78086687184415	-61.260726077968336	"WR*"	11.33	"CPD-60  2732B"
3220267	"WR  43b"	"Cl* NGC 3603    MDS      B"	168.78086687184415	-61.260726077968336	"WR*"	11.33	"Gaia DR3 5337418019842027904"
3220267	"WR  43b"	"Cl* NGC 3603    MDS      B"	168.78086687184415	-61.260726077968336	"WR*"	11.33	"HD  97950B"
3220267	"WR  43b"	"Cl* NGC 3603    MDS      B"	168.78086687184415	-61.260726077968336	"WR*"	11.33	"[HEM2008] 1"
3220267	"WR  43b"	"Cl* NGC 3603    MDS      B"	168.78086687184415	-61.260726077968336	"WR*"	11.33	"** I 1132B"
3220267	"WR  43b"	"Cl* NGC 3603    MDS      B"	168.78086687184415	-61.260726077968336	"WR*"	11.33	"[SB2004] 10582"
3220267	"WR  43b"	"Cl* NGC 3603    MDS      B"	168.78086687184415	-61.260726077968336	"WR*"	11.33	"WDS J11151-6116B"
3220267	"WR  43b"	"Cl* NGC 3603    MDS      B"	168.78086687184415	-61.260726077968336	"WR*"	11.33	"WR  43b"
3220606	"WR 42-1"	"WR  42e"	168.68963945428	-61.25008262078	"WR*"	14.529	"1BMC J111445.5-611500"
3220606	"WR 42-1"	"WR  42e"	168.68963945428	-61.25008262078	"WR*"	14.529	"2MASS J11144550-6115001"
3220606	"WR 42-1"	"WR  42e"	168.68963945428	-61.25008262078	"WR*"	14.529	"Gaia DR2 5337420974779493248"
3220606	"WR 42-1"	"WR  42e"	168.68963945428	-61.25008262078	"WR*"	14.529	"Gaia DR3 5337420974779493248"
3220606	"WR 42-1"	"WR  42e"	168.68963945428	-61.25008262078	"WR*"	14.529	"[SB2004]   954"
3220606	"WR 42-1"	"WR  42e"	168.68963945428	-61.25008262078	"WR*"	14.529	"TIC 467481183"
3220606	"WR 42-1"	"WR  42e"	168.68963945428	-61.25008262078	"WR*"	14.529	"UCAC4 144-072984"
3220606	"WR 42-1"	"WR  42e"	168.68963945428	-61.25008262078	"WR*"	14.529	"WR 42-1"
3220606	"WR 42-1"	"WR  42e"	168.68963945428	-61.25008262078	"WR*"	14.529	"WR  42e"
3220606	"WR  42e"	"WR  42e"	168.68963945428	-61.25008262078	"WR*"	14.529	"1BMC J111445.5-611500"
3220606	"WR  42e"	"WR  42e"	168.68963945428	-61.25008262078	"WR*"	14.529	"2MASS J11144550-6115001"
3220606	"WR  42e"	"WR  42e"	168.68963945428	-61.25008262078	"WR*"	14.529	"Gaia DR2 5337420974779493248"
3220606	"WR  42e"	"WR  42e"	168.68963945428	-61.25008262078	"WR*"	14.529	"Gaia DR3 5337420974779493248"
3220606	"WR  42e"	"WR  42e"	168.68963945428	-61.25008262078	"WR*"	14.529	"[SB2004]   954"
3220606	"WR  42e"	"WR  42e"	168.68963945428	-61.25008262078	"WR*"	14.529	"TIC 467481183"
3220606	"WR  42e"	"WR  42e"	168.68963945428	-61.25008262078	"WR*"	14.529	"UCAC4 144-072984"
3220606	"WR  42e"	"WR  42e"	168.68963945428	-61.25008262078	"WR*"	14.529	"WR 42-1"
3220606	"WR  42e"	"WR  42e"	168.68963945428	-61.25008262078	"WR*"	14.529	"WR  42e"
3220865	"WR  41"	"LS 2173"	166.97529979486	-61.46133356932	"WR*"	14.5	"2MASS J11075406-6127408"
3220865	"WR  41"	"LS 2173"	166.97529979486	-61.46133356932	"WR*"	14.5	"ALS  2173"
3220865	"WR  41"	"LS 2173"	166.97529979486	-61.46133356932	"WR*"	14.5	"AP J11075406-6127408"
3220865	"WR  41"	"LS 2173"	166.97529979486	-61.46133356932	"WR*"	14.5	"CSI-61-11058"
3220865	"WR  41"	"LS 2173"	166.97529979486	-61.46133356932	"WR*"	14.5	"Gaia DR2 5337259484009055616"
3220865	"WR  41"	"LS 2173"	166.97529979486	-61.46133356932	"WR*"	14.5	"Gaia DR3 5337259484009055616"
3220865	"WR  41"	"LS 2173"	166.97529979486	-61.46133356932	"WR*"	14.5	"LS 2173"
3220865	"WR  41"	"LS 2173"	166.97529979486	-61.46133356932	"WR*"	14.5	"LSWR  7"
3220865	"WR  41"	"LS 2173"	166.97529979486	-61.46133356932	"WR*"	14.5	"TIC 466837461"
3220865	"WR  41"	"LS 2173"	166.97529979486	-61.46133356932	"WR*"	14.5	"UCAC4 143-072624"
3220865	"WR  41"	"LS 2173"	166.97529979486	-61.46133356932	"WR*"	14.5	"WISEA J110754.05-612740.9"
3220865	"WR  41"	"LS 2173"	166.97529979486	-61.46133356932	"WR*"	14.5	"WISE J110754.05-612740.9"
3220865	"WR  41"	"LS 2173"	166.97529979486	-61.46133356932	"WR*"	14.5	"WR  41"
3220866	"WR  39"	"WR  39"	166.57803922089	-61.23845554561	"WR*"	13.05	"2MASS J11061873-6114184"
3220866	"WR  39"	"WR  39"	166.57803922089	-61.23845554561	"WR*"	13.05	"Gaia DR2 5337278278787846784"
3220866	"WR  39"	"WR  39"	166.57803922089	-61.23845554561	"WR*"	13.05	"Gaia DR3 5337278278787846784"
3220866	"WR  39"	"WR  39"	166.57803922089	-61.23845554561	"WR*"	13.05	"[MS70] 9"
3220866	"WR  39"	"WR  39"	166.57803922089	-61.23845554561	"WR*"	13.05	"TIC 466662129"
3220866	"WR  39"	"WR  39"	166.57803922089	-61.23845554561	"WR*"	13.05	"UCAC4 144-069097"
3220866	"WR  39"	"WR  39"	166.57803922089	-61.23845554561	"WR*"	13.05	"WR  39"
3220867	"WR  38"	"[MS70] 8"	166.44345500000003	-61.23020900000001	"WR*"	14.66	"2MASS J11054642-6113487"
3220867	"WR  38"	"[MS70] 8"	166.44345500000003	-61.23020900000001	"WR*"	14.66	"[MS70] 8"
3220867	"WR  38"	"[MS70] 8"	166.44345500000003	-61.23020900000001	"WR*"	14.66	"[STP2004]  40"
3220867	"WR  38"	"[MS70] 8"	166.44345500000003	-61.23020900000001	"WR*"	14.66	"TIC 466662221"
3220867	"WR  38"	"[MS70] 8"	166.44345500000003	-61.23020900000001	"WR*"	14.66	"UCAC4 144-068741"
3220867	"WR  38"	"[MS70] 8"	166.44345500000003	-61.23020900000001	"WR*"	14.66	"WDS J11058-6114AB"
3220867	"WR  38"	"[MS70] 8"	166.44345500000003	-61.23020900000001	"WR*"	14.66	"[WGM2005]  1"
3220867	"WR  38"	"[MS70] 8"	166.44345500000003	-61.23020900000001	"WR*"	14.66	"** WLC    1AB"
3220867	"WR  38"	"[MS70] 8"	166.44345500000003	-61.23020900000001	"WR*"	14.66	"WR  38"
3220868	"WR  37"	"WR  37"	166.30792758106	-61.34477379922	"WR*"	16.0	"2MASS J11051390-6120411"
3220868	"WR  37"	"WR  37"	166.30792758106	-61.34477379922	"WR*"	16.0	"Gaia DR2 5337185679290680320"
3220868	"WR  37"	"WR  37"	166.30792758106	-61.34477379922	"WR*"	16.0	"Gaia DR3 5337185679290680320"
3220868	"WR  37"	"WR  37"	166.30792758106	-61.34477379922	"WR*"	16.0	"[MS70] 7"
3220868	"WR  37"	"WR  37"	166.30792758106	-61.34477379922	"WR*"	16.0	"TIC 466527248"
3220868	"WR  37"	"WR  37"	166.30792758106	-61.34477379922	"WR*"	16.0	"WR  37"
3220869	"WR  35"	"WR  35"	165.09106235184	-61.23122701265001	"WR*"	13.574	"2MASS J11002186-6113523"
3220869	"WR  35"	"WR  35"	165.09106235184	-61.23122701265001	"WR*"	13.574	"Gaia DR2 5337926269099549056"
3220869	"WR  35"	"WR  35"	165.09106235184	-61.23122701265001	"WR*"	13.574	"Gaia DR3 5337926269099549056"
3220869	"WR  35"	"WR  35"	165.09106235184	-61.23122701265001	"WR*"	13.574	"GSC2 S111222016245"
3220869	"WR  35"	"WR  35"	165.09106235184	-61.23122701265001	"WR*"	13.574	"[MS70] 6"
3220869	"WR  35"	"WR  35"	165.09106235184	-61.23122701265001	"WR*"	13.574	"SPH 123"
3220869	"WR  35"	"WR  35"	165.09106235184	-61.23122701265001	"WR*"	13.574	"THA 35-II-159"
3220869	"WR  35"	"WR  35"	165.09106235184	-61.23122701265001	"WR*"	13.574	"UCAC4 144-065102"
3220869	"WR  35"	"WR  35"	165.09106235184	-61.23122701265001	"WR*"	13.574	"WISEA J110021.86-611352.3"
3220869	"WR  35"	"WR  35"	165.09106235184	-61.23122701265001	"WR*"	13.574	"WISE J110021.86-611352.3"
3220869	"WR  35"	"WR  35"	165.09106235184	-61.23122701265001	"WR*"	13.574	"WR  35"
3220921	"WR  38a"	"WR  38a"	166.45401629495	-61.22815345243001	"WR*"	15.12	"2MASS J11054896-6113413"
3220921	"WR  38a"	"WR  38a"	166.45401629495	-61.22815345243001	"WR*"	15.12	"ALS 19719"
3220921	"WR  38a"	"WR  38a"	166.45401629495	-61.22815345243001	"WR*"	15.12	"Gaia DR2 5337277763391663488"
3220921	"WR  38a"	"WR  38a"	166.45401629495	-61.22815345243001	"WR*"	15.12	"Gaia DR3 5337277763391663488"
3220921	"WR  38a"	"WR  38a"	166.45401629495	-61.22815345243001	"WR*"	15.12	"SMSP  7"
3220921	"WR  38a"	"WR  38a"	166.45401629495	-61.22815345243001	"WR*"	15.12	"[STP2004]  57"
3220921	"WR  38a"	"WR  38a"	166.45401629495	-61.22815345243001	"WR*"	15.12	"TIC 466662246"
3220921	"WR  38a"	"WR  38a"	166.45401629495	-61.22815345243001	"WR*"	15.12	"[WGM2005] 21"
3220921	"WR  38a"	"WR  38a"	166.45401629495	-61.22815345243001	"WR*"	15.12	"WR  38a"
3220922	"WR  38b"	"WR  38b"	166.57740242555	-61.23715174247	"WR*"	16.21	"2MASS J11061858-6114138"
3220922	"WR  38b"	"WR  38b"	166.57740242555	-61.23715174247	"WR*"	16.21	"Gaia DR2 5337278278787851136"
3220922	"WR  38b"	"WR  38b"	166.57740242555	-61.23715174247	"WR*"	16.21	"Gaia DR3 5337278278787851136"
3220922	"WR  38b"	"WR  38b"	166.57740242555	-61.23715174247	"WR*"	16.21	"SMSP  8"
3220922	"WR  38b"	"WR  38b"	166.57740242555	-61.23715174247	"WR*"	16.21	"TIC 466662141"
3220922	"WR  38b"	"WR  38b"	166.57740242555	-61.23715174247	"WR*"	16.21	"WR  38b"
3221111	"WR  34"	"WR  34"	165.02690226845	-61.44169666527	"WR*"	14.5	"2MASS J11000645-6126300"
3221111	"WR  34"	"WR  34"	165.02690226845	-61.44169666527	"WR*"	14.5	"AP J11000645-6126300"
3221111	"WR  34"	"WR  34"	165.02690226845	-61.44169666527	"WR*"	14.5	"Gaia DR2 5337916682731668992"
3221111	"WR  34"	"WR  34"	165.02690226845	-61.44169666527	"WR*"	14.5	"Gaia DR3 5337916682731668992"
3221111	"WR  34"	"WR  34"	165.02690226845	-61.44169666527	"WR*"	14.5	"LLNS  3547"
3221111	"WR  34"	"WR  34"	165.02690226845	-61.44169666527	"WR*"	14.5	"LSWR  5"
3221111	"WR  34"	"WR  34"	165.02690226845	-61.44169666527	"WR*"	14.5	"SPH 122"
3221111	"WR  34"	"WR  34"	165.02690226845	-61.44169666527	"WR*"	14.5	"TIC 466068334"
3221111	"WR  34"	"WR  34"	165.02690226845	-61.44169666527	"WR*"	14.5	"[WML2017] AST79622"
3221111	"WR  34"	"WR  34"	165.02690226845	-61.44169666527	"WR*"	14.5	"WR  34"
3221504	"WR  42b"	"WR  42b"	168.26507658451	-62.2384519191	"WR*"	16.96	"2MASS J11130361-6214183"
3221504	"WR  42b"	"WR  42b"	168.26507658451	-62.2384519191	"WR*"	16.96	"Gaia DR2 5336895957960832000"
3221504	"WR  42b"	"WR  42b"	168.26507658451	-62.2384519191	"WR*"	16.96	"Gaia DR3 5336895957960832000"
3221504	"WR  42b"	"WR  42b"	168.26507658451	-62.2384519191	"WR*"	16.96	"SMSP 10"
3221504	"WR  42b"	"WR  42b"	168.26507658451	-62.2384519191	"WR*"	16.96	"SPICY 9902"
3221504	"WR  42b"	"WR  42b"	168.26507658451	-62.2384519191	"WR*"	16.96	"SSTVELC G291.7498-01.5217"
3221504	"WR  42b"	"WR  42b"	168.26507658451	-62.2384519191	"WR*"	16.96	"TIC 467303766"
3221504	"WR  42b"	"WR  42b"	168.26507658451	-62.2384519191	"WR*"	16.96	"WR  42b"
3222014	"WR 31-1"	"THA 35-II-153"	164.75333463262	-61.14728070431	"WR*"	12.35	"2MASS J10590080-6108502"
3222014	"WR 31-1"	"THA 35-II-153"	164.75333463262	-61.14728070431	"WR*"	12.35	"AP J10590080-6108502"
3222014	"WR 31-1"	"THA 35-II-153"	164.75333463262	-61.14728070431	"WR*"	12.35	"Gaia DR2 5337974815066189184"
3222014	"WR 31-1"	"THA 35-II-153"	164.75333463262	-61.14728070431	"WR*"	12.35	"Gaia DR3 5337974815066189184"
3222014	"WR 31-1"	"THA 35-II-153"	164.75333463262	-61.14728070431	"WR*"	12.35	"GSC 08958-04287"
3222014	"WR 31-1"	"THA 35-II-153"	164.75333463262	-61.14728070431	"WR*"	12.35	"THA 35-II-153"
3222014	"WR 31-1"	"THA 35-II-153"	164.75333463262	-61.14728070431	"WR*"	12.35	"TIC 465944979"
3222014	"WR 31-1"	"THA 35-II-153"	164.75333463262	-61.14728070431	"WR*"	12.35	"UCAC4 145-065934"
3222014	"WR 31-1"	"THA 35-II-153"	164.75333463262	-61.14728070431	"WR*"	12.35	"WISEA J105900.76-610850.3"
3222014	"WR 31-1"	"THA 35-II-153"	164.75333463262	-61.14728070431	"WR*"	12.35	"WISE J105900.76-610850.1"
3222014	"WR 31-1"	"THA 35-II-153"	164.75333463262	-61.14728070431	"WR*"	12.35	"WR 31-1"
3222265	"WR  40"	"HD  96548"	166.57168014651	-65.50978921723	"WR*"	7.7	"2MASS J11061720-6530352"
3222265	"WR  40"	"HD  96548"	166.57168014651	-65.50978921723	"WR*"	7.7	"AAVSO 1102-64"
3222265	"WR  40"	"HD  96548"	166.57168014651	-65.50978921723	"WR*"	7.7	"AGASC 1175203288"
3222265	"WR  40"	"HD  96548"	166.57168014651	-65.50978921723	"WR*"	7.7	"ALS  2154"
3222265	"WR  40"	"HD  96548"	166.57168014651	-65.50978921723	"WR*"	7.7	"BRAN 340"
3222265	"WR  40"	"HD  96548"	166.57168014651	-65.50978921723	"WR*"	7.7	"CD-64   520"
3222265	"WR  40"	"HD  96548"	166.57168014651	-65.50978921723	"WR*"	7.7	"CEL   3808"
3222265	"WR  40"	"HD  96548"	166.57168014651	-65.50978921723	"WR*"	7.7	"CPC 21  2312"
3222265	"WR  40"	"HD  96548"	166.57168014651	-65.50978921723	"WR*"	7.7	"CPD-64  1629"
3222265	"WR  40"	"HD  96548"	166.57168014651	-65.50978921723	"WR*"	7.7	"CSV 102659"
3222265	"WR  40"	"HD  96548"	166.57168014651	-65.50978921723	"WR*"	7.7	"Gaia DR1 5240040627190138752"
3222265	"WR  40"	"HD  96548"	166.57168014651	-65.50978921723	"WR*"	7.7	"Gaia DR2 5240040631514998272"
3222265	"WR  40"	"HD  96548"	166.57168014651	-65.50978921723	"WR*"	7.7	"Gaia DR3 5240040631514998272"
3222265	"WR  40"	"HD  96548"	166.57168014651	-65.50978921723	"WR*"	7.7	"GC 15280"
3222265	"WR  40"	"HD  96548"	166.57168014651	-65.50978921723	"WR*"	7.7	"GEN# +1.00096548"
3222265	"WR  40"	"HD  96548"	166.57168014651	-65.50978921723	"WR*"	7.7	"GSC 08966-01467"
3222265	"WR  40"	"HD  96548"	166.57168014651	-65.50978921723	"WR*"	7.7	"HD  96548"
3222265	"WR  40"	"HD  96548"	166.57168014651	-65.50978921723	"WR*"	7.7	"Hen 3-576"
3222265	"WR  40"	"HD  96548"	166.57168014651	-65.50978921723	"WR*"	7.7	"HIC  54283"
3222265	"WR  40"	"HD  96548"	166.57168014651	-65.50978921723	"WR*"	7.7	"HIP 54283"
3222265	"WR  40"	"HD  96548"	166.57168014651	-65.50978921723	"WR*"	7.7	"IRAS 11043-6514"
3222265	"WR  40"	"HD  96548"	166.57168014651	-65.50978921723	"WR*"	7.7	"LS 2154"
3222265	"WR  40"	"HD  96548"	166.57168014651	-65.50978921723	"WR*"	7.7	"MR  34"
3222265	"WR  40"	"HD  96548"	166.57168014651	-65.50978921723	"WR*"	7.7	"NSV  5089"
3222265	"WR  40"	"HD  96548"	166.57168014651	-65.50978921723	"WR*"	7.7	"PPM 358479"
3222265	"WR  40"	"HD  96548"	166.57168014651	-65.50978921723	"WR*"	7.7	"RCW  58"
3222265	"WR  40"	"HD  96548"	166.57168014651	-65.50978921723	"WR*"	7.7	"SAO 251264"
3222265	"WR  40"	"HD  96548"	166.57168014651	-65.50978921723	"WR*"	7.7	"SKY# 21199"
3222265	"WR  40"	"HD  96548"	166.57168014651	-65.50978921723	"WR*"	7.7	"TD1 15389"
3222265	"WR  40"	"HD  96548"	166.57168014651	-65.50978921723	"WR*"	7.7	"TIC 466582212"
3222265	"WR  40"	"HD  96548"	166.57168014651	-65.50978921723	"WR*"	7.7	"TYC 8966-1467-1"
3222265	"WR  40"	"HD  96548"	166.57168014651	-65.50978921723	"WR*"	7.7	"UBV M  16796"
3222265	"WR  40"	"HD  96548"	166.57168014651	-65.50978921723	"WR*"	7.7	"UCAC4 123-041454"
3222265	"WR  40"	"HD  96548"	166.57168014651	-65.50978921723	"WR*"	7.7	"V* V385 Car"
3222265	"WR  40"	"HD  96548"	166.57168014651	-65.50978921723	"WR*"	7.7	"WR  40"
3222265	"WR  40"	"HD  96548"	166.57168014651	-65.50978921723	"WR*"	7.7	"WRAY 15-733"
3236105	"WR  44a"	"SMSP 13"	169.67958511321	-61.443297221239995	"WR*"	16.2	"2MASS J11184309-6126358"
3236105	"WR  44a"	"SMSP 13"	169.67958511321	-61.443297221239995	"WR*"	16.2	"CXOU J111843.2-612636"
3236105	"WR  44a"	"SMSP 13"	169.67958511321	-61.443297221239995	"WR*"	16.2	"Gaia DR2 5337353732769778176"
3236105	"WR  44a"	"SMSP 13"	169.67958511321	-61.443297221239995	"WR*"	16.2	"Gaia DR3 5337353732769778176"
3236105	"WR  44a"	"SMSP 13"	169.67958511321	-61.443297221239995	"WR*"	16.2	"[GS2005] s13"
3236105	"WR  44a"	"SMSP 13"	169.67958511321	-61.443297221239995	"WR*"	16.2	"SMSP 13"
3236105	"WR  44a"	"SMSP 13"	169.67958511321	-61.443297221239995	"WR*"	16.2	"SPICY 10149"
3236105	"WR  44a"	"SMSP 13"	169.67958511321	-61.443297221239995	"WR*"	16.2	"SSTVELC G292.0859-00.5394"
3236105	"WR  44a"	"SMSP 13"	169.67958511321	-61.443297221239995	"WR*"	16.2	"TIC 467889425"
3236105	"WR  44a"	"SMSP 13"	169.67958511321	-61.443297221239995	"WR*"	16.2	"UCAC2   4796850"
3236105	"WR  44a"	"SMSP 13"	169.67958511321	-61.443297221239995	"WR*"	16.2	"UCAC4 143-076660"
3236105	"WR  44a"	"SMSP 13"	169.67958511321	-61.443297221239995	"WR*"	16.2	"WR  44a"
3237258	"WR  45"	"[W65] c18"	174.52123384035	-62.2671944595	"WR*"	13.921	"2MASS J11380509-6216018"
3237258	"WR  45"	"[W65] c18"	174.52123384035	-62.2671944595	"WR*"	13.921	"ALS  2423"
3237258	"WR  45"	"[W65] c18"	174.52123384035	-62.2671944595	"WR*"	13.921	"C* 1896"
3237258	"WR  45"	"[W65] c18"	174.52123384035	-62.2671944595	"WR*"	13.921	"CGCS 3077"
3237258	"WR  45"	"[W65] c18"	174.52123384035	-62.2671944595	"WR*"	13.921	"CSI-61-11357"
3237258	"WR  45"	"[W65] c18"	174.52123384035	-62.2671944595	"WR*"	13.921	"Gaia DR2 5334118346751491200"
3237258	"WR  45"	"[W65] c18"	174.52123384035	-62.2671944595	"WR*"	13.921	"Gaia DR3 5334118346751491200"
3237258	"WR  45"	"[W65] c18"	174.52123384035	-62.2671944595	"WR*"	13.921	"LLNS  5745"
3237258	"WR  45"	"[W65] c18"	174.52123384035	-62.2671944595	"WR*"	13.921	"LS 2423"
3237258	"WR  45"	"[W65] c18"	174.52123384035	-62.2671944595	"WR*"	13.921	"PK 294-00  2"
3237258	"WR  45"	"[W65] c18"	174.52123384035	-62.2671944595	"WR*"	13.921	"TIC 319813699"
3237258	"WR  45"	"[W65] c18"	174.52123384035	-62.2671944595	"WR*"	13.921	"UCAC2   4317777"
3237258	"WR  45"	"[W65] c18"	174.52123384035	-62.2671944595	"WR*"	13.921	"UCAC4 139-064973"
3237258	"WR  45"	"[W65] c18"	174.52123384035	-62.2671944595	"WR*"	13.921	"[W65] c18"
3237258	"WR  45"	"[W65] c18"	174.52123384035	-62.2671944595	"WR*"	13.921	"WISEA J113805.08-621602.0"
3237258	"WR  45"	"[W65] c18"	174.52123384035	-62.2671944595	"WR*"	13.921	"WISE J113805.09-621601.9"
3237258	"WR  45"	"[W65] c18"	174.52123384035	-62.2671944595	"WR*"	13.921	"WR  45"
3237258	"WR  45"	"[W65] c18"	174.52123384035	-62.2671944595	"WR*"	13.921	"WRAY 16-97"
3267764	"WR  45a"	"WR  45a"	176.57563023587	-61.41153870977	"WR*"		"2MASS J11461815-6124415"
3267764	"WR  45a"	"WR  45a"	176.57563023587	-61.41153870977	"WR*"		"Gaia DR2 5334962226271784704"
3267764	"WR  45a"	"WR  45a"	176.57563023587	-61.41153870977	"WR*"		"Gaia DR3 5334962226271784704"
3267764	"WR  45a"	"WR  45a"	176.57563023587	-61.41153870977	"WR*"		"SMSNPL  1"
3267764	"WR  45a"	"WR  45a"	176.57563023587	-61.41153870977	"WR*"		"SPICY 11660"
3267764	"WR  45a"	"WR  45a"	176.57563023587	-61.41153870977	"WR*"		"SSTGLMC G295.2208+00.4811"
3267764	"WR  45a"	"WR  45a"	176.57563023587	-61.41153870977	"WR*"		"TIC 323952313"
3267764	"WR  45a"	"WR  45a"	176.57563023587	-61.41153870977	"WR*"		"WR  45a"
3269526	"WR  45b"	"WR  45b"	177.19180280417	-62.38407174796001	"WR*"		"2MASS J11484602-6223027"
3269526	"WR  45b"	"WR  45b"	177.19180280417	-62.38407174796001	"WR*"		"Gaia DR2 5334802831445943680"
3269526	"WR  45b"	"WR  45b"	177.19180280417	-62.38407174796001	"WR*"		"Gaia DR3 5334802831445943680"
3269526	"WR  45b"	"WR  45b"	177.19180280417	-62.38407174796001	"WR*"		"SMSNPL  2"
3269526	"WR  45b"	"WR  45b"	177.19180280417	-62.38407174796001	"WR*"		"SSTGLMC G295.7404-00.3906"
3269526	"WR  45b"	"WR  45b"	177.19180280417	-62.38407174796001	"WR*"		"TIC 324668437"
3269526	"WR  45b"	"WR  45b"	177.19180280417	-62.38407174796001	"WR*"		"WR  45b"
3269527	"WR  45c"	"WR  45c"	179.01981001539	-62.73476321312	"WR*"		"2MASS J11560475-6244051"
3269527	"WR  45c"	"WR  45c"	179.01981001539	-62.73476321312	"WR*"		"Gaia DR2 5334571178097948672"
3269527	"WR  45c"	"WR  45c"	179.01981001539	-62.73476321312	"WR*"		"Gaia DR3 5334571178097948672"
3269527	"WR  45c"	"WR  45c"	179.01981001539	-62.73476321312	"WR*"		"SMSNPL  3"
3269527	"WR  45c"	"WR  45c"	179.01981001539	-62.73476321312	"WR*"		"SSTGLMC G296.6404-00.5412"
3269527	"WR  45c"	"WR  45c"	179.01981001539	-62.73476321312	"WR*"		"TIC 306140040"
3269527	"WR  45c"	"WR  45c"	179.01981001539	-62.73476321312	"WR*"		"WR  45c"
3285750	"WR  46"	"HD 104994"	181.32800176350997	-62.05281684912	"WR*"	10.93	"2MASS J12051871-6203101"
3285750	"WR  46"	"HD 104994"	181.32800176350997	-62.05281684912	"WR*"	10.93	"2XMM J120518.7-620310"
3285750	"WR  46"	"HD 104994"	181.32800176350997	-62.05281684912	"WR*"	10.93	"AAVSO 1200-61"
3285750	"WR  46"	"HD 104994"	181.32800176350997	-62.05281684912	"WR*"	10.93	"ALS  2584"
3285750	"WR  46"	"HD 104994"	181.32800176350997	-62.05281684912	"WR*"	10.93	"CD-61  3331"
3285750	"WR  46"	"HD 104994"	181.32800176350997	-62.05281684912	"WR*"	10.93	"CPD-61  2945"
3285750	"WR  46"	"HD 104994"	181.32800176350997	-62.05281684912	"WR*"	10.93	"Gaia DR2 6057676201358478336"
3285750	"WR  46"	"HD 104994"	181.32800176350997	-62.05281684912	"WR*"	10.93	"Gaia DR3 6057676201358478336"
3285750	"WR  46"	"HD 104994"	181.32800176350997	-62.05281684912	"WR*"	10.93	"GEN# +1.00104994"
3285750	"WR  46"	"HD 104994"	181.32800176350997	-62.05281684912	"WR*"	10.93	"Glazar Cru 201"
3285750	"WR  46"	"HD 104994"	181.32800176350997	-62.05281684912	"WR*"	10.93	"GSC 08978-02316"
3285750	"WR  46"	"HD 104994"	181.32800176350997	-62.05281684912	"WR*"	10.93	"HD 104994"
3285750	"WR  46"	"HD 104994"	181.32800176350997	-62.05281684912	"WR*"	10.93	"Hen 3-749"
3285750	"WR  46"	"HD 104994"	181.32800176350997	-62.05281684912	"WR*"	10.93	"HIC  58954"
3285750	"WR  46"	"HD 104994"	181.32800176350997	-62.05281684912	"WR*"	10.93	"HIP 58954"
3285750	"WR  46"	"HD 104994"	181.32800176350997	-62.05281684912	"WR*"	10.93	"LLNS  7211"
3285750	"WR  46"	"HD 104994"	181.32800176350997	-62.05281684912	"WR*"	10.93	"LS 2584"
3285750	"WR  46"	"HD 104994"	181.32800176350997	-62.05281684912	"WR*"	10.93	"MR  40"
3285750	"WR  46"	"HD 104994"	181.32800176350997	-62.05281684912	"WR*"	10.93	"SBC9 2392"
3285750	"WR  46"	"HD 104994"	181.32800176350997	-62.05281684912	"WR*"	10.93	"SSTGLMC G297.5560+00.3364"
3285750	"WR  46"	"HD 104994"	181.32800176350997	-62.05281684912	"WR*"	10.93	"SSTGLMC G297.5561+00.3365"
3285750	"WR  46"	"HD 104994"	181.32800176350997	-62.05281684912	"WR*"	10.93	"TIC 379639650"
3285750	"WR  46"	"HD 104994"	181.32800176350997	-62.05281684912	"WR*"	10.93	"TYC 8978-2316-1"
3285750	"WR  46"	"HD 104994"	181.32800176350997	-62.05281684912	"WR*"	10.93	"UBV M  17706"
3285750	"WR  46"	"HD 104994"	181.32800176350997	-62.05281684912	"WR*"	10.93	"UCAC4 140-086111"
3285750	"WR  46"	"HD 104994"	181.32800176350997	-62.05281684912	"WR*"	10.93	"V* DI Cru"
3285750	"WR  46"	"HD 104994"	181.32800176350997	-62.05281684912	"WR*"	10.93	"WR  46"
3285750	"WR  46"	"HD 104994"	181.32800176350997	-62.05281684912	"WR*"	10.93	"WRAY 15-935"
3287044	"WR  46a"	"WR  46a"	183.25980005353998	-63.707054247599984	"WR*"		"2MASS J12130235-6342254"
3287044	"WR  46a"	"WR  46a"	183.25980005353998	-63.707054247599984	"WR*"		"Gaia DR2 6054132505411481984"
3287044	"WR  46a"	"WR  46a"	183.25980005353998	-63.707054247599984	"WR*"		"Gaia DR3 6054132505411481984"
3287044	"WR  46a"	"WR  46a"	183.25980005353998	-63.707054247599984	"WR*"		"SMSNPL  4"
3287044	"WR  46a"	"WR  46a"	183.25980005353998	-63.707054247599984	"WR*"		"SSTGLMC G298.6948-01.1516"
3287044	"WR  46a"	"WR  46a"	183.25980005353998	-63.707054247599984	"WR*"		"TIC 382397644"
3287044	"WR  46a"	"WR  46a"	183.25980005353998	-63.707054247599984	"WR*"		"WR  46a"
3298054	"WR  47a"	"WR  47a"	191.46354499551998	-64.16056959786	"WR*"	15.3	"2MASS J12455125-6409380"
3298054	"WR  47a"	"WR  47a"	191.46354499551998	-64.16056959786	"WR*"	15.3	"Gaia DR2 5862643935490696960"
3298054	"WR  47a"	"WR  47a"	191.46354499551998	-64.16056959786	"WR*"	15.3	"Gaia DR3 5862643935490696960"
3298054	"WR  47a"	"WR  47a"	191.46354499551998	-64.16056959786	"WR*"	15.3	"GSC2 S212132326816"
3298054	"WR  47a"	"WR  47a"	191.46354499551998	-64.16056959786	"WR*"	15.3	"PN DuRe    1"
3298054	"WR  47a"	"WR  47a"	191.46354499551998	-64.16056959786	"WR*"	15.3	"PN G302.3-01.3"
3298054	"WR  47a"	"WR  47a"	191.46354499551998	-64.16056959786	"WR*"	15.3	"SMSNPL  5"
3298054	"WR  47a"	"WR  47a"	191.46354499551998	-64.16056959786	"WR*"	15.3	"TIC 460634341"
3298054	"WR  47a"	"WR  47a"	191.46354499551998	-64.16056959786	"WR*"	15.3	"[W74] 21"
3298054	"WR  47a"	"WR  47a"	191.46354499551998	-64.16056959786	"WR*"	15.3	"WR  47a"
3298467	"WR  47"	"HD 311884"	190.96249633716997	-63.08744791369999	"WR*"	10.81	"2MASS J12435102-6305148"
3298467	"WR  47"	"HD 311884"	190.96249633716997	-63.08744791369999	"WR*"	10.81	"2XMM J124351.0-630515"
3298467	"WR  47"	"HD 311884"	190.96249633716997	-63.08744791369999	"WR*"	10.81	"AAVSO 1238-62"
3298467	"WR  47"	"HD 311884"	190.96249633716997	-63.08744791369999	"WR*"	10.81	"ALS  2745"
3298467	"WR  47"	"HD 311884"	190.96249633716997	-63.08744791369999	"WR*"	10.81	"Cl Hogg   15     3"
3298467	"WR  47"	"HD 311884"	190.96249633716997	-63.08744791369999	"WR*"	10.81	"Cl* Hogg   15      M       3"
3298467	"WR  47"	"HD 311884"	190.96249633716997	-63.08744791369999	"WR*"	10.81	"Cl Loden  670    15"
3298467	"WR  47"	"HD 311884"	190.96249633716997	-63.08744791369999	"WR*"	10.81	"CSI-62-12409  1"
3298467	"WR  47"	"HD 311884"	190.96249633716997	-63.08744791369999	"WR*"	10.81	"CSI-62-12409  2"
3298467	"WR  47"	"HD 311884"	190.96249633716997	-63.08744791369999	"WR*"	10.81	"Gaia DR2 6055101523064612864"
3298467	"WR  47"	"HD 311884"	190.96249633716997	-63.08744791369999	"WR*"	10.81	"Gaia DR3 6055101523064612864"
3298467	"WR  47"	"HD 311884"	190.96249633716997	-63.08744791369999	"WR*"	10.81	"[GM76] 165"
3298467	"WR  47"	"HD 311884"	190.96249633716997	-63.08744791369999	"WR*"	10.81	"GSC 08992-00468"
3298467	"WR  47"	"HD 311884"	190.96249633716997	-63.08744791369999	"WR*"	10.81	"HD 311884"
3298467	"WR  47"	"HD 311884"	190.96249633716997	-63.08744791369999	"WR*"	10.81	"Hen 3-813"
3298467	"WR  47"	"HD 311884"	190.96249633716997	-63.08744791369999	"WR*"	10.81	"HIC  62115"
3298467	"WR  47"	"HD 311884"	190.96249633716997	-63.08744791369999	"WR*"	10.81	"HIP 62115"
3298467	"WR  47"	"HD 311884"	190.96249633716997	-63.08744791369999	"WR*"	10.81	"LLNS  8921"
3298467	"WR  47"	"HD 311884"	190.96249633716997	-63.08744791369999	"WR*"	10.81	"LS 2745"
3298467	"WR  47"	"HD 311884"	190.96249633716997	-63.08744791369999	"WR*"	10.81	"MR  42"
3298467	"WR  47"	"HD 311884"	190.96249633716997	-63.08744791369999	"WR*"	10.81	"SBC9 738"
3298467	"WR  47"	"HD 311884"	190.96249633716997	-63.08744791369999	"WR*"	10.81	"SSTGLMC G302.0734-00.2283"
3298467	"WR  47"	"HD 311884"	190.96249633716997	-63.08744791369999	"WR*"	10.81	"TIC 434254182"
3298467	"WR  47"	"HD 311884"	190.96249633716997	-63.08744791369999	"WR*"	10.81	"TYC 8992-468-1"
3298467	"WR  47"	"HD 311884"	190.96249633716997	-63.08744791369999	"WR*"	10.81	"UBV M  39499"
3298467	"WR  47"	"HD 311884"	190.96249633716997	-63.08744791369999	"WR*"	10.81	"UCAC2   3921301"
3298467	"WR  47"	"HD 311884"	190.96249633716997	-63.08744791369999	"WR*"	10.81	"UCAC4 135-081516"
3298467	"WR  47"	"HD 311884"	190.96249633716997	-63.08744791369999	"WR*"	10.81	"V* CD Cru"
3298467	"WR  47"	"HD 311884"	190.96249633716997	-63.08744791369999	"WR*"	10.81	"WEB 11041"
3298467	"WR  47"	"HD 311884"	190.96249633716997	-63.08744791369999	"WR*"	10.81	"WR  47"
3298467	"WR  47"	"HD 311884"	190.96249633716997	-63.08744791369999	"WR*"	10.81	"WRAY 15-1004"
3314678	"WR  47b"	"WR  47b"	192.03173706858	-63.64439099418	"WR*"		"2MASS J12480762-6338397"
3314678	"WR  47b"	"WR  47b"	192.03173706858	-63.64439099418	"WR*"		"[CH87] 302.504-0.749"
3314678	"WR  47b"	"WR  47b"	192.03173706858	-63.64439099418	"WR*"		"Gaia DR2 5862698361319773184"
3314678	"WR  47b"	"WR  47b"	192.03173706858	-63.64439099418	"WR*"		"Gaia DR3 5862698361319773184"
3314678	"WR  47b"	"WR  47b"	192.03173706858	-63.64439099418	"WR*"		"GAL 302.50-00.75"
3314678	"WR  47b"	"WR  47b"	192.03173706858	-63.64439099418	"WR*"		"SMSNPL  6"
3314678	"WR  47b"	"WR  47b"	192.03173706858	-63.64439099418	"WR*"		"SSTGLMC G302.5644-00.7750"
3314678	"WR  47b"	"WR  47b"	192.03173706858	-63.64439099418	"WR*"		"TIC 369287715"
3314678	"WR  47b"	"WR  47b"	192.03173706858	-63.64439099418	"WR*"		"WR  47b"
3314957	"WR  47c"	"WR  47c"	193.23200531934998	-63.777227225	"WR*"		"2MASS J12525567-6346380"
3314957	"WR  47c"	"WR  47c"	193.23200531934998	-63.777227225	"WR*"		"Gaia DR2 5862723203396880128"
3314957	"WR  47c"	"WR  47c"	193.23200531934998	-63.777227225	"WR*"		"Gaia DR3 5862723203396880128"
3314957	"WR  47c"	"WR  47c"	193.23200531934998	-63.777227225	"WR*"		"SMSNPL  7"
3314957	"WR  47c"	"WR  47c"	193.23200531934998	-63.777227225	"WR*"		"SSTGLMC G303.0965-00.9059"
3314957	"WR  47c"	"WR  47c"	193.23200531934998	-63.777227225	"WR*"		"TIC 435894263"
3314957	"WR  47c"	"WR  47c"	193.23200531934998	-63.777227225	"WR*"		"WR  47c"
3315544	"WR  48"	"* tet Mus"	197.02980487727	-65.30602206293	"WR*"	5.53	"1ES 1304-65.0"
3315544	"WR  48"	"* tet Mus"	197.02980487727	-65.30602206293	"WR*"	5.53	"1RXS J130806.8-651831"
3315544	"WR  48"	"* tet Mus"	197.02980487727	-65.30602206293	"WR*"	5.53	"2E 1304.8-6502"
3315544	"WR  48"	"* tet Mus"	197.02980487727	-65.30602206293	"WR*"	5.53	"2E  2972"
3315544	"WR  48"	"* tet Mus"	197.02980487727	-65.30602206293	"WR*"	5.53	"2MASS J13080715-6518215"
3315544	"WR  48"	"* tet Mus"	197.02980487727	-65.30602206293	"WR*"	5.53	"ALS  2933"
3315544	"WR  48"	"* tet Mus"	197.02980487727	-65.30602206293	"WR*"	5.53	"CCDM J13081-6518A"
3315544	"WR  48"	"* tet Mus"	197.02980487727	-65.30602206293	"WR*"	5.53	"CD-64   699"
3315544	"WR  48"	"* tet Mus"	197.02980487727	-65.30602206293	"WR*"	5.53	"CD-64   699A"
3315544	"WR  48"	"* tet Mus"	197.02980487727	-65.30602206293	"WR*"	5.53	"** CHR  247"
3315544	"WR  48"	"* tet Mus"	197.02980487727	-65.30602206293	"WR*"	5.53	"CPC 21  2834"
3315544	"WR  48"	"* tet Mus"	197.02980487727	-65.30602206293	"WR*"	5.53	"CPD-64  2183"
3315544	"WR  48"	"* tet Mus"	197.02980487727	-65.30602206293	"WR*"	5.53	"CSI-64  2183 41"
3315544	"WR  48"	"* tet Mus"	197.02980487727	-65.30602206293	"WR*"	5.53	"CSI-64  2183 43"
3315544	"WR  48"	"* tet Mus"	197.02980487727	-65.30602206293	"WR*"	5.53	"Gaia DR2 5858915766471945984"
3315544	"WR  48"	"* tet Mus"	197.02980487727	-65.30602206293	"WR*"	5.53	"Gaia DR3 5858915766471945984"
3315544	"WR  48"	"* tet Mus"	197.02980487727	-65.30602206293	"WR*"	5.53	"GC 17788"
3315544	"WR  48"	"* tet Mus"	197.02980487727	-65.30602206293	"WR*"	5.53	"GCRV  7809"
3315544	"WR  48"	"* tet Mus"	197.02980487727	-65.30602206293	"WR*"	5.53	"GEN# +1.00113904"
3315544	"WR  48"	"* tet Mus"	197.02980487727	-65.30602206293	"WR*"	5.53	"GOS G304.67-02.49 02"
3315544	"WR  48"	"* tet Mus"	197.02980487727	-65.30602206293	"WR*"	5.53	"GSC 08997-02337"
3315544	"WR  48"	"* tet Mus"	197.02980487727	-65.30602206293	"WR*"	5.53	"HD 113904"
3315544	"WR  48"	"* tet Mus"	197.02980487727	-65.30602206293	"WR*"	5.53	"HD 113904A"
3315544	"WR  48"	"* tet Mus"	197.02980487727	-65.30602206293	"WR*"	5.53	"Hen 3-862"
3315544	"WR  48"	"* tet Mus"	197.02980487727	-65.30602206293	"WR*"	5.53	"HIC  64094"
3315544	"WR  48"	"* tet Mus"	197.02980487727	-65.30602206293	"WR*"	5.53	"HIP 64094"
3315544	"WR  48"	"* tet Mus"	197.02980487727	-65.30602206293	"WR*"	5.53	"HR  4952"
3315544	"WR  48"	"* tet Mus"	197.02980487727	-65.30602206293	"WR*"	5.53	"IRAS 13048-6502"
3315544	"WR  48"	"* tet Mus"	197.02980487727	-65.30602206293	"WR*"	5.53	"JP11  2360"
3315544	"WR  48"	"* tet Mus"	197.02980487727	-65.30602206293	"WR*"	5.53	"LLNS  9818"
3315544	"WR  48"	"* tet Mus"	197.02980487727	-65.30602206293	"WR*"	5.53	"LS 2933"
3315544	"WR  48"	"* tet Mus"	197.02980487727	-65.30602206293	"WR*"	5.53	"MCW 1239"
3315544	"WR  48"	"* tet Mus"	197.02980487727	-65.30602206293	"WR*"	5.53	"MR  43"
3315544	"WR  48"	"* tet Mus"	197.02980487727	-65.30602206293	"WR*"	5.53	"N30 3016"
3315544	"WR  48"	"* tet Mus"	197.02980487727	-65.30602206293	"WR*"	5.53	"PMSC 13017-6446"
3315544	"WR  48"	"* tet Mus"	197.02980487727	-65.30602206293	"WR*"	5.53	"PPM 359890"
3315544	"WR  48"	"* tet Mus"	197.02980487727	-65.30602206293	"WR*"	5.53	"** RMK   16"
3315544	"WR  48"	"* tet Mus"	197.02980487727	-65.30602206293	"WR*"	5.53	"** RMK   16A"
3315544	"WR  48"	"* tet Mus"	197.02980487727	-65.30602206293	"WR*"	5.53	"ROT  1933"
3315544	"WR  48"	"* tet Mus"	197.02980487727	-65.30602206293	"WR*"	5.53	"SAO 252162"
3315544	"WR  48"	"* tet Mus"	197.02980487727	-65.30602206293	"WR*"	5.53	"SBC7   481"
3315544	"WR  48"	"* tet Mus"	197.02980487727	-65.30602206293	"WR*"	5.53	"SBC9 751"
3315544	"WR  48"	"* tet Mus"	197.02980487727	-65.30602206293	"WR*"	5.53	"SKY# 24315"
3315544	"WR  48"	"* tet Mus"	197.02980487727	-65.30602206293	"WR*"	5.53	"TD1 16650"
3315544	"WR  48"	"* tet Mus"	197.02980487727	-65.30602206293	"WR*"	5.53	"* tet Mus"
3315544	"WR  48"	"* tet Mus"	197.02980487727	-65.30602206293	"WR*"	5.53	"* tet Mus A"
3315544	"WR  48"	"* tet Mus"	197.02980487727	-65.30602206293	"WR*"	5.53	"THA 17-83"
3315544	"WR  48"	"* tet Mus"	197.02980487727	-65.30602206293	"WR*"	5.53	"TIC 441173738"
3315544	"WR  48"	"* tet Mus"	197.02980487727	-65.30602206293	"WR*"	5.53	"TYC 8997-2337-1"
3315544	"WR  48"	"* tet Mus"	197.02980487727	-65.30602206293	"WR*"	5.53	"UBV   11839"
3315544	"WR  48"	"* tet Mus"	197.02980487727	-65.30602206293	"WR*"	5.53	"UCAC3 50-186265"
3315544	"WR  48"	"* tet Mus"	197.02980487727	-65.30602206293	"WR*"	5.53	"UCAC4 124-083590"
3315544	"WR  48"	"* tet Mus"	197.02980487727	-65.30602206293	"WR*"	5.53	"uvby98 100113904"
3315544	"WR  48"	"* tet Mus"	197.02980487727	-65.30602206293	"WR*"	5.53	"[VDD70] Cen-Mus 13bis"
3315544	"WR  48"	"* tet Mus"	197.02980487727	-65.30602206293	"WR*"	5.53	"V* tet Mus"
3315544	"WR  48"	"* tet Mus"	197.02980487727	-65.30602206293	"WR*"	5.53	"WDS J13081-6518A"
3315544	"WR  48"	"* tet Mus"	197.02980487727	-65.30602206293	"WR*"	5.53	"WDS J13081-6518Aa,Ab"
3315544	"WR  48"	"* tet Mus"	197.02980487727	-65.30602206293	"WR*"	5.53	"WEB 11329"
3315544	"WR  48"	"* tet Mus"	197.02980487727	-65.30602206293	"WR*"	5.53	"WR  48"
3315936	"WR  49"	"WR  49"	198.46378825419	-65.30247168696	"WR*"	13.4	"2MASS J13135131-6518089"
3315936	"WR  49"	"WR  49"	198.46378825419	-65.30247168696	"WR*"	13.4	"ALS  2979"
3315936	"WR  49"	"WR  49"	198.46378825419	-65.30247168696	"WR*"	13.4	"CSI-65-13106"
3315936	"WR  49"	"WR  49"	198.46378825419	-65.30247168696	"WR*"	13.4	"Gaia DR2 5858741184645789184"
3315936	"WR  49"	"WR  49"	198.46378825419	-65.30247168696	"WR*"	13.4	"Gaia DR3 5858741184645789184"
3315936	"WR  49"	"WR  49"	198.46378825419	-65.30247168696	"WR*"	13.4	"GSC 08998-00104"
3315936	"WR  49"	"WR  49"	198.46378825419	-65.30247168696	"WR*"	13.4	"LLNS 10055"
3315936	"WR  49"	"WR  49"	198.46378825419	-65.30247168696	"WR*"	13.4	"LS 2979"
3315936	"WR  49"	"WR  49"	198.46378825419	-65.30247168696	"WR*"	13.4	"THA 17-22"
3315936	"WR  49"	"WR  49"	198.46378825419	-65.30247168696	"WR*"	13.4	"TIC 442983978"
3315936	"WR  49"	"WR  49"	198.46378825419	-65.30247168696	"WR*"	13.4	"UCAC2   3119180"
3315936	"WR  49"	"WR  49"	198.46378825419	-65.30247168696	"WR*"	13.4	"UCAC4 124-087290"
3315936	"WR  49"	"WR  49"	198.46378825419	-65.30247168696	"WR*"	13.4	"[VDD70] Cen-Mus 23"
3315936	"WR  49"	"WR  49"	198.46378825419	-65.30247168696	"WR*"	13.4	"[W74] 50"
3315936	"WR  49"	"WR  49"	198.46378825419	-65.30247168696	"WR*"	13.4	"WR  49"
3326672	"WR  50"	"CPD-61  3569"	199.50434231985997	-62.43465435031	"WR*"	11.88	"2MASS J13180103-6226047"
3326672	"WR  50"	"CPD-61  3569"	199.50434231985997	-62.43465435031	"WR*"	11.88	"AAVSO 1311-61B"
3326672	"WR  50"	"CPD-61  3569"	199.50434231985997	-62.43465435031	"WR*"	11.88	"ALS  3013"
3326672	"WR  50"	"CPD-61  3569"	199.50434231985997	-62.43465435031	"WR*"	11.88	"Cl* Stock   16    VBF      10"
3326672	"WR  50"	"CPD-61  3569"	199.50434231985997	-62.43465435031	"WR*"	11.88	"CPD-61  3569"
3326672	"WR  50"	"CPD-61  3569"	199.50434231985997	-62.43465435031	"WR*"	11.88	"CSI-62-13142"
3326672	"WR  50"	"CPD-61  3569"	199.50434231985997	-62.43465435031	"WR*"	11.88	"CSI-62-13148"
3326672	"WR  50"	"CPD-61  3569"	199.50434231985997	-62.43465435031	"WR*"	11.88	"Gaia DR2 5868490073153134592"
3326672	"WR  50"	"CPD-61  3569"	199.50434231985997	-62.43465435031	"WR*"	11.88	"Gaia DR3 5868490073153134592"
3326672	"WR  50"	"CPD-61  3569"	199.50434231985997	-62.43465435031	"WR*"	11.88	"GSC 08994-02101"
3326672	"WR  50"	"CPD-61  3569"	199.50434231985997	-62.43465435031	"WR*"	11.88	"LS 3013"
3326672	"WR  50"	"CPD-61  3569"	199.50434231985997	-62.43465435031	"WR*"	11.88	"MR  44"
3326672	"WR  50"	"CPD-61  3569"	199.50434231985997	-62.43465435031	"WR*"	11.88	"SSTGLMC G306.0015+00.2785"
3326672	"WR  50"	"CPD-61  3569"	199.50434231985997	-62.43465435031	"WR*"	11.88	"THA 17-84"
3326672	"WR  50"	"CPD-61  3569"	199.50434231985997	-62.43465435031	"WR*"	11.88	"TIC 443484254"
3326672	"WR  50"	"CPD-61  3569"	199.50434231985997	-62.43465435031	"WR*"	11.88	"UCAC4 138-101528"
3326672	"WR  50"	"CPD-61  3569"	199.50434231985997	-62.43465435031	"WR*"	11.88	"[VDD70] Cen-Mus 28"
3326672	"WR  50"	"CPD-61  3569"	199.50434231985997	-62.43465435031	"WR*"	11.88	"V* V864 Cen"
3326672	"WR  50"	"CPD-61  3569"	199.50434231985997	-62.43465435031	"WR*"	11.88	"[W74] 54"
3326672	"WR  50"	"CPD-61  3569"	199.50434231985997	-62.43465435031	"WR*"	11.88	"WR  50"
3326703	"WR  48c"	"V* WX Cen"	198.21823500466	-63.39606977671001	"WR*"	13.4	"2MASS J13125237-6323458"
3326703	"WR  48c"	"V* WX Cen"	198.21823500466	-63.39606977671001	"WR*"	13.4	"AAVSO 1306-62"
3326703	"WR  48c"	"V* WX Cen"	198.21823500466	-63.39606977671001	"WR*"	13.4	"AN  148.1906"
3326703	"WR  48c"	"V* WX Cen"	198.21823500466	-63.39606977671001	"WR*"	13.4	"Gaia DR2 5862235604379974016"
3326703	"WR  48c"	"V* WX Cen"	198.21823500466	-63.39606977671001	"WR*"	13.4	"Gaia DR3 5862235604379974016"
3326703	"WR  48c"	"V* WX Cen"	198.21823500466	-63.39606977671001	"WR*"	13.4	"SMSNPL  9"
3326703	"WR  48c"	"V* WX Cen"	198.21823500466	-63.39606977671001	"WR*"	13.4	"SSTGLMC G305.3290-00.6241"
3326703	"WR  48c"	"V* WX Cen"	198.21823500466	-63.39606977671001	"WR*"	13.4	"SV* HV  1262"
3326703	"WR  48c"	"V* WX Cen"	198.21823500466	-63.39606977671001	"WR*"	13.4	"TIC 442708084"
3326703	"WR  48c"	"V* WX Cen"	198.21823500466	-63.39606977671001	"WR*"	13.4	"[VDD70] Cen-Mus 22"
3326703	"WR  48c"	"V* WX Cen"	198.21823500466	-63.39606977671001	"WR*"	13.4	"V* WX Cen"
3326703	"WR  48c"	"V* WX Cen"	198.21823500466	-63.39606977671001	"WR*"	13.4	"[W74] 49"
3326703	"WR  48c"	"V* WX Cen"	198.21823500466	-63.39606977671001	"WR*"	13.4	"WR  48c"
3326708	"WR  51"	"MR  45"	199.59733076489997	-62.47256125989	"WR*"	14.32	"2MASS J13182335-6228211"
3326708	"WR  51"	"MR  45"	199.59733076489997	-62.47256125989	"WR*"	14.32	"ALS  3017"
3326708	"WR  51"	"MR  45"	199.59733076489997	-62.47256125989	"WR*"	14.32	"Cl* Stock   16    VBF      59"
3326708	"WR  51"	"MR  45"	199.59733076489997	-62.47256125989	"WR*"	14.32	"CSI-62-13151"
3326708	"WR  51"	"MR  45"	199.59733076489997	-62.47256125989	"WR*"	14.32	"Gaia DR2 5868477256969661824"
3326708	"WR  51"	"MR  45"	199.59733076489997	-62.47256125989	"WR*"	14.32	"Gaia DR3 5868477256969661824"
3326708	"WR  51"	"MR  45"	199.59733076489997	-62.47256125989	"WR*"	14.32	"LS 3017"
3326708	"WR  51"	"MR  45"	199.59733076489997	-62.47256125989	"WR*"	14.32	"MR  45"
3326708	"WR  51"	"MR  45"	199.59733076489997	-62.47256125989	"WR*"	14.32	"SSTGLMC G306.0403+00.2364"
3326708	"WR  51"	"MR  45"	199.59733076489997	-62.47256125989	"WR*"	14.32	"THA 17-85"
3326708	"WR  51"	"MR  45"	199.59733076489997	-62.47256125989	"WR*"	14.32	"TIC 443484776"
3326708	"WR  51"	"MR  45"	199.59733076489997	-62.47256125989	"WR*"	14.32	"UCAC4 138-101693"
3326708	"WR  51"	"MR  45"	199.59733076489997	-62.47256125989	"WR*"	14.32	"[VDD70] Cen-Mus 30"
3326708	"WR  51"	"MR  45"	199.59733076489997	-62.47256125989	"WR*"	14.32	"[W74] 56"
3326708	"WR  51"	"MR  45"	199.59733076489997	-62.47256125989	"WR*"	14.32	"WR  51"
3327717	"WR  48a"	"WR  48a"	198.16502199588996	-62.71553871191	"WR*"		"2MASS J13123960-6242559"
3327717	"WR  48a"	"WR  48a"	198.16502199588996	-62.71553871191	"WR*"		"AKARI-IRC-V1 J1312398-624255"
3327717	"WR  48a"	"WR  48a"	198.16502199588996	-62.71553871191	"WR*"		"Gaia DR2 5862502029749697280"
3327717	"WR  48a"	"WR  48a"	198.16502199588996	-62.71553871191	"WR*"		"Gaia DR3 5862502029749697280"
3327717	"WR  48a"	"WR  48a"	198.16502199588996	-62.71553871191	"WR*"		"MSX6C G305.3614+00.0561"
3327717	"WR  48a"	"WR  48a"	198.16502199588996	-62.71553871191	"WR*"		"SMSNPL  8"
3327717	"WR  48a"	"WR  48a"	198.16502199588996	-62.71553871191	"WR*"		"SRGA J131239.5-624256"
3327717	"WR  48a"	"WR  48a"	198.16502199588996	-62.71553871191	"WR*"		"UCAC4 137-092319"
3327717	"WR  48a"	"WR  48a"	198.16502199588996	-62.71553871191	"WR*"		"WR  48a"
3329554	"WR  48b"	"[W74] 48"	197.86545420300996	-63.76662757016	"WR*"	14.96	"2MASS J13112771-6345598"
3329554	"WR  48b"	"[W74] 48"	197.86545420300996	-63.76662757016	"WR*"	14.96	"DENIS J131127.7-634559"
3329554	"WR  48b"	"[W74] 48"	197.86545420300996	-63.76662757016	"WR*"	14.96	"Gaia DR2 5862209147378793344"
3329554	"WR  48b"	"[W74] 48"	197.86545420300996	-63.76662757016	"WR*"	14.96	"Gaia DR3 5862209147378793344"
3329554	"WR  48b"	"[W74] 48"	197.86545420300996	-63.76662757016	"WR*"	14.96	"GSC2.3 S7KT136476"
3329554	"WR  48b"	"[W74] 48"	197.86545420300996	-63.76662757016	"WR*"	14.96	"SSTGLMC G305.1427-00.9808"
3329554	"WR  48b"	"[W74] 48"	197.86545420300996	-63.76662757016	"WR*"	14.96	"TIC 441971246"
3329554	"WR  48b"	"[W74] 48"	197.86545420300996	-63.76662757016	"WR*"	14.96	"UCAC2   3713229"
3329554	"WR  48b"	"[W74] 48"	197.86545420300996	-63.76662757016	"WR*"	14.96	"[W74] 48"
3329554	"WR  48b"	"[W74] 48"	197.86545420300996	-63.76662757016	"WR*"	14.96	"WR  48b"
3329730	"WR  54"	"MR  48"	203.18234723678998	-65.02439925545	"WR*"	12.73	"2MASS J13324375-6501278"
3329730	"WR  54"	"MR  48"	203.18234723678998	-65.02439925545	"WR*"	12.73	"ALS  3111"
3329730	"WR  54"	"MR  48"	203.18234723678998	-65.02439925545	"WR*"	12.73	"Cl Loden  848    34"
3329730	"WR  54"	"MR  48"	203.18234723678998	-65.02439925545	"WR*"	12.73	"CSI-64-13292"
3329730	"WR  54"	"MR  48"	203.18234723678998	-65.02439925545	"WR*"	12.73	"Gaia DR2 5864010933331665280"
3329730	"WR  54"	"MR  48"	203.18234723678998	-65.02439925545	"WR*"	12.73	"Gaia DR3 5864010933331665280"
3329730	"WR  54"	"MR  48"	203.18234723678998	-65.02439925545	"WR*"	12.73	"GSC 08999-03295"
3329730	"WR  54"	"MR  48"	203.18234723678998	-65.02439925545	"WR*"	12.73	"Hen 3-910"
3329730	"WR  54"	"MR  48"	203.18234723678998	-65.02439925545	"WR*"	12.73	"LS 3111"
3329730	"WR  54"	"MR  48"	203.18234723678998	-65.02439925545	"WR*"	12.73	"[M51]  77"
3329730	"WR  54"	"MR  48"	203.18234723678998	-65.02439925545	"WR*"	12.73	"MR  48"
3329730	"WR  54"	"MR  48"	203.18234723678998	-65.02439925545	"WR*"	12.73	"THA 17-89"
3329730	"WR  54"	"MR  48"	203.18234723678998	-65.02439925545	"WR*"	12.73	"TIC 315352752"
3329730	"WR  54"	"MR  48"	203.18234723678998	-65.02439925545	"WR*"	12.73	"UCAC2   3128202"
3329730	"WR  54"	"MR  48"	203.18234723678998	-65.02439925545	"WR*"	12.73	"UCAC4 125-098151"
3329730	"WR  54"	"MR  48"	203.18234723678998	-65.02439925545	"WR*"	12.73	"[VDD70] Cen-Mus 36"
3329730	"WR  54"	"MR  48"	203.18234723678998	-65.02439925545	"WR*"	12.73	"[W74] 63"
3329730	"WR  54"	"MR  48"	203.18234723678998	-65.02439925545	"WR*"	12.73	"WR  54"
3329730	"WR  54"	"MR  48"	203.18234723678998	-65.02439925545	"WR*"	12.73	"WRAY 15-1116"
3330016	"WR  56"	"WR  56"	203.43908939253998	-64.12535444884	"WR*"	14.0	"2MASS J13334538-6407312"
3330016	"WR  56"	"WR  56"	203.43908939253998	-64.12535444884	"WR*"	14.0	"ALS  3117"
3330016	"WR  56"	"WR  56"	203.43908939253998	-64.12535444884	"WR*"	14.0	"CSI-63-13303"
3330016	"WR  56"	"WR  56"	203.43908939253998	-64.12535444884	"WR*"	14.0	"Gaia DR2 5864204692281636864"
3330016	"WR  56"	"WR  56"	203.43908939253998	-64.12535444884	"WR*"	14.0	"Gaia DR3 5864204692281636864"
3330016	"WR  56"	"WR  56"	203.43908939253998	-64.12535444884	"WR*"	14.0	"GSC 08999-01206"
3330016	"WR  56"	"WR  56"	203.43908939253998	-64.12535444884	"WR*"	14.0	"LS 3117"
3330016	"WR  56"	"WR  56"	203.43908939253998	-64.12535444884	"WR*"	14.0	"LSWR  8"
3330016	"WR  56"	"WR  56"	203.43908939253998	-64.12535444884	"WR*"	14.0	"UCAC4 130-093640"
3330016	"WR  56"	"WR  56"	203.43908939253998	-64.12535444884	"WR*"	14.0	"[W74] 66"
3330016	"WR  56"	"WR  56"	203.43908939253998	-64.12535444884	"WR*"	14.0	"WR  56"
3331026	"WR  57"	"HD 119078"	205.81816140592997	-67.4013814976	"WR*"	9.4	"2MASS J13431636-6724048"
3331026	"WR  57"	"HD 119078"	205.81816140592997	-67.4013814976	"WR*"	9.4	"AAVSO 1335-66"
3331026	"WR  57"	"HD 119078"	205.81816140592997	-67.4013814976	"WR*"	9.4	"ALS  3149"
3331026	"WR  57"	"HD 119078"	205.81816140592997	-67.4013814976	"WR*"	9.4	"CD-66  1458"
3331026	"WR  57"	"HD 119078"	205.81816140592997	-67.4013814976	"WR*"	9.4	"CPC 21  2987"
3331026	"WR  57"	"HD 119078"	205.81816140592997	-67.4013814976	"WR*"	9.4	"CPD-66  2299"
3331026	"WR  57"	"HD 119078"	205.81816140592997	-67.4013814976	"WR*"	9.4	"Gaia DR1 5850593970891000576"
3331026	"WR  57"	"HD 119078"	205.81816140592997	-67.4013814976	"WR*"	9.4	"Gaia DR2 5850593970891000576"
3331026	"WR  57"	"HD 119078"	205.81816140592997	-67.4013814976	"WR*"	9.4	"Gaia DR3 5850593970891000576"
3331026	"WR  57"	"HD 119078"	205.81816140592997	-67.4013814976	"WR*"	9.4	"GSC 09016-00132"
3331026	"WR  57"	"HD 119078"	205.81816140592997	-67.4013814976	"WR*"	9.4	"HD 119078"
3331026	"WR  57"	"HD 119078"	205.81816140592997	-67.4013814976	"WR*"	9.4	"Hen 3-923"
3331026	"WR  57"	"HD 119078"	205.81816140592997	-67.4013814976	"WR*"	9.4	"HIC  66948"
3331026	"WR  57"	"HD 119078"	205.81816140592997	-67.4013814976	"WR*"	9.4	"HIP 66948"
3331026	"WR  57"	"HD 119078"	205.81816140592997	-67.4013814976	"WR*"	9.4	"LS 3149"
3331026	"WR  57"	"HD 119078"	205.81816140592997	-67.4013814976	"WR*"	9.4	"MR  50"
3331026	"WR  57"	"HD 119078"	205.81816140592997	-67.4013814976	"WR*"	9.4	"PPM 360283"
3331026	"WR  57"	"HD 119078"	205.81816140592997	-67.4013814976	"WR*"	9.4	"RAVE J134316.4-672405"
3331026	"WR  57"	"HD 119078"	205.81816140592997	-67.4013814976	"WR*"	9.4	"TIC 343234696"
3331026	"WR  57"	"HD 119078"	205.81816140592997	-67.4013814976	"WR*"	9.4	"TYC 9016-132-1"
3331026	"WR  57"	"HD 119078"	205.81816140592997	-67.4013814976	"WR*"	9.4	"UCAC4 113-078940"
3331026	"WR  57"	"HD 119078"	205.81816140592997	-67.4013814976	"WR*"	9.4	"[W74] 73"
3331026	"WR  57"	"HD 119078"	205.81816140592997	-67.4013814976	"WR*"	9.4	"WR  57"
3331026	"WR  57"	"HD 119078"	205.81816140592997	-67.4013814976	"WR*"	9.4	"WRAY 15-1131"
3341278	"WR  52"	"HD 115473"	199.6166421834	-58.13711200588	"WR*"	9.0	"2MASS J13182800-5808137"
3341278	"WR  52"	"HD 115473"	199.6166421834	-58.13711200588	"WR*"	9.0	"AAVSO 1312-57"
3341278	"WR  52"	"HD 115473"	199.6166421834	-58.13711200588	"WR*"	9.0	"ALS  3020"
3341278	"WR  52"	"HD 115473"	199.6166421834	-58.13711200588	"WR*"	9.0	"CD-57  4942"
3341278	"WR  52"	"HD 115473"	199.6166421834	-58.13711200588	"WR*"	9.0	"CPD-57  5981"
3341278	"WR  52"	"HD 115473"	199.6166421834	-58.13711200588	"WR*"	9.0	"Gaia DR2 6062353145875545600"
3341278	"WR  52"	"HD 115473"	199.6166421834	-58.13711200588	"WR*"	9.0	"Gaia DR3 6062353145875545600"
3341278	"WR  52"	"HD 115473"	199.6166421834	-58.13711200588	"WR*"	9.0	"GEN# +1.00115473"
3341278	"WR  52"	"HD 115473"	199.6166421834	-58.13711200588	"WR*"	9.0	"GSC 08661-00027"
3341278	"WR  52"	"HD 115473"	199.6166421834	-58.13711200588	"WR*"	9.0	"HD 115473"
3341278	"WR  52"	"HD 115473"	199.6166421834	-58.13711200588	"WR*"	9.0	"Hen 3-889"
3341278	"WR  52"	"HD 115473"	199.6166421834	-58.13711200588	"WR*"	9.0	"HIC  64929"
3341278	"WR  52"	"HD 115473"	199.6166421834	-58.13711200588	"WR*"	9.0	"HIP 64929"
3341278	"WR  52"	"HD 115473"	199.6166421834	-58.13711200588	"WR*"	9.0	"LS 3020"
3341278	"WR  52"	"HD 115473"	199.6166421834	-58.13711200588	"WR*"	9.0	"MR  46"
3341278	"WR  52"	"HD 115473"	199.6166421834	-58.13711200588	"WR*"	9.0	"PPM 770723"
3341278	"WR  52"	"HD 115473"	199.6166421834	-58.13711200588	"WR*"	9.0	"TD1 16746"
3341278	"WR  52"	"HD 115473"	199.6166421834	-58.13711200588	"WR*"	9.0	"TIC 262127122"
3341278	"WR  52"	"HD 115473"	199.6166421834	-58.13711200588	"WR*"	9.0	"TYC 8661-27-1"
3341278	"WR  52"	"HD 115473"	199.6166421834	-58.13711200588	"WR*"	9.0	"UCAC4 160-109038"
3341278	"WR  52"	"HD 115473"	199.6166421834	-58.13711200588	"WR*"	9.0	"uvby98 100115473"
3341278	"WR  52"	"HD 115473"	199.6166421834	-58.13711200588	"WR*"	9.0	"WR  52"
3341278	"WR  52"	"HD 115473"	199.6166421834	-58.13711200588	"WR*"	9.0	"WRAY 15-1088"
3341882	"WR  53"	"HD 117297"	202.72188092017998	-62.081071724530005	"WR*"	10.9	"2MASS J13305325-6204517"
3341882	"WR  53"	"HD 117297"	202.72188092017998	-62.081071724530005	"WR*"	10.9	"ALS  3101"
3341882	"WR  53"	"HD 117297"	202.72188092017998	-62.081071724530005	"WR*"	10.9	"CD-61  3816"
3341882	"WR  53"	"HD 117297"	202.72188092017998	-62.081071724530005	"WR*"	10.9	"CPD-61  3753"
3341882	"WR  53"	"HD 117297"	202.72188092017998	-62.081071724530005	"WR*"	10.9	"Gaia DR1 5868384069029610880"
3341882	"WR  53"	"HD 117297"	202.72188092017998	-62.081071724530005	"WR*"	10.9	"Gaia DR2 5868384073377056384"
3341882	"WR  53"	"HD 117297"	202.72188092017998	-62.081071724530005	"WR*"	10.9	"Gaia DR3 5868384073377056384"
3341882	"WR  53"	"HD 117297"	202.72188092017998	-62.081071724530005	"WR*"	10.9	"GSC 08995-02364"
3341882	"WR  53"	"HD 117297"	202.72188092017998	-62.081071724530005	"WR*"	10.9	"HD 117297"
3341882	"WR  53"	"HD 117297"	202.72188092017998	-62.081071724530005	"WR*"	10.9	"Hen 3-907"
3341882	"WR  53"	"HD 117297"	202.72188092017998	-62.081071724530005	"WR*"	10.9	"HIC  65925"
3341882	"WR  53"	"HD 117297"	202.72188092017998	-62.081071724530005	"WR*"	10.9	"HIP 65925"
3341882	"WR  53"	"HD 117297"	202.72188092017998	-62.081071724530005	"WR*"	10.9	"IRAS 13275-6149"
3341882	"WR  53"	"HD 117297"	202.72188092017998	-62.081071724530005	"WR*"	10.9	"LS 3101"
3341882	"WR  53"	"HD 117297"	202.72188092017998	-62.081071724530005	"WR*"	10.9	"MR  47"
3341882	"WR  53"	"HD 117297"	202.72188092017998	-62.081071724530005	"WR*"	10.9	"SSTGLMC G307.5320+00.4378"
3341882	"WR  53"	"HD 117297"	202.72188092017998	-62.081071724530005	"WR*"	10.9	"THA 17-88"
3341882	"WR  53"	"HD 117297"	202.72188092017998	-62.081071724530005	"WR*"	10.9	"TIC 314554265"
3341882	"WR  53"	"HD 117297"	202.72188092017998	-62.081071724530005	"WR*"	10.9	"TYC 8995-2364-1"
3341882	"WR  53"	"HD 117297"	202.72188092017998	-62.081071724530005	"WR*"	10.9	"UCAC2   4360129"
3341882	"WR  53"	"HD 117297"	202.72188092017998	-62.081071724530005	"WR*"	10.9	"UCAC4 140-111122"
3341882	"WR  53"	"HD 117297"	202.72188092017998	-62.081071724530005	"WR*"	10.9	"[W74] 62"
3341882	"WR  53"	"HD 117297"	202.72188092017998	-62.081071724530005	"WR*"	10.9	"WR  53"
3341882	"WR  53"	"HD 117297"	202.72188092017998	-62.081071724530005	"WR*"	10.9	"WRAY 15-1110"
3341977	"WR  59"	"WRAY 16-136"	207.38567647081	-61.528408937710005	"WR*"	11.69	"2MASS J13493255-6131422"
3341977	"WR  59"	"WRAY 16-136"	207.38567647081	-61.528408937710005	"WR*"	11.69	"ALS  3164"
3341977	"WR  59"	"WRAY 16-136"	207.38567647081	-61.528408937710005	"WR*"	11.69	"CSI-61-13461  1"
3341977	"WR  59"	"WRAY 16-136"	207.38567647081	-61.528408937710005	"WR*"	11.69	"Gaia DR2 5865643433220067328"
3341977	"WR  59"	"WRAY 16-136"	207.38567647081	-61.528408937710005	"WR*"	11.69	"Gaia DR3 5865643433220067328"
3341977	"WR  59"	"WRAY 16-136"	207.38567647081	-61.528408937710005	"WR*"	11.69	"GSC 09004-03553"
3341977	"WR  59"	"WRAY 16-136"	207.38567647081	-61.528408937710005	"WR*"	11.69	"LS 3164"
3341977	"WR  59"	"WRAY 16-136"	207.38567647081	-61.528408937710005	"WR*"	11.69	"PK 309+00  2"
3341977	"WR  59"	"WRAY 16-136"	207.38567647081	-61.528408937710005	"WR*"	11.69	"SSTGLMC G309.7997+00.5661"
3341977	"WR  59"	"WRAY 16-136"	207.38567647081	-61.528408937710005	"WR*"	11.69	"TIC 381504800"
3341977	"WR  59"	"WRAY 16-136"	207.38567647081	-61.528408937710005	"WR*"	11.69	"UCAC4 143-132921"
3341977	"WR  59"	"WRAY 16-136"	207.38567647081	-61.528408937710005	"WR*"	11.69	"WR  59"
3341977	"WR  59"	"WRAY 16-136"	207.38567647081	-61.528408937710005	"WR*"	11.69	"WRAY 16-136"
3342335	"WR  55"	"HD 117688"	203.37549877182	-62.317003982150005	"WR*"	10.9	"2MASS J13333011-6219012"
3342335	"WR  55"	"HD 117688"	203.37549877182	-62.317003982150005	"WR*"	10.9	"ALS  3114"
3342335	"WR  55"	"HD 117688"	203.37549877182	-62.317003982150005	"WR*"	10.9	"CD-61  3841"
3342335	"WR  55"	"HD 117688"	203.37549877182	-62.317003982150005	"WR*"	10.9	"CPD-61  3791"
3342335	"WR  55"	"HD 117688"	203.37549877182	-62.317003982150005	"WR*"	10.9	"Gaia DR1 5865360893094621440"
3342335	"WR  55"	"HD 117688"	203.37549877182	-62.317003982150005	"WR*"	10.9	"Gaia DR2 5865360897441115904"
3342335	"WR  55"	"HD 117688"	203.37549877182	-62.317003982150005	"WR*"	10.9	"Gaia DR3 5865360897441115904"
3342335	"WR  55"	"HD 117688"	203.37549877182	-62.317003982150005	"WR*"	10.9	"GCRV 22697"
3342335	"WR  55"	"HD 117688"	203.37549877182	-62.317003982150005	"WR*"	10.9	"GSC 08995-01038"
3342335	"WR  55"	"HD 117688"	203.37549877182	-62.317003982150005	"WR*"	10.9	"HD 117688"
3342335	"WR  55"	"HD 117688"	203.37549877182	-62.317003982150005	"WR*"	10.9	"Hen 3-912"
3342335	"WR  55"	"HD 117688"	203.37549877182	-62.317003982150005	"WR*"	10.9	"HIC  66142"
3342335	"WR  55"	"HD 117688"	203.37549877182	-62.317003982150005	"WR*"	10.9	"HIP 66142"
3342335	"WR  55"	"HD 117688"	203.37549877182	-62.317003982150005	"WR*"	10.9	"LS 3114"
3342335	"WR  55"	"HD 117688"	203.37549877182	-62.317003982150005	"WR*"	10.9	"MR  49"
3342335	"WR  55"	"HD 117688"	203.37549877182	-62.317003982150005	"WR*"	10.9	"SSTGLMC G307.7959+00.1568"
3342335	"WR  55"	"HD 117688"	203.37549877182	-62.317003982150005	"WR*"	10.9	"[TF2005]  1"
3342335	"WR  55"	"HD 117688"	203.37549877182	-62.317003982150005	"WR*"	10.9	"THA 17-90"
3342335	"WR  55"	"HD 117688"	203.37549877182	-62.317003982150005	"WR*"	10.9	"TIC 316144482"
3342335	"WR  55"	"HD 117688"	203.37549877182	-62.317003982150005	"WR*"	10.9	"TYC 8995-1038-1"
3342335	"WR  55"	"HD 117688"	203.37549877182	-62.317003982150005	"WR*"	10.9	"UCAC2   4361555"
3342335	"WR  55"	"HD 117688"	203.37549877182	-62.317003982150005	"WR*"	10.9	"UCAC4 139-105509"
3342335	"WR  55"	"HD 117688"	203.37549877182	-62.317003982150005	"WR*"	10.9	"V* V972 Cen"
3342335	"WR  55"	"HD 117688"	203.37549877182	-62.317003982150005	"WR*"	10.9	"[W74] 64"
3342335	"WR  55"	"HD 117688"	203.37549877182	-62.317003982150005	"WR*"	10.9	"WR  55"
3342335	"WR  55"	"HD 117688"	203.37549877182	-62.317003982150005	"WR*"	10.9	"WRAY 15-1118"
3342891	"WR  56a"	"WR  56a"	205.30846862886997	-60.898335462969996	"WR*"		"DENIS J134114.0-605353"
3342891	"WR  56a"	"WR  56a"	205.30846862886997	-60.898335462969996	"WR*"		"Gaia DR2 5868912491781014144"
3342891	"WR  56a"	"WR  56a"	205.30846862886997	-60.898335462969996	"WR*"		"Gaia DR3 5868912491781014144"
3342891	"WR  56a"	"WR  56a"	205.30846862886997	-60.898335462969996	"WR*"		"SMSNPL 10"
3342891	"WR  56a"	"WR  56a"	205.30846862886997	-60.898335462969996	"WR*"		"UCAC4 146-143179"
3342891	"WR  56a"	"WR  56a"	205.30846862886997	-60.898335462969996	"WR*"		"WISEA J134114.03-605353.8"
3342891	"WR  56a"	"WR  56a"	205.30846862886997	-60.898335462969996	"WR*"		"WISE J134114.03-605353.9"
3342891	"WR  56a"	"WR  56a"	205.30846862886997	-60.898335462969996	"WR*"		"WR  56a"
3344832	"WR  58"	"MR  51"	207.26870625131	-65.69892272565	"WR*"	12.71	"2MASS J13490449-6541561"
3344832	"WR  58"	"MR  51"	207.26870625131	-65.69892272565	"WR*"	12.71	"ALS  3162"
3344832	"WR  58"	"MR  51"	207.26870625131	-65.69892272565	"WR*"	12.71	"CSI-65-13454"
3344832	"WR  58"	"MR  51"	207.26870625131	-65.69892272565	"WR*"	12.71	"Gaia DR2 5851583256480676864"
3344832	"WR  58"	"MR  51"	207.26870625131	-65.69892272565	"WR*"	12.71	"Gaia DR3 5851583256480676864"
3344832	"WR  58"	"MR  51"	207.26870625131	-65.69892272565	"WR*"	12.71	"GSC 09016-01189"
3344832	"WR  58"	"MR  51"	207.26870625131	-65.69892272565	"WR*"	12.71	"Hen 3-931"
3344832	"WR  58"	"MR  51"	207.26870625131	-65.69892272565	"WR*"	12.71	"LS 3162"
3344832	"WR  58"	"MR  51"	207.26870625131	-65.69892272565	"WR*"	12.71	"[M51]  78"
3344832	"WR  58"	"MR  51"	207.26870625131	-65.69892272565	"WR*"	12.71	"MR  51"
3344832	"WR  58"	"MR  51"	207.26870625131	-65.69892272565	"WR*"	12.71	"TIC 380962974"
3344832	"WR  58"	"MR  51"	207.26870625131	-65.69892272565	"WR*"	12.71	"UCAC4 122-100403"
3344832	"WR  58"	"MR  51"	207.26870625131	-65.69892272565	"WR*"	12.71	"[W74] 74"
3344832	"WR  58"	"MR  51"	207.26870625131	-65.69892272565	"WR*"	12.71	"WR  58"
3344832	"WR  58"	"MR  51"	207.26870625131	-65.69892272565	"WR*"	12.71	"WRAY 15-1143"
3360129	"WR  60"	"HD 121194"	208.95186742011998	-61.16346100689	"WR*"	12.2	"2MASS J13554846-6109484"
3360129	"WR  60"	"HD 121194"	208.95186742011998	-61.16346100689	"WR*"	12.2	"ALS  3173"
3360129	"WR  60"	"HD 121194"	208.95186742011998	-61.16346100689	"WR*"	12.2	"DENIS J135548.4-610948"
3360129	"WR  60"	"HD 121194"	208.95186742011998	-61.16346100689	"WR*"	12.2	"Gaia DR2 5867123139651286528"
3360129	"WR  60"	"HD 121194"	208.95186742011998	-61.16346100689	"WR*"	12.2	"Gaia DR3 5867123139651286528"
3360129	"WR  60"	"HD 121194"	208.95186742011998	-61.16346100689	"WR*"	12.2	"HD 121194"
3360129	"WR  60"	"HD 121194"	208.95186742011998	-61.16346100689	"WR*"	12.2	"Hen 3-945"
3360129	"WR  60"	"HD 121194"	208.95186742011998	-61.16346100689	"WR*"	12.2	"LS 3173"
3360129	"WR  60"	"HD 121194"	208.95186742011998	-61.16346100689	"WR*"	12.2	"MR  52"
3360129	"WR  60"	"HD 121194"	208.95186742011998	-61.16346100689	"WR*"	12.2	"TIC 324256993"
3360129	"WR  60"	"HD 121194"	208.95186742011998	-61.16346100689	"WR*"	12.2	"UCAC2   4868897"
3360129	"WR  60"	"HD 121194"	208.95186742011998	-61.16346100689	"WR*"	12.2	"UCAC4 145-144541"
3360129	"WR  60"	"HD 121194"	208.95186742011998	-61.16346100689	"WR*"	12.2	"WR  60"
3360129	"WR  60"	"HD 121194"	208.95186742011998	-61.16346100689	"WR*"	12.2	"WRAY 15-1150"
3362806	"WR  61"	"MR  53"	213.26468838323	-65.44797444072	"WR*"	12.32	"2MASS J14130353-6526527"
3362806	"WR  61"	"MR  53"	213.26468838323	-65.44797444072	"WR*"	12.32	"ALS  3208"
3362806	"WR  61"	"MR  53"	213.26468838323	-65.44797444072	"WR*"	12.32	"CSI-65-14092"
3362806	"WR  61"	"MR  53"	213.26468838323	-65.44797444072	"WR*"	12.32	"Gaia DR1 5852718536596531968"
3362806	"WR  61"	"MR  53"	213.26468838323	-65.44797444072	"WR*"	12.32	"Gaia DR2 5852718536596531968"
3362806	"WR  61"	"MR  53"	213.26468838323	-65.44797444072	"WR*"	12.32	"Gaia DR3 5852718536596531968"
3362806	"WR  61"	"MR  53"	213.26468838323	-65.44797444072	"WR*"	12.32	"GSC 09013-00234"
3362806	"WR  61"	"MR  53"	213.26468838323	-65.44797444072	"WR*"	12.32	"Hen 3-969"
3362806	"WR  61"	"MR  53"	213.26468838323	-65.44797444072	"WR*"	12.32	"HIC  69445"
3362806	"WR  61"	"MR  53"	213.26468838323	-65.44797444072	"WR*"	12.32	"HIP 69445"
3362806	"WR  61"	"MR  53"	213.26468838323	-65.44797444072	"WR*"	12.32	"LS 3208"
3362806	"WR  61"	"MR  53"	213.26468838323	-65.44797444072	"WR*"	12.32	"MR  53"
3362806	"WR  61"	"MR  53"	213.26468838323	-65.44797444072	"WR*"	12.32	"TIC 333028202"
3362806	"WR  61"	"MR  53"	213.26468838323	-65.44797444072	"WR*"	12.32	"TYC 9013-234-1"
3362806	"WR  61"	"MR  53"	213.26468838323	-65.44797444072	"WR*"	12.32	"UCAC4 123-118334"
3362806	"WR  61"	"MR  53"	213.26468838323	-65.44797444072	"WR*"	12.32	"V* CF Cir"
3362806	"WR  61"	"MR  53"	213.26468838323	-65.44797444072	"WR*"	12.32	"WR  61"
3362806	"WR  61"	"MR  53"	213.26468838323	-65.44797444072	"WR*"	12.32	"WRAY 15-1181"
3378626	"WR  62"	"WRAY 16-154"	217.77557666987542	-61.34989857414029	"WR*"	14.22	"2MASS J14310613-6120595"
3378626	"WR  62"	"WRAY 16-154"	217.77557666987542	-61.34989857414029	"WR*"	14.22	"Gaia DR3 5878402612822904704"
3378626	"WR  62"	"WRAY 16-154"	217.77557666987542	-61.34989857414029	"WR*"	14.22	"PK 314-00  2"
3378626	"WR  62"	"WRAY 16-154"	217.77557666987542	-61.34989857414029	"WR*"	14.22	"SSTGLMC G314.5864-00.7538"
3378626	"WR  62"	"WRAY 16-154"	217.77557666987542	-61.34989857414029	"WR*"	14.22	"TIC 390247722"
3378626	"WR  62"	"WRAY 16-154"	217.77557666987542	-61.34989857414029	"WR*"	14.22	"WR  62"
3378626	"WR  62"	"WRAY 16-154"	217.77557666987542	-61.34989857414029	"WR*"	14.22	"WRAY 16-154"
3379496	"WR  62a"	"WR  62a"	218.15708140359	-61.4983688998	"WR*"	13.056	"2MASS J14323770-6129541"
3379496	"WR  62a"	"WR  62a"	218.15708140359	-61.4983688998	"WR*"	13.056	"DENIS J143237.6-612954"
3379496	"WR  62a"	"WR  62a"	218.15708140359	-61.4983688998	"WR*"	13.056	"Gaia DR2 5878338708038978304"
3379496	"WR  62a"	"WR  62a"	218.15708140359	-61.4983688998	"WR*"	13.056	"Gaia DR3 5878338708038978304"
3379496	"WR  62a"	"WR  62a"	218.15708140359	-61.4983688998	"WR*"	13.056	"SMSNPL 11"
3379496	"WR  62a"	"WR  62a"	218.15708140359	-61.4983688998	"WR*"	13.056	"TIC 392279296"
3379496	"WR  62a"	"WR  62a"	218.15708140359	-61.4983688998	"WR*"	13.056	"UCAC2   4879454"
3379496	"WR  62a"	"WR  62a"	218.15708140359	-61.4983688998	"WR*"	13.056	"UCAC4 143-144250"
3379496	"WR  62a"	"WR  62a"	218.15708140359	-61.4983688998	"WR*"	13.056	"WISE J143237.70-612954.1"
3379496	"WR  62a"	"WR  62a"	218.15708140359	-61.4983688998	"WR*"	13.056	"WR  62a"
3395543	"WR  63"	"WRAY 15-1254"	222.7427710909379	-59.8573413470142	"WR*"	12.47	"2MASS J14505825-5951261"
3395543	"WR  63"	"WRAY 15-1254"	222.7427710909379	-59.8573413470142	"WR*"	12.47	"ALS  3289"
3395543	"WR  63"	"WRAY 15-1254"	222.7427710909379	-59.8573413470142	"WR*"	12.47	"CSI-59-14471"
3395543	"WR  63"	"WRAY 15-1254"	222.7427710909379	-59.8573413470142	"WR*"	12.47	"Gaia DR2 5878214218377380992"
3395543	"WR  63"	"WRAY 15-1254"	222.7427710909379	-59.8573413470142	"WR*"	12.47	"GEN# +6.10131032"
3395543	"WR  63"	"WRAY 15-1254"	222.7427710909379	-59.8573413470142	"WR*"	12.47	"GSC 08692-00361"
3395543	"WR  63"	"WRAY 15-1254"	222.7427710909379	-59.8573413470142	"WR*"	12.47	"Hen 3-1032"
3395543	"WR  63"	"WRAY 15-1254"	222.7427710909379	-59.8573413470142	"WR*"	12.47	"LS 3289"
3395543	"WR  63"	"WRAY 15-1254"	222.7427710909379	-59.8573413470142	"WR*"	12.47	"SSTGLMC G317.4211-00.3914"
3395543	"WR  63"	"WRAY 15-1254"	222.7427710909379	-59.8573413470142	"WR*"	12.47	"TIC 412904424"
3395543	"WR  63"	"WRAY 15-1254"	222.7427710909379	-59.8573413470142	"WR*"	12.47	"UCAC4 151-153464"
3395543	"WR  63"	"WRAY 15-1254"	222.7427710909379	-59.8573413470142	"WR*"	12.47	"WR  63"
3395543	"WR  63"	"WRAY 15-1254"	222.7427710909379	-59.8573413470142	"WR*"	12.47	"WRAY 15-1254"
3396240	"WR 62-1"	"WR 62-1"	221.72321994042	-59.32730517606	"WR*"		"2MASS J14465358-5919382"
3396240	"WR 62-1"	"WR 62-1"	221.72321994042	-59.32730517606	"WR*"		"AX J1447.0-5919"
3396240	"WR 62-1"	"WR 62-1"	221.72321994042	-59.32730517606	"WR*"		"Gaia DR2 5879035832756714112"
3396240	"WR 62-1"	"WR 62-1"	221.72321994042	-59.32730517606	"WR*"		"Gaia DR3 5879035832756714112"
3396240	"WR 62-1"	"WR 62-1"	221.72321994042	-59.32730517606	"WR*"		"SSTGLMC G317.1882+00.3106"
3396240	"WR 62-1"	"WR 62-1"	221.72321994042	-59.32730517606	"WR*"		"TIC 192354511"
3396240	"WR 62-1"	"WR 62-1"	221.72321994042	-59.32730517606	"WR*"		"WR 62-1"
3397050	"WR  62b"	"WR  62b"	221.67022264083	-61.11584574402999	"WR*"		"2MASS J14464085-6106569"
3397050	"WR  62b"	"WR  62b"	221.67022264083	-61.11584574402999	"WR*"		"Gaia DR2 5877854957310171904"
3397050	"WR  62b"	"WR  62b"	221.67022264083	-61.11584574402999	"WR*"		"Gaia DR3 5877854957310171904"
3397050	"WR  62b"	"WR  62b"	221.67022264083	-61.11584574402999	"WR*"		"SMSNPL 12"
3397050	"WR  62b"	"WR  62b"	221.67022264083	-61.11584574402999	"WR*"		"TIC 292761609"
3397050	"WR  62b"	"WR  62b"	221.67022264083	-61.11584574402999	"WR*"		"UCAC4 145-159785"
3397050	"WR  62b"	"WR  62b"	221.67022264083	-61.11584574402999	"WR*"		"WR  62b"
3397455	"WR  69"	"HD 136488"	231.04713050181	-62.677105120220006	"WR*"	9.1	"2MASS J15241131-6240374"
3397455	"WR  69"	"HD 136488"	231.04713050181	-62.677105120220006	"WR*"	9.1	"AAVSO 1515-62"
3397455	"WR  69"	"HD 136488"	231.04713050181	-62.677105120220006	"WR*"	9.1	"ALS  3348"
3397455	"WR  69"	"HD 136488"	231.04713050181	-62.677105120220006	"WR*"	9.1	"CD-62   932"
3397455	"WR  69"	"HD 136488"	231.04713050181	-62.677105120220006	"WR*"	9.1	"CPC 20.1  4609"
3397455	"WR  69"	"HD 136488"	231.04713050181	-62.677105120220006	"WR*"	9.1	"CPD-62  4470"
3397455	"WR  69"	"HD 136488"	231.04713050181	-62.677105120220006	"WR*"	9.1	"Gaia DR1 5875086520113645568"
3397455	"WR  69"	"HD 136488"	231.04713050181	-62.677105120220006	"WR*"	9.1	"Gaia DR2 5875086520113645568"
3397455	"WR  69"	"HD 136488"	231.04713050181	-62.677105120220006	"WR*"	9.1	"Gaia DR3 5875086524484367232"
3397455	"WR  69"	"HD 136488"	231.04713050181	-62.677105120220006	"WR*"	9.1	"GCRV 65413"
3397455	"WR  69"	"HD 136488"	231.04713050181	-62.677105120220006	"WR*"	9.1	"GSC 09025-00953"
3397455	"WR  69"	"HD 136488"	231.04713050181	-62.677105120220006	"WR*"	9.1	"HD 136488"
3397455	"WR  69"	"HD 136488"	231.04713050181	-62.677105120220006	"WR*"	9.1	"Hen 3-1067"
3397455	"WR  69"	"HD 136488"	231.04713050181	-62.677105120220006	"WR*"	9.1	"HIC  75377"
3397455	"WR  69"	"HD 136488"	231.04713050181	-62.677105120220006	"WR*"	9.1	"HIP 75377"
3397455	"WR  69"	"HD 136488"	231.04713050181	-62.677105120220006	"WR*"	9.1	"IRAS 15199-6230"
3397455	"WR  69"	"HD 136488"	231.04713050181	-62.677105120220006	"WR*"	9.1	"LS 3348"
3397455	"WR  69"	"HD 136488"	231.04713050181	-62.677105120220006	"WR*"	9.1	"MR  56"
3397455	"WR  69"	"HD 136488"	231.04713050181	-62.677105120220006	"WR*"	9.1	"PPM 361406"
3397455	"WR  69"	"HD 136488"	231.04713050181	-62.677105120220006	"WR*"	9.1	"SAO 253143"
3397455	"WR  69"	"HD 136488"	231.04713050181	-62.677105120220006	"WR*"	9.1	"TIC 456190186"
3397455	"WR  69"	"HD 136488"	231.04713050181	-62.677105120220006	"WR*"	9.1	"TYC 9025-953-1"
3397455	"WR  69"	"HD 136488"	231.04713050181	-62.677105120220006	"WR*"	9.1	"UCAC2   4179624"
3397455	"WR  69"	"HD 136488"	231.04713050181	-62.677105120220006	"WR*"	9.1	"UCAC4 137-129840"
3397455	"WR  69"	"HD 136488"	231.04713050181	-62.677105120220006	"WR*"	9.1	"WEB 12859"
3397455	"WR  69"	"HD 136488"	231.04713050181	-62.677105120220006	"WR*"	9.1	"WR  69"
3397455	"WR  69"	"HD 136488"	231.04713050181	-62.677105120220006	"WR*"	9.1	"WRAY 15-1312"
3410422	"WR  68"	"WRAY 16-172"	229.58649355064	-59.63814559747999	"WR*"	13.28	"2MASS J15182075-5938173"
3410422	"WR  68"	"WRAY 16-172"	229.58649355064	-59.63814559747999	"WR*"	13.28	"ALS  3333"
3410422	"WR  68"	"WRAY 16-172"	229.58649355064	-59.63814559747999	"WR*"	13.28	"CSI-59-15144"
3410422	"WR  68"	"WRAY 16-172"	229.58649355064	-59.63814559747999	"WR*"	13.28	"Gaia DR2 5876692803522748928"
3410422	"WR  68"	"WRAY 16-172"	229.58649355064	-59.63814559747999	"WR*"	13.28	"Gaia DR3 5876692803522748928"
3410422	"WR  68"	"WRAY 16-172"	229.58649355064	-59.63814559747999	"WR*"	13.28	"LS 3333"
3410422	"WR  68"	"WRAY 16-172"	229.58649355064	-59.63814559747999	"WR*"	13.28	"PK 320-01  1"
3410422	"WR  68"	"WRAY 16-172"	229.58649355064	-59.63814559747999	"WR*"	13.28	"PK 320-01  2"
3410422	"WR  68"	"WRAY 16-172"	229.58649355064	-59.63814559747999	"WR*"	13.28	"[S75] 4"
3410422	"WR  68"	"WRAY 16-172"	229.58649355064	-59.63814559747999	"WR*"	13.28	"TIC 44288868"
3410422	"WR  68"	"WRAY 16-172"	229.58649355064	-59.63814559747999	"WR*"	13.28	"UCAC2   5662481"
3410422	"WR  68"	"WRAY 16-172"	229.58649355064	-59.63814559747999	"WR*"	13.28	"UCAC4 152-147461"
3410422	"WR  68"	"WRAY 16-172"	229.58649355064	-59.63814559747999	"WR*"	13.28	"WR  68"
3410422	"WR  68"	"WRAY 16-172"	229.58649355064	-59.63814559747999	"WR*"	13.28	"WRAY 16-172"
3410422	"WR  68"	"WRAY 16-172"	229.58649355064	-59.63814559747999	"WR*"	13.28	"WRAY 16-173"
3410423	"WR  67"	"MR  55"	228.88594678223998	-59.04185980102	"WR*"	11.84	"2MASS J15153262-5902307"
3410423	"WR  67"	"MR  55"	228.88594678223998	-59.04185980102	"WR*"	11.84	"ALS  3329"
3410423	"WR  67"	"MR  55"	228.88594678223998	-59.04185980102	"WR*"	11.84	"Cl Pismis   20     1 A"
3410423	"WR  67"	"MR  55"	228.88594678223998	-59.04185980102	"WR*"	11.84	"Cl* Pismis   20     MV      11"
3410423	"WR  67"	"MR  55"	228.88594678223998	-59.04185980102	"WR*"	11.84	"Cl* Pismis   20    PPM     206"
3410423	"WR  67"	"MR  55"	228.88594678223998	-59.04185980102	"WR*"	11.84	"Cl* Pismis   20    VWP      15"
3410423	"WR  67"	"MR  55"	228.88594678223998	-59.04185980102	"WR*"	11.84	"CSI-58-15116"
3410423	"WR  67"	"MR  55"	228.88594678223998	-59.04185980102	"WR*"	11.84	"Gaia DR2 5876955556770058496"
3410423	"WR  67"	"MR  55"	228.88594678223998	-59.04185980102	"WR*"	11.84	"Gaia DR3 5876955556746594048"
3410423	"WR  67"	"MR  55"	228.88594678223998	-59.04185980102	"WR*"	11.84	"GSC 08706-00600"
3410423	"WR  67"	"MR  55"	228.88594678223998	-59.04185980102	"WR*"	11.84	"Hen 3-1060"
3410423	"WR  67"	"MR  55"	228.88594678223998	-59.04185980102	"WR*"	11.84	"LS 3329"
3410423	"WR  67"	"MR  55"	228.88594678223998	-59.04185980102	"WR*"	11.84	"MR  55"
3410423	"WR  67"	"MR  55"	228.88594678223998	-59.04185980102	"WR*"	11.84	"TIC 42743547"
3410423	"WR  67"	"MR  55"	228.88594678223998	-59.04185980102	"WR*"	11.84	"UCAC4 155-148999"
3410423	"WR  67"	"MR  55"	228.88594678223998	-59.04185980102	"WR*"	11.84	"WR  67"
3410423	"WR  67"	"MR  55"	228.88594678223998	-59.04185980102	"WR*"	11.84	"WRAY 15-1301"
3410424	"WR  66"	"HD 134877"	228.74049419052997	-59.84172650908	"WR*"	11.34	"2MASS J15145771-5950301"
3410424	"WR  66"	"HD 134877"	228.74049419052997	-59.84172650908	"WR*"	11.34	"ALS 18464"
3410424	"WR  66"	"HD 134877"	228.74049419052997	-59.84172650908	"WR*"	11.34	"ALS  3322"
3410424	"WR  66"	"HD 134877"	228.74049419052997	-59.84172650908	"WR*"	11.34	"CCDM J15150-5951AB"
3410424	"WR  66"	"HD 134877"	228.74049419052997	-59.84172650908	"WR*"	11.34	"CSI-59-15110"
3410424	"WR  66"	"HD 134877"	228.74049419052997	-59.84172650908	"WR*"	11.34	"Gaia DR2 5876711018534578176"
3410424	"WR  66"	"HD 134877"	228.74049419052997	-59.84172650908	"WR*"	11.34	"Gaia DR3 5876711014185935232"
3410424	"WR  66"	"HD 134877"	228.74049419052997	-59.84172650908	"WR*"	11.34	"GCRV 22425"
3410424	"WR  66"	"HD 134877"	228.74049419052997	-59.84172650908	"WR*"	11.34	"GEN# +1.00134877"
3410424	"WR  66"	"HD 134877"	228.74049419052997	-59.84172650908	"WR*"	11.34	"GEN# +6.42301004"
3410424	"WR  66"	"HD 134877"	228.74049419052997	-59.84172650908	"WR*"	11.34	"GSC 08706-00757"
3410424	"WR  66"	"HD 134877"	228.74049419052997	-59.84172650908	"WR*"	11.34	"HD 134877"
3410424	"WR  66"	"HD 134877"	228.74049419052997	-59.84172650908	"WR*"	11.34	"** HDS 2142"
3410424	"WR  66"	"HD 134877"	228.74049419052997	-59.84172650908	"WR*"	11.34	"Hen 3-1058"
3410424	"WR  66"	"HD 134877"	228.74049419052997	-59.84172650908	"WR*"	11.34	"HIC  74634"
3410424	"WR  66"	"HD 134877"	228.74049419052997	-59.84172650908	"WR*"	11.34	"HIP 74634"
3410424	"WR  66"	"HD 134877"	228.74049419052997	-59.84172650908	"WR*"	11.34	"HPD Cir   4"
3410424	"WR  66"	"HD 134877"	228.74049419052997	-59.84172650908	"WR*"	11.34	"LS 3322"
3410424	"WR  66"	"HD 134877"	228.74049419052997	-59.84172650908	"WR*"	11.34	"[M51]  87"
3410424	"WR  66"	"HD 134877"	228.74049419052997	-59.84172650908	"WR*"	11.34	"MR  54"
3410424	"WR  66"	"HD 134877"	228.74049419052997	-59.84172650908	"WR*"	11.34	"TIC 42618788"
3410424	"WR  66"	"HD 134877"	228.74049419052997	-59.84172650908	"WR*"	11.34	"TYC 8706-757-3"
3410424	"WR  66"	"HD 134877"	228.74049419052997	-59.84172650908	"WR*"	11.34	"UBV M  45972"
3410424	"WR  66"	"HD 134877"	228.74049419052997	-59.84172650908	"WR*"	11.34	"UCAC4 151-157567"
3410424	"WR  66"	"HD 134877"	228.74049419052997	-59.84172650908	"WR*"	11.34	"V* CC Cir"
3410424	"WR  66"	"HD 134877"	228.74049419052997	-59.84172650908	"WR*"	11.34	"WDS J15150-5951AB"
3410424	"WR  66"	"HD 134877"	228.74049419052997	-59.84172650908	"WR*"	11.34	"WR  66"
3410424	"WR  66"	"HD 134877"	228.74049419052997	-59.84172650908	"WR*"	11.34	"WRAY 15-1300"
3410425	"WR  65"	"WRAY 15-1297"	228.42379326173	-59.19582688538999	"WR*"	13.65	"2MASS J15134172-5911449"
3410425	"WR  65"	"WRAY 15-1297"	228.42379326173	-59.19582688538999	"WR*"	13.65	"ALS  3319"
3410425	"WR  65"	"WRAY 15-1297"	228.42379326173	-59.19582688538999	"WR*"	13.65	"CSI-59-15098"
3410425	"WR  65"	"WRAY 15-1297"	228.42379326173	-59.19582688538999	"WR*"	13.65	"Gaia DR2 5876932844981435904"
3410425	"WR  65"	"WRAY 15-1297"	228.42379326173	-59.19582688538999	"WR*"	13.65	"Gaia DR3 5876932844981435904"
3410425	"WR  65"	"WRAY 15-1297"	228.42379326173	-59.19582688538999	"WR*"	13.65	"GEN# +6.10003319"
3410425	"WR  65"	"WRAY 15-1297"	228.42379326173	-59.19582688538999	"WR*"	13.65	"LS 3319"
3410425	"WR  65"	"WRAY 15-1297"	228.42379326173	-59.19582688538999	"WR*"	13.65	"UCAC4 155-148325"
3410425	"WR  65"	"WRAY 15-1297"	228.42379326173	-59.19582688538999	"WR*"	13.65	"WR  65"
3410425	"WR  65"	"WRAY 15-1297"	228.42379326173	-59.19582688538999	"WR*"	13.65	"WRAY 15-1297"
3412405	"WR  71"	"HD 143414"	240.95560636937	-62.69331711880001	"WR*"	10.1	"2MASS J16034933-6241359"
3412405	"WR  71"	"HD 143414"	240.95560636937	-62.69331711880001	"WR*"	10.1	"AAVSO 1555-62"
3412405	"WR  71"	"HD 143414"	240.95560636937	-62.69331711880001	"WR*"	10.1	"CD-62  1009"
3412405	"WR  71"	"HD 143414"	240.95560636937	-62.69331711880001	"WR*"	10.1	"CPC 20.1  4820"
3412405	"WR  71"	"HD 143414"	240.95560636937	-62.69331711880001	"WR*"	10.1	"CPD-62  5141"
3412405	"WR  71"	"HD 143414"	240.95560636937	-62.69331711880001	"WR*"	10.1	"Gaia DR1 5829300038439099008"
3412405	"WR  71"	"HD 143414"	240.95560636937	-62.69331711880001	"WR*"	10.1	"Gaia DR2 5829299664809018880"
3412405	"WR  71"	"HD 143414"	240.95560636937	-62.69331711880001	"WR*"	10.1	"Gaia DR3 5829299664809018880"
3412405	"WR  71"	"HD 143414"	240.95560636937	-62.69331711880001	"WR*"	10.1	"GEN# +1.00143414"
3412405	"WR  71"	"HD 143414"	240.95560636937	-62.69331711880001	"WR*"	10.1	"GSC 09040-02669"
3412405	"WR  71"	"HD 143414"	240.95560636937	-62.69331711880001	"WR*"	10.1	"HD 143414"
3412405	"WR  71"	"HD 143414"	240.95560636937	-62.69331711880001	"WR*"	10.1	"Hen 3-1130"
3412405	"WR  71"	"HD 143414"	240.95560636937	-62.69331711880001	"WR*"	10.1	"HIC  78689"
3412405	"WR  71"	"HD 143414"	240.95560636937	-62.69331711880001	"WR*"	10.1	"HIP 78689"
3412405	"WR  71"	"HD 143414"	240.95560636937	-62.69331711880001	"WR*"	10.1	"MR  58"
3412405	"WR  71"	"HD 143414"	240.95560636937	-62.69331711880001	"WR*"	10.1	"NSV  7395"
3412405	"WR  71"	"HD 143414"	240.95560636937	-62.69331711880001	"WR*"	10.1	"PPM 361838"
3412405	"WR  71"	"HD 143414"	240.95560636937	-62.69331711880001	"WR*"	10.1	"SAO 253405"
3412405	"WR  71"	"HD 143414"	240.95560636937	-62.69331711880001	"WR*"	10.1	"SBC9 876"
3412405	"WR  71"	"HD 143414"	240.95560636937	-62.69331711880001	"WR*"	10.1	"TIC 343261104"
3412405	"WR  71"	"HD 143414"	240.95560636937	-62.69331711880001	"WR*"	10.1	"TYC 9040-2669-1"
3412405	"WR  71"	"HD 143414"	240.95560636937	-62.69331711880001	"WR*"	10.1	"UBV M  21086"
3412405	"WR  71"	"HD 143414"	240.95560636937	-62.69331711880001	"WR*"	10.1	"V* LT TrA"
3412405	"WR  71"	"HD 143414"	240.95560636937	-62.69331711880001	"WR*"	10.1	"WEB 13300"
3412405	"WR  71"	"HD 143414"	240.95560636937	-62.69331711880001	"WR*"	10.1	"WR  71"
3412405	"WR  71"	"HD 143414"	240.95560636937	-62.69331711880001	"WR*"	10.1	"WRAY 15-1409"
3424102	"WR  64"	"WR  64"	224.22997931275	-55.84959789589	"WR*"	15.08	"2MASS J14565519-5550585"
3424102	"WR  64"	"WR  64"	224.22997931275	-55.84959789589	"WR*"	15.08	"Gaia DR2 5881477813761075712"
3424102	"WR  64"	"WR  64"	224.22997931275	-55.84959789589	"WR*"	15.08	"Gaia DR3 5881477813761075712"
3424102	"WR  64"	"WR  64"	224.22997931275	-55.84959789589	"WR*"	15.08	"[S75] 3"
3424102	"WR  64"	"WR  64"	224.22997931275	-55.84959789589	"WR*"	15.08	"TIC 414529813"
3424102	"WR  64"	"WR  64"	224.22997931275	-55.84959789589	"WR*"	15.08	"WR  64"
3425820	"WR  70"	"HD 137603"	232.43621365209998	-58.58090279612	"WR*"	9.71	"2MASS J15294469-5834512"
3425820	"WR  70"	"HD 137603"	232.43621365209998	-58.58090279612	"WR*"	9.71	"ALS  3362"
3425820	"WR  70"	"HD 137603"	232.43621365209998	-58.58090279612	"WR*"	9.71	"CD-58  6049"
3425820	"WR  70"	"HD 137603"	232.43621365209998	-58.58090279612	"WR*"	9.71	"CPD-58  5962"
3425820	"WR  70"	"HD 137603"	232.43621365209998	-58.58090279612	"WR*"	9.71	"Gaia DR1 5882096593934492800"
3425820	"WR  70"	"HD 137603"	232.43621365209998	-58.58090279612	"WR*"	9.71	"Gaia DR2 5882096598319863936"
3425820	"WR  70"	"HD 137603"	232.43621365209998	-58.58090279612	"WR*"	9.71	"Gaia DR3 5882096598319863936"
3425820	"WR  70"	"HD 137603"	232.43621365209998	-58.58090279612	"WR*"	9.71	"GEN# +1.00137603"
3425820	"WR  70"	"HD 137603"	232.43621365209998	-58.58090279612	"WR*"	9.71	"GSC 08707-01249"
3425820	"WR  70"	"HD 137603"	232.43621365209998	-58.58090279612	"WR*"	9.71	"HD 137603"
3425820	"WR  70"	"HD 137603"	232.43621365209998	-58.58090279612	"WR*"	9.71	"Hen 3-1073"
3425820	"WR  70"	"HD 137603"	232.43621365209998	-58.58090279612	"WR*"	9.71	"HIC  75863"
3425820	"WR  70"	"HD 137603"	232.43621365209998	-58.58090279612	"WR*"	9.71	"HIP 75863"
3425820	"WR  70"	"HD 137603"	232.43621365209998	-58.58090279612	"WR*"	9.71	"HPD Cir  30"
3425820	"WR  70"	"HD 137603"	232.43621365209998	-58.58090279612	"WR*"	9.71	"IRAS 15257-5824"
3425820	"WR  70"	"HD 137603"	232.43621365209998	-58.58090279612	"WR*"	9.71	"[L64] 250"
3425820	"WR  70"	"HD 137603"	232.43621365209998	-58.58090279612	"WR*"	9.71	"LS 3362"
3425820	"WR  70"	"HD 137603"	232.43621365209998	-58.58090279612	"WR*"	9.71	"MR  57"
3425820	"WR  70"	"HD 137603"	232.43621365209998	-58.58090279612	"WR*"	9.71	"PPM 771961"
3425820	"WR  70"	"HD 137603"	232.43621365209998	-58.58090279612	"WR*"	9.71	"TIC 414264860"
3425820	"WR  70"	"HD 137603"	232.43621365209998	-58.58090279612	"WR*"	9.71	"TYC 8707-1249-1"
3425820	"WR  70"	"HD 137603"	232.43621365209998	-58.58090279612	"WR*"	9.71	"UBV M  20775"
3425820	"WR  70"	"HD 137603"	232.43621365209998	-58.58090279612	"WR*"	9.71	"UCAC2   6160575"
3425820	"WR  70"	"HD 137603"	232.43621365209998	-58.58090279612	"WR*"	9.71	"UCAC4 158-147456"
3425820	"WR  70"	"HD 137603"	232.43621365209998	-58.58090279612	"WR*"	9.71	"uvby98 100137603"
3425820	"WR  70"	"HD 137603"	232.43621365209998	-58.58090279612	"WR*"	9.71	"WR  70"
3425820	"WR  70"	"HD 137603"	232.43621365209998	-58.58090279612	"WR*"	9.71	"WRAY 15-1315"
3426347	"WR  68a"	"WR  68a"	230.81923691172003	-57.73882961791999	"WR*"		"2MASS J15231661-5744198"
3426347	"WR  68a"	"WR  68a"	230.81923691172003	-57.73882961791999	"WR*"		"DENIS J152316.6-574419"
3426347	"WR  68a"	"WR  68a"	230.81923691172003	-57.73882961791999	"WR*"		"Gaia DR2 5882956313277086336"
3426347	"WR  68a"	"WR  68a"	230.81923691172003	-57.73882961791999	"WR*"		"Gaia DR3 5882956313277086336"
3426347	"WR  68a"	"WR  68a"	230.81923691172003	-57.73882961791999	"WR*"		"SMSNPL 13"
3426347	"WR  68a"	"WR  68a"	230.81923691172003	-57.73882961791999	"WR*"		"SSTGLMC G322.1006-00.6322"
3426347	"WR  68a"	"WR  68a"	230.81923691172003	-57.73882961791999	"WR*"		"TIC 46817697"
3426347	"WR  68a"	"WR  68a"	230.81923691172003	-57.73882961791999	"WR*"		"UCAC4 162-140238"
3426347	"WR  68a"	"WR  68a"	230.81923691172003	-57.73882961791999	"WR*"		"WISE J152316.61-574419.7"
3426347	"WR  68a"	"WR  68a"	230.81923691172003	-57.73882961791999	"WR*"		"WR  68a"
3459687	"WR  70a"	"WR  70a"	239.85535784415998	-54.21187174622	"WR*"		"2MASS J15592528-5412427"
3459687	"WR  70a"	"WR  70a"	239.85535784415998	-54.21187174622	"WR*"		"Gaia DR2 5980784844951253376"
3459687	"WR  70a"	"WR  70a"	239.85535784415998	-54.21187174622	"WR*"		"Gaia DR3 5980784844951253376"
3459687	"WR  70a"	"WR  70a"	239.85535784415998	-54.21187174622	"WR*"		"SMSNPL 14"
3459687	"WR  70a"	"WR  70a"	239.85535784415998	-54.21187174622	"WR*"		"TIC 421567194"
3459687	"WR  70a"	"WR  70a"	239.85535784415998	-54.21187174622	"WR*"		"UCAC4 179-143297"
3459687	"WR  70a"	"WR  70a"	239.85535784415998	-54.21187174622	"WR*"		"WR  70a"
3476188	"WR  74"	"WR  74"	244.05747304386296	-51.61160725674861	"WR*"	14.01	"2MASS J16161381-5136417"
3476188	"WR  74"	"WR  74"	244.05747304386296	-51.61160725674861	"WR*"	14.01	"Gaia DR3 5934745299485840768"
3476188	"WR  74"	"WR  74"	244.05747304386296	-51.61160725674861	"WR*"	14.01	"SSTGLMC G331.8773-00.6352"
3476188	"WR  74"	"WR  74"	244.05747304386296	-51.61160725674861	"WR*"	14.01	"TIC 411017743"
3476188	"WR  74"	"WR  74"	244.05747304386296	-51.61160725674861	"WR*"	14.01	"WR  74"
3476566	"WR  75"	"HD 147419"	246.10928316126	-51.53501697615	"WR*"	10.5	"2MASS J16242623-5132060"
3476566	"WR  75"	"HD 147419"	246.10928316126	-51.53501697615	"WR*"	10.5	"ALS  3595"
3476566	"WR  75"	"HD 147419"	246.10928316126	-51.53501697615	"WR*"	10.5	"CD-51 10119"
3476566	"WR  75"	"HD 147419"	246.10928316126	-51.53501697615	"WR*"	10.5	"CPD-51  9469"
3476566	"WR  75"	"HD 147419"	246.10928316126	-51.53501697615	"WR*"	10.5	"Gaia DR1 5934037007839815296"
3476566	"WR  75"	"HD 147419"	246.10928316126	-51.53501697615	"WR*"	10.5	"Gaia DR2 5934037012236694272"
3476566	"WR  75"	"HD 147419"	246.10928316126	-51.53501697615	"WR*"	10.5	"Gaia DR3 5934037012236694272"
3476566	"WR  75"	"HD 147419"	246.10928316126	-51.53501697615	"WR*"	10.5	"GSC 08324-03694"
3476566	"WR  75"	"HD 147419"	246.10928316126	-51.53501697615	"WR*"	10.5	"HD 147419"
3476566	"WR  75"	"HD 147419"	246.10928316126	-51.53501697615	"WR*"	10.5	"Hen 3-1186"
3476566	"WR  75"	"HD 147419"	246.10928316126	-51.53501697615	"WR*"	10.5	"LS 3595"
3476566	"WR  75"	"HD 147419"	246.10928316126	-51.53501697615	"WR*"	10.5	"MR  60"
3476566	"WR  75"	"HD 147419"	246.10928316126	-51.53501697615	"WR*"	10.5	"TIC 1456691"
3476566	"WR  75"	"HD 147419"	246.10928316126	-51.53501697615	"WR*"	10.5	"TYC 8324-3694-1"
3476566	"WR  75"	"HD 147419"	246.10928316126	-51.53501697615	"WR*"	10.5	"UCAC2   9551804"
3476566	"WR  75"	"HD 147419"	246.10928316126	-51.53501697615	"WR*"	10.5	"UCAC4 193-134405"
3476566	"WR  75"	"HD 147419"	246.10928316126	-51.53501697615	"WR*"	10.5	"WR  75"
3476566	"WR  75"	"HD 147419"	246.10928316126	-51.53501697615	"WR*"	10.5	"WRAY 15-1471"
3493063	"WR  75ab"	"NAME PCG 11"	248.45306812235	-49.47889172947	"WR*"	15.15	"2MASS J16334874-4928439"
3493063	"WR  75ab"	"NAME PCG 11"	248.45306812235	-49.47889172947	"WR*"	15.15	"DENIS J163348.7-492843"
3493063	"WR  75ab"	"NAME PCG 11"	248.45306812235	-49.47889172947	"WR*"	15.15	"EM* VRMF   61"
3493063	"WR  75ab"	"NAME PCG 11"	248.45306812235	-49.47889172947	"WR*"	15.15	"Gaia DR2 5940491385980774528"
3493063	"WR  75ab"	"NAME PCG 11"	248.45306812235	-49.47889172947	"WR*"	15.15	"Gaia DR3 5940491385980774528"
3493063	"WR  75ab"	"NAME PCG 11"	248.45306812235	-49.47889172947	"WR*"	15.15	"NAME PCG 11"
3493063	"WR  75ab"	"NAME PCG 11"	248.45306812235	-49.47889172947	"WR*"	15.15	"PHR J1633-4928"
3493063	"WR  75ab"	"NAME PCG 11"	248.45306812235	-49.47889172947	"WR*"	15.15	"TIC 22351596"
3493063	"WR  75ab"	"NAME PCG 11"	248.45306812235	-49.47889172947	"WR*"	15.15	"UCAC2  10700592"
3493063	"WR  75ab"	"NAME PCG 11"	248.45306812235	-49.47889172947	"WR*"	15.15	"UCAC3 82-273889"
3493063	"WR  75ab"	"NAME PCG 11"	248.45306812235	-49.47889172947	"WR*"	15.15	"UCAC4 203-129951"
3493063	"WR  75ab"	"NAME PCG 11"	248.45306812235	-49.47889172947	"WR*"	15.15	"USNO-B1.0 0405-00535599"
3493063	"WR  75ab"	"NAME PCG 11"	248.45306812235	-49.47889172947	"WR*"	15.15	"WR  75ab"
3493382	"WR  75a"	"WRAY 15-1478"	246.65512564056	-50.32303567219001	"WR*"	14.5	"2MASS J16263723-5019228"
3493382	"WR  75a"	"WRAY 15-1478"	246.65512564056	-50.32303567219001	"WR*"	14.5	"Gaia DR2 5934577009808707200"
3493382	"WR  75a"	"WRAY 15-1478"	246.65512564056	-50.32303567219001	"WR*"	14.5	"Gaia DR3 5934577009808707200"
3493382	"WR  75a"	"WRAY 15-1478"	246.65512564056	-50.32303567219001	"WR*"	14.5	"SMSNPL 15"
3493382	"WR  75a"	"WRAY 15-1478"	246.65512564056	-50.32303567219001	"WR*"	14.5	"SSTGLMC G333.9456-00.8778"
3493382	"WR  75a"	"WRAY 15-1478"	246.65512564056	-50.32303567219001	"WR*"	14.5	"TIC 6621164"
3493382	"WR  75a"	"WRAY 15-1478"	246.65512564056	-50.32303567219001	"WR*"	14.5	"WR  75a"
3493382	"WR  75a"	"WRAY 15-1478"	246.65512564056	-50.32303567219001	"WR*"	14.5	"WRAY 15-1478"
3504922	"WR  73"	"WRAY 16-206"	243.15614039667	-46.62691044901	"WR*"	15.57	"2MASS J16123747-4637368"
3504922	"WR  73"	"WRAY 16-206"	243.15614039667	-46.62691044901	"WR*"	15.57	"AKARI-IRC-V1 J1612375-463736"
3504922	"WR  73"	"WRAY 16-206"	243.15614039667	-46.62691044901	"WR*"	15.57	"Gaia DR2 5990124062365822592"
3504922	"WR  73"	"WRAY 16-206"	243.15614039667	-46.62691044901	"WR*"	15.57	"Gaia DR3 5990124062365822592"
3504922	"WR  73"	"WRAY 16-206"	243.15614039667	-46.62691044901	"WR*"	15.57	"IRAS 16090-4629"
3504922	"WR  73"	"WRAY 16-206"	243.15614039667	-46.62691044901	"WR*"	15.57	"PK 334+03  1"
3504922	"WR  73"	"WRAY 16-206"	243.15614039667	-46.62691044901	"WR*"	15.57	"TIC 164346341"
3504922	"WR  73"	"WRAY 16-206"	243.15614039667	-46.62691044901	"WR*"	15.57	"WISEA J161237.45-463736.8"
3504922	"WR  73"	"WRAY 16-206"	243.15614039667	-46.62691044901	"WR*"	15.57	"WISE J161237.47-463736.9"
3504922	"WR  73"	"WRAY 16-206"	243.15614039667	-46.62691044901	"WR*"	15.57	"WR  73"
3504922	"WR  73"	"WRAY 16-206"	243.15614039667	-46.62691044901	"WR*"	15.57	"WRAY 16-206"
3506225	"WR  75aa"	"WR  75aa"	246.58397153561	-45.99603175891	"WR*"		"2MASS J16262015-4559457"
3506225	"WR  75aa"	"WR  75aa"	246.58397153561	-45.99603175891	"WR*"		"DENIS J162620.1-455945"
3506225	"WR  75aa"	"WR  75aa"	246.58397153561	-45.99603175891	"WR*"		"Gaia DR2 5942388180949371904"
3506225	"WR  75aa"	"WR  75aa"	246.58397153561	-45.99603175891	"WR*"		"Gaia DR3 5942388180949371904"
3506225	"WR  75aa"	"WR  75aa"	246.58397153561	-45.99603175891	"WR*"		"SHS J162620.2-455946"
3506225	"WR  75aa"	"WR  75aa"	246.58397153561	-45.99603175891	"WR*"		"SPH 146"
3506225	"WR  75aa"	"WR  75aa"	246.58397153561	-45.99603175891	"WR*"		"TIC 224356872"
3506225	"WR  75aa"	"WR  75aa"	246.58397153561	-45.99603175891	"WR*"		"UCAC4 221-115845"
3506225	"WR  75aa"	"WR  75aa"	246.58397153561	-45.99603175891	"WR*"		"WISE J162620.15-455945.6"
3506225	"WR  75aa"	"WR  75aa"	246.58397153561	-45.99603175891	"WR*"		"WR  75aa"
3506424	"WR  75b"	"EM* VRMF   36"	247.0718	-48.29466111111111	"WR*"	15.37	"EM* VRMF   36"
3506424	"WR  75b"	"EM* VRMF   36"	247.0718	-48.29466111111111	"WR*"	15.37	"SMSNPL 16"
3506424	"WR  75b"	"EM* VRMF   36"	247.0718	-48.29466111111111	"WR*"	15.37	"SPH 149"
3506424	"WR  75b"	"EM* VRMF   36"	247.0718	-48.29466111111111	"WR*"	15.37	"WR  75b"
3507736	"WR  75d"	"WR  75d"	248.57269267053	-46.14805047522	"WR*"		"2MASS J16341745-4608530"
3507736	"WR  75d"	"WR  75d"	248.57269267053	-46.14805047522	"WR*"		"Gaia DR2 5942909761801240576"
3507736	"WR  75d"	"WR  75d"	248.57269267053	-46.14805047522	"WR*"		"Gaia DR3 5942909761801240576"
3507736	"WR  75d"	"WR  75d"	248.57269267053	-46.14805047522	"WR*"		"SHS J163417.5-460852"
3507736	"WR  75d"	"WR  75d"	248.57269267053	-46.14805047522	"WR*"		"SSTGLMC G337.8571+01.0609"
3507736	"WR  75d"	"WR  75d"	248.57269267053	-46.14805047522	"WR*"		"TIC 228614481"
3507736	"WR  75d"	"WR  75d"	248.57269267053	-46.14805047522	"WR*"		"WR  75d"
3507942	"WR  77"	"MR  62"	250.33022697236999	-48.03308422355	"WR*"	12.58	"2MASS J16411926-4801591"
3507942	"WR  77"	"MR  62"	250.33022697236999	-48.03308422355	"WR*"	12.58	"ALS  3703"
3507942	"WR  77"	"MR  62"	250.33022697236999	-48.03308422355	"WR*"	12.58	"CSI-47-16376"
3507942	"WR  77"	"MR  62"	250.33022697236999	-48.03308422355	"WR*"	12.58	"CSI-47-16377"
3507942	"WR  77"	"MR  62"	250.33022697236999	-48.03308422355	"WR*"	12.58	"EM* VRMF  103"
3507942	"WR  77"	"MR  62"	250.33022697236999	-48.03308422355	"WR*"	12.58	"Gaia DR2 5941013958888446592"
3507942	"WR  77"	"MR  62"	250.33022697236999	-48.03308422355	"WR*"	12.58	"Gaia DR3 5941013958888446592"
3507942	"WR  77"	"MR  62"	250.33022697236999	-48.03308422355	"WR*"	12.58	"GSC 08330-04677"
3507942	"WR  77"	"MR  62"	250.33022697236999	-48.03308422355	"WR*"	12.58	"Hen 3-1239"
3507942	"WR  77"	"MR  62"	250.33022697236999	-48.03308422355	"WR*"	12.58	"LS 3703"
3507942	"WR  77"	"MR  62"	250.33022697236999	-48.03308422355	"WR*"	12.58	"MR  62"
3507942	"WR  77"	"MR  62"	250.33022697236999	-48.03308422355	"WR*"	12.58	"UCAC4 210-127846"
3507942	"WR  77"	"MR  62"	250.33022697236999	-48.03308422355	"WR*"	12.58	"[VDD70] Nor-Ara 21"
3507942	"WR  77"	"MR  62"	250.33022697236999	-48.03308422355	"WR*"	12.58	"WR  77"
3507942	"WR  77"	"MR  62"	250.33022697236999	-48.03308422355	"WR*"	12.58	"WRAY 15-1527"
3521169	"WR  75c"	"WR  75c"	248.51492881405994	-43.67356071714	"WR*"		"2MASS J16340358-4340248"
3521169	"WR  75c"	"WR  75c"	248.51492881405994	-43.67356071714	"WR*"		"DENIS J163403.5-434024"
3521169	"WR  75c"	"WR  75c"	248.51492881405994	-43.67356071714	"WR*"		"Gaia DR2 5944311432943167744"
3521169	"WR  75c"	"WR  75c"	248.51492881405994	-43.67356071714	"WR*"		"Gaia DR3 5944311432943167744"
3521169	"WR  75c"	"WR  75c"	248.51492881405994	-43.67356071714	"WR*"		"SHS J163403.6-434025"
3521169	"WR  75c"	"WR  75c"	248.51492881405994	-43.67356071714	"WR*"		"TIC 228539304"
3521169	"WR  75c"	"WR  75c"	248.51492881405994	-43.67356071714	"WR*"		"UCAC4 232-106917"
3521169	"WR  75c"	"WR  75c"	248.51492881405994	-43.67356071714	"WR*"		"WISE J163403.58-434024.8"
3521169	"WR  75c"	"WR  75c"	248.51492881405994	-43.67356071714	"WR*"		"WR  75c"
3521495	"WR  76"	"LS 3693"	250.02188595104	-45.68685355431	"WR*"	15.5	"2MASS J16400525-4541127"
3521495	"WR  76"	"LS 3693"	250.02188595104	-45.68685355431	"WR*"	15.5	"ALS  3693"
3521495	"WR  76"	"LS 3693"	250.02188595104	-45.68685355431	"WR*"	15.5	"CSI-45-16365"
3521495	"WR  76"	"LS 3693"	250.02188595104	-45.68685355431	"WR*"	15.5	"Gaia DR2 5942970269284633856"
3521495	"WR  76"	"LS 3693"	250.02188595104	-45.68685355431	"WR*"	15.5	"Gaia DR3 5942970269284633856"
3521495	"WR  76"	"LS 3693"	250.02188595104	-45.68685355431	"WR*"	15.5	"IRAS 16364-4535"
3521495	"WR  76"	"LS 3693"	250.02188595104	-45.68685355431	"WR*"	15.5	"LS 3693"
3521495	"WR  76"	"LS 3693"	250.02188595104	-45.68685355431	"WR*"	15.5	"SPH 152"
3521495	"WR  76"	"LS 3693"	250.02188595104	-45.68685355431	"WR*"	15.5	"TIC 232106785"
3521495	"WR  76"	"LS 3693"	250.02188595104	-45.68685355431	"WR*"	15.5	"UCAC2  12279476"
3521495	"WR  76"	"LS 3693"	250.02188595104	-45.68685355431	"WR*"	15.5	"UCAC4 222-120656"
3521495	"WR  76"	"LS 3693"	250.02188595104	-45.68685355431	"WR*"	15.5	"WR  76"
3522276	"WR  77sa"	"WR  77sa"	251.78175145389997	-45.8227968524	"WR*"		"2MASS J16470761-4549222"
3522276	"WR  77sa"	"WR  77sa"	251.78175145389997	-45.8227968524	"WR*"		"Cl* Westerlund    1     CN      W"
3522276	"WR  77sa"	"WR  77sa"	251.78175145389997	-45.8227968524	"WR*"		"Cl* Westerlund    1    GDT       3"
3522276	"WR  77sa"	"WR  77sa"	251.78175145389997	-45.8227968524	"WR*"		"[CMN2008] J164707.6-454922"
3522276	"WR  77sa"	"WR  77sa"	251.78175145389997	-45.8227968524	"WR*"		"Gaia DR2 5940199907954832768"
3522276	"WR  77sa"	"WR  77sa"	251.78175145389997	-45.8227968524	"WR*"		"Gaia DR3 5940199907954832768"
3522276	"WR  77sa"	"WR  77sa"	251.78175145389997	-45.8227968524	"WR*"		"SSTGLMC G339.5778-00.3937"
3522276	"WR  77sa"	"WR  77sa"	251.78175145389997	-45.8227968524	"WR*"		"[SSZ2006] 11"
3522276	"WR  77sa"	"WR  77sa"	251.78175145389997	-45.8227968524	"WR*"		"TIC 237056540"
3522276	"WR  77sa"	"WR  77sa"	251.78175145389997	-45.8227968524	"WR*"		"WR  77sa"
3522323	"WR  77sc"	"WR  77sc"	251.78480771732998	-45.84594853867	"WR*"	19.69	"2XMMi J164708.3-455045"
3522323	"WR  77sc"	"WR  77sc"	251.78480771732998	-45.84594853867	"WR*"	19.69	"[B2007] J164708.35-455045.3"
3522323	"WR  77sc"	"WR  77sc"	251.78480771732998	-45.84594853867	"WR*"	19.69	"Cl* Westerlund    1     CN      A"
3522323	"WR  77sc"	"WR  77sc"	251.78480771732998	-45.84594853867	"WR*"	19.69	"Cl* Westerlund    1      W      72"
3522323	"WR  77sc"	"WR  77sc"	251.78480771732998	-45.84594853867	"WR*"	19.69	"[CMN2008] J164708.3-455045"
3522323	"WR  77sc"	"WR  77sc"	251.78480771732998	-45.84594853867	"WR*"	19.69	"CXOU J164708.3-455045"
3522323	"WR  77sc"	"WR  77sc"	251.78480771732998	-45.84594853867	"WR*"	19.69	"Gaia DR2 5940106041452121472"
3522323	"WR  77sc"	"WR  77sc"	251.78480771732998	-45.84594853867	"WR*"	19.69	"Gaia DR3 5940106041452121472"
3522323	"WR  77sc"	"WR  77sc"	251.78480771732998	-45.84594853867	"WR*"	19.69	"[SSZ2006] 13"
3522323	"WR  77sc"	"WR  77sc"	251.78480771732998	-45.84594853867	"WR*"	19.69	"WR  77sc"
3522324	"WR  77m"	"Cl* Westerlund    1     CN      C"	251.76838577964338	-45.85100183448195	"WR*"		"Cl* Westerlund    1     CN      C"
3522324	"WR  77m"	"Cl* Westerlund    1     CN      C"	251.76838577964338	-45.85100183448195	"WR*"		"Gaia DR2 5940106007092374272"
3522324	"WR  77m"	"Cl* Westerlund    1     CN      C"	251.76838577964338	-45.85100183448195	"WR*"		"Gaia DR3 5940106007092374272"
3522324	"WR  77m"	"Cl* Westerlund    1     CN      C"	251.76838577964338	-45.85100183448195	"WR*"		"WR  77m"
3522325	"WR  77r"	"Cl* Westerlund    1     CN      D"	251.7760643564858	-45.85733090105834	"WR*"		"[B2007] J164706.28-455126.4"
3522325	"WR  77r"	"Cl* Westerlund    1     CN      D"	251.7760643564858	-45.85733090105834	"WR*"		"Cl* Westerlund    1     CN      D"
3522325	"WR  77r"	"Cl* Westerlund    1     CN      D"	251.7760643564858	-45.85733090105834	"WR*"		"[CMN2008] J164706.2-455126"
3522325	"WR  77r"	"Cl* Westerlund    1     CN      D"	251.7760643564858	-45.85733090105834	"WR*"		"Gaia DR3 5940106007092333056"
3522325	"WR  77r"	"Cl* Westerlund    1     CN      D"	251.7760643564858	-45.85733090105834	"WR*"		"[SSZ2006] 10"
3522325	"WR  77r"	"Cl* Westerlund    1     CN      D"	251.7760643564858	-45.85733090105834	"WR*"		"WR  77r"
3522326	"WR  77n"	"Cl* Westerlund    1     CN      F"	251.77171440829	-45.87360714586001	"WR*"	17.86	"[B2007] J164705.21-455224.8"
3522326	"WR  77n"	"Cl* Westerlund    1     CN      F"	251.77171440829	-45.87360714586001	"WR*"	17.86	"Cl* Westerlund    1     CN      F"
3522326	"WR  77n"	"Cl* Westerlund    1     CN      F"	251.77171440829	-45.87360714586001	"WR*"	17.86	"Cl* Westerlund    1      W     239"
3522326	"WR  77n"	"Cl* Westerlund    1     CN      F"	251.77171440829	-45.87360714586001	"WR*"	17.86	"[CMN2008] J164705.2-455224"
3522326	"WR  77n"	"Cl* Westerlund    1     CN      F"	251.77171440829	-45.87360714586001	"WR*"	17.86	"CXOU J164705.2-455224"
3522326	"WR  77n"	"Cl* Westerlund    1     CN      F"	251.77171440829	-45.87360714586001	"WR*"	17.86	"Gaia DR2 5940105904021494528"
3522326	"WR  77n"	"Cl* Westerlund    1     CN      F"	251.77171440829	-45.87360714586001	"WR*"	17.86	"Gaia DR3 5940105904021494528"
3522326	"WR  77n"	"Cl* Westerlund    1     CN      F"	251.77171440829	-45.87360714586001	"WR*"	17.86	"[SSZ2006]  6"
3522326	"WR  77n"	"Cl* Westerlund    1     CN      F"	251.77171440829	-45.87360714586001	"WR*"	17.86	"WR  77n"
3522327	"WR  77j"	"Cl* Westerlund    1     CN      G"	251.76673014442957	-45.85694993275778	"WR*"	20.87	"[B2007] J164704.03-455125.1"
3522327	"WR  77j"	"Cl* Westerlund    1     CN      G"	251.76673014442957	-45.85694993275778	"WR*"	20.87	"Cl* Westerlund    1     CN      G"
3522327	"WR  77j"	"Cl* Westerlund    1     CN      G"	251.76673014442957	-45.85694993275778	"WR*"	20.87	"Cl* Westerlund    1      W      39b"
3522327	"WR  77j"	"Cl* Westerlund    1     CN      G"	251.76673014442957	-45.85694993275778	"WR*"	20.87	"[CMN2008] J164704.0-455124"
3522327	"WR  77j"	"Cl* Westerlund    1     CN      G"	251.76673014442957	-45.85694993275778	"WR*"	20.87	"Gaia DR3 5940106007100722944"
3522327	"WR  77j"	"Cl* Westerlund    1     CN      G"	251.76673014442957	-45.85694993275778	"WR*"	20.87	"[SSZ2006]  3"
3522327	"WR  77j"	"Cl* Westerlund    1     CN      G"	251.76673014442957	-45.85694993275778	"WR*"	20.87	"WR  77j"
3522329	"WR  77e"	"Cl* Westerlund    1     CN      J"	251.7603066133729	-45.84997192652834	"WR*"		"Cl* Westerlund    1     CN      J"
3522329	"WR  77e"	"Cl* Westerlund    1     CN      J"	251.7603066133729	-45.84997192652834	"WR*"		"Gaia DR3 5940106763006638080"
3522329	"WR  77e"	"Cl* Westerlund    1     CN      J"	251.7603066133729	-45.84997192652834	"WR*"		"WR  77e"
3522330	"WR  77c"	"Cl* Westerlund    1     CN      I"	251.75367505667	-45.85569943830999	"WR*"		"2MASS J16470088-4551206"
3522330	"WR  77c"	"Cl* Westerlund    1     CN      I"	251.75367505667	-45.85569943830999	"WR*"		"[B2007] J164700.88-455120.4"
3522330	"WR  77c"	"Cl* Westerlund    1     CN      I"	251.75367505667	-45.85569943830999	"WR*"		"Cl* Westerlund    1     CN      I"
3522330	"WR  77c"	"Cl* Westerlund    1     CN      I"	251.75367505667	-45.85569943830999	"WR*"		"Gaia DR2 5940106655630578560"
3522330	"WR  77c"	"Cl* Westerlund    1     CN      I"	251.75367505667	-45.85569943830999	"WR*"		"Gaia DR3 5940106655630578560"
3522330	"WR  77c"	"Cl* Westerlund    1     CN      I"	251.75367505667	-45.85569943830999	"WR*"		"TIC 237054216"
3522330	"WR  77c"	"Cl* Westerlund    1     CN      I"	251.75367505667	-45.85569943830999	"WR*"		"WR  77c"
3522331	"WR  77g"	"WR  77g"	251.76312500000003	-45.8455	"WR*"	19.0	"2MASS J16470315-4550438"
3522331	"WR  77g"	"WR  77g"	251.76312500000003	-45.8455	"WR*"	19.0	"Cl* Westerlund    1     CN      K"
3522331	"WR  77g"	"WR  77g"	251.76312500000003	-45.8455	"WR*"	19.0	"[CMN2008] J164703.0-455043"
3522331	"WR  77g"	"WR  77g"	251.76312500000003	-45.8455	"WR*"	19.0	"[SSZ2006]  2"
3522331	"WR  77g"	"WR  77g"	251.76312500000003	-45.8455	"WR*"	19.0	"TIC 237053692"
3522331	"WR  77g"	"WR  77g"	251.76312500000003	-45.8455	"WR*"	19.0	"WR  77g"
3522384	"WR  77f"	"WR  77f"	251.76240539831	-45.83880937071	"WR*"	17.792	"2MASS J16470298-4550199"
3522384	"WR  77f"	"WR  77f"	251.76240539831	-45.83880937071	"WR*"	17.792	"ALS 20149"
3522384	"WR  77f"	"WR  77f"	251.76240539831	-45.83880937071	"WR*"	17.792	"[B2007] J164702.96-455019.7"
3522384	"WR  77f"	"WR  77f"	251.76240539831	-45.83880937071	"WR*"	17.792	"Cl* Westerlund    1     CN      S"
3522384	"WR  77f"	"WR  77f"	251.76240539831	-45.83880937071	"WR*"	17.792	"Cl* Westerlund    1      W       5"
3522384	"WR  77f"	"WR  77f"	251.76240539831	-45.83880937071	"WR*"	17.792	"Gaia DR2 5940106797374726784"
3522384	"WR  77f"	"WR  77f"	251.76240539831	-45.83880937071	"WR*"	17.792	"Gaia DR3 5940106797374726784"
3522384	"WR  77f"	"WR  77f"	251.76240539831	-45.83880937071	"WR*"	17.792	"WR  77f"
3522407	"WR  77k"	"WR  77k"	251.76753005120997	-45.85199382246999	"WR*"	18.86	"[B2007] J164704.21-455107.1"
3522407	"WR  77k"	"WR  77k"	251.76753005120997	-45.85199382246999	"WR*"	18.86	"Cl* Westerlund    1     CN      L"
3522407	"WR  77k"	"WR  77k"	251.76753005120997	-45.85199382246999	"WR*"	18.86	"Cl* Westerlund    1      W      44"
3522407	"WR  77k"	"WR  77k"	251.76753005120997	-45.85199382246999	"WR*"	18.86	"[CMN2008] J164704.1-455107"
3522407	"WR  77k"	"WR  77k"	251.76753005120997	-45.85199382246999	"WR*"	18.86	"CXOU J164704.1-455107"
3522407	"WR  77k"	"WR  77k"	251.76753005120997	-45.85199382246999	"WR*"	18.86	"Gaia DR2 5940106002789011456"
3522407	"WR  77k"	"WR  77k"	251.76753005120997	-45.85199382246999	"WR*"	18.86	"Gaia DR3 5940106007092369152"
3522407	"WR  77k"	"WR  77k"	251.76753005120997	-45.85199382246999	"WR*"	18.86	"[SSZ2006]  5"
3522407	"WR  77k"	"WR  77k"	251.76753005120997	-45.85199382246999	"WR*"	18.86	"WR  77k"
3522414	"WR  77i"	"WR  77i"	251.76651172102999	-45.86046446282	"WR*"	19.79	"2MASS J16470396-4551377"
3522414	"WR  77i"	"WR  77i"	251.76651172102999	-45.86046446282	"WR*"	19.79	"[B2007] J164703.96-455137.6"
3522414	"WR  77i"	"WR  77i"	251.76651172102999	-45.86046446282	"WR*"	19.79	"Cl* Westerlund    1     CN      M"
3522414	"WR  77i"	"WR  77i"	251.76651172102999	-45.86046446282	"WR*"	19.79	"Cl* Westerlund    1      W      66"
3522414	"WR  77i"	"WR  77i"	251.76651172102999	-45.86046446282	"WR*"	19.79	"Gaia DR2 5940106007100719872"
3522414	"WR  77i"	"WR  77i"	251.76651172102999	-45.86046446282	"WR*"	19.79	"Gaia DR3 5940106007100719872"
3522414	"WR  77i"	"WR  77i"	251.76651172102999	-45.86046446282	"WR*"	19.79	"TIC 237050440"
3522414	"WR  77i"	"WR  77i"	251.76651172102999	-45.86046446282	"WR*"	19.79	"WR  77i"
3522418	"WR  77p"	"Cl* Westerlund    1     CN      E"	251.77527796255998	-45.868962847	"WR*"	18.379	"[B2007] J164706.07-455208.3"
3522418	"WR  77p"	"Cl* Westerlund    1     CN      E"	251.77527796255998	-45.868962847	"WR*"	18.379	"Cl* Westerlund    1     CN      E"
3522418	"WR  77p"	"Cl* Westerlund    1     CN      E"	251.77527796255998	-45.868962847	"WR*"	18.379	"Cl* Westerlund    1      W     241"
3522418	"WR  77p"	"Cl* Westerlund    1     CN      E"	251.77527796255998	-45.868962847	"WR*"	18.379	"[CMN2008] J164705.9-455208"
3522418	"WR  77p"	"Cl* Westerlund    1     CN      E"	251.77527796255998	-45.868962847	"WR*"	18.379	"Gaia DR2 5940105899709768192"
3522418	"WR  77p"	"Cl* Westerlund    1     CN      E"	251.77527796255998	-45.868962847	"WR*"	18.379	"Gaia DR3 5940105899709768192"
3522418	"WR  77p"	"Cl* Westerlund    1     CN      E"	251.77527796255998	-45.868962847	"WR*"	18.379	"GSC2 S230311350263"
3522418	"WR  77p"	"Cl* Westerlund    1     CN      E"	251.77527796255998	-45.868962847	"WR*"	18.379	"[SSZ2006]  8"
3522418	"WR  77p"	"Cl* Westerlund    1     CN      E"	251.77527796255998	-45.868962847	"WR*"	18.379	"WR  77p"
3522420	"WR  77d"	"WR  77d"	251.75665690079165	-45.86256792982974	"WR*"		"Cl* Westerlund    1     CN      P"
3522420	"WR  77d"	"WR  77d"	251.75665690079165	-45.86256792982974	"WR*"		"Cl* Westerlund    1      W      57c"
3522420	"WR  77d"	"WR  77d"	251.75665690079165	-45.86256792982974	"WR*"		"Gaia DR2 5940106659927357696"
3522420	"WR  77d"	"WR  77d"	251.75665690079165	-45.86256792982974	"WR*"		"Gaia DR3 5940106659927357696"
3522420	"WR  77d"	"WR  77d"	251.75665690079165	-45.86256792982974	"WR*"		"WR  77d"
3522422	"WR  77q"	"Cl* Westerlund    1     CN      R"	251.77488613785084	-45.839742359874165	"WR*"		"2MASS J16470601-4550234"
3522422	"WR  77q"	"Cl* Westerlund    1     CN      R"	251.77488613785084	-45.839742359874165	"WR*"		"ALS 20156"
3522422	"WR  77q"	"Cl* Westerlund    1     CN      R"	251.77488613785084	-45.839742359874165	"WR*"		"[B2007] J164706.10-455022.4"
3522422	"WR  77q"	"Cl* Westerlund    1     CN      R"	251.77488613785084	-45.839742359874165	"WR*"		"Cl* Westerlund    1     CN      R"
3522422	"WR  77q"	"Cl* Westerlund    1     CN      R"	251.77488613785084	-45.839742359874165	"WR*"		"Cl* Westerlund    1      W      14"
3522422	"WR  77q"	"Cl* Westerlund    1     CN      R"	251.77488613785084	-45.839742359874165	"WR*"		"Cl* Westerlund    1      W      14a"
3522422	"WR  77q"	"Cl* Westerlund    1     CN      R"	251.77488613785084	-45.839742359874165	"WR*"		"Cl* Westerlund    1      W      14c"
3522422	"WR  77q"	"Cl* Westerlund    1     CN      R"	251.77488613785084	-45.839742359874165	"WR*"		"[CMN2008] J164706.0-455022"
3522422	"WR  77q"	"Cl* Westerlund    1     CN      R"	251.77488613785084	-45.839742359874165	"WR*"		"Gaia DR3 5940106041452163840"
3522422	"WR  77q"	"Cl* Westerlund    1     CN      R"	251.77488613785084	-45.839742359874165	"WR*"		"[SSZ2006]  9"
3522422	"WR  77q"	"Cl* Westerlund    1     CN      R"	251.77488613785084	-45.839742359874165	"WR*"		"TIC 237052635"
3522422	"WR  77q"	"Cl* Westerlund    1     CN      R"	251.77488613785084	-45.839742359874165	"WR*"		"WR  77q"
3522491	"WR  77aa"	"WR  77aa"	251.69285281047996	-45.79951690902	"WR*"		"2MASS J16464628-4547582"
3522491	"WR  77aa"	"WR  77aa"	251.69285281047996	-45.79951690902	"WR*"		"[B2007] J164646.30-454758.2"
3522491	"WR  77aa"	"WR  77aa"	251.69285281047996	-45.79951690902	"WR*"		"Cl* Westerlund    1     CN      T"
3522491	"WR  77aa"	"WR  77aa"	251.69285281047996	-45.79951690902	"WR*"		"Gaia DR2 5940107106612387968"
3522491	"WR  77aa"	"WR  77aa"	251.69285281047996	-45.79951690902	"WR*"		"Gaia DR3 5940107106612387968"
3522491	"WR  77aa"	"WR  77aa"	251.69285281047996	-45.79951690902	"WR*"		"SHS J164646.3-454758"
3522491	"WR  77aa"	"WR  77aa"	251.69285281047996	-45.79951690902	"WR*"		"SSTGLMC G339.5554-00.3314"
3522491	"WR  77aa"	"WR  77aa"	251.69285281047996	-45.79951690902	"WR*"		"TIC 236509479"
3522491	"WR  77aa"	"WR  77aa"	251.69285281047996	-45.79951690902	"WR*"		"WR  77aa"
3522495	"WR  77o"	"Cl* Westerlund    1     CN      B"	251.77238232735837	-45.85133658482472	"WR*"	20.99	"[B2007] J164705.37-455104.7"
3522495	"WR  77o"	"Cl* Westerlund    1     CN      B"	251.77238232735837	-45.85133658482472	"WR*"	20.99	"Cl* Westerlund    1     CN      B"
3522495	"WR  77o"	"Cl* Westerlund    1     CN      B"	251.77238232735837	-45.85133658482472	"WR*"	20.99	"[CMN2008] J164705.3-455104"
3522495	"WR  77o"	"Cl* Westerlund    1     CN      B"	251.77238232735837	-45.85133658482472	"WR*"	20.99	"CXOU J164705.3-455104"
3522495	"WR  77o"	"Cl* Westerlund    1     CN      B"	251.77238232735837	-45.85133658482472	"WR*"	20.99	"Gaia DR2 5940106007100727936"
3522495	"WR  77o"	"Cl* Westerlund    1     CN      B"	251.77238232735837	-45.85133658482472	"WR*"	20.99	"Gaia DR3 5940106007100727936"
3522495	"WR  77o"	"Cl* Westerlund    1     CN      B"	251.77238232735837	-45.85133658482472	"WR*"	20.99	"[SSZ2006]  7"
3522495	"WR  77o"	"Cl* Westerlund    1     CN      B"	251.77238232735837	-45.85133658482472	"WR*"	20.99	"WR  77o"
3522772	"WR  79b"	"HD 152386"	253.77687476003	-44.98926799221	"WR*"	8.13	"2MASS J16550644-4459213"
3522772	"WR  79b"	"HD 152386"	253.77687476003	-44.98926799221	"WR*"	8.13	"ALS  3825"
3522772	"WR  79b"	"HD 152386"	253.77687476003	-44.98926799221	"WR*"	8.13	"CD-44 11266"
3522772	"WR  79b"	"HD 152386"	253.77687476003	-44.98926799221	"WR*"	8.13	"CGO 423"
3522772	"WR  79b"	"HD 152386"	253.77687476003	-44.98926799221	"WR*"	8.13	"CPC  0 15529"
3522772	"WR  79b"	"HD 152386"	253.77687476003	-44.98926799221	"WR*"	8.13	"CPD-44  8104"
3522772	"WR  79b"	"HD 152386"	253.77687476003	-44.98926799221	"WR*"	8.13	"Gaia DR2 5964124353254695936"
3522772	"WR  79b"	"HD 152386"	253.77687476003	-44.98926799221	"WR*"	8.13	"Gaia DR3 5964124353254695936"
3522772	"WR  79b"	"HD 152386"	253.77687476003	-44.98926799221	"WR*"	8.13	"GC 22769"
3522772	"WR  79b"	"HD 152386"	253.77687476003	-44.98926799221	"WR*"	8.13	"GCRV  9724"
3522772	"WR  79b"	"HD 152386"	253.77687476003	-44.98926799221	"WR*"	8.13	"GEN# +1.00152386"
3522772	"WR  79b"	"HD 152386"	253.77687476003	-44.98926799221	"WR*"	8.13	"GOS G341.11-00.94 01"
3522772	"WR  79b"	"HD 152386"	253.77687476003	-44.98926799221	"WR*"	8.13	"GSC 07880-00313"
3522772	"WR  79b"	"HD 152386"	253.77687476003	-44.98926799221	"WR*"	8.13	"Hbg 1240"
3522772	"WR  79b"	"HD 152386"	253.77687476003	-44.98926799221	"WR*"	8.13	"HD 152386"
3522772	"WR  79b"	"HD 152386"	253.77687476003	-44.98926799221	"WR*"	8.13	"Hen 3-1278"
3522772	"WR  79b"	"HD 152386"	253.77687476003	-44.98926799221	"WR*"	8.13	"LS 3825"
3522772	"WR  79b"	"HD 152386"	253.77687476003	-44.98926799221	"WR*"	8.13	"NSV  8032"
3522772	"WR  79b"	"HD 152386"	253.77687476003	-44.98926799221	"WR*"	8.13	"PPM 322401"
3522772	"WR  79b"	"HD 152386"	253.77687476003	-44.98926799221	"WR*"	8.13	"SAO 227426"
3522772	"WR  79b"	"HD 152386"	253.77687476003	-44.98926799221	"WR*"	8.13	"SSTGLMC G341.1133-00.9408"
3522772	"WR  79b"	"HD 152386"	253.77687476003	-44.98926799221	"WR*"	8.13	"SSTGLMC G341.1134-00.9408"
3522772	"WR  79b"	"HD 152386"	253.77687476003	-44.98926799221	"WR*"	8.13	"TD1 19662"
3522772	"WR  79b"	"HD 152386"	253.77687476003	-44.98926799221	"WR*"	8.13	"TIC 247347473"
3522772	"WR  79b"	"HD 152386"	253.77687476003	-44.98926799221	"WR*"	8.13	"TYC 7880-313-1"
3522772	"WR  79b"	"HD 152386"	253.77687476003	-44.98926799221	"WR*"	8.13	"UBV M  21757"
3522772	"WR  79b"	"HD 152386"	253.77687476003	-44.98926799221	"WR*"	8.13	"UCAC4 226-128246"
3522772	"WR  79b"	"HD 152386"	253.77687476003	-44.98926799221	"WR*"	8.13	"uvby98 100152386"
3522772	"WR  79b"	"HD 152386"	253.77687476003	-44.98926799221	"WR*"	8.13	"WDS J16551-4459AB"
3522772	"WR  79b"	"HD 152386"	253.77687476003	-44.98926799221	"WR*"	8.13	"WEB 13995"
3522772	"WR  79b"	"HD 152386"	253.77687476003	-44.98926799221	"WR*"	8.13	"WR  79b"
3522894	"WR  80"	"WRAY 15-1581"	254.75912192114998	-45.719448476329994	"WR*"	14.49	"2MASS J16590219-4543100"
3522894	"WR  80"	"WRAY 15-1581"	254.75912192114998	-45.719448476329994	"WR*"	14.49	"ALS  3871"
3522894	"WR  80"	"WRAY 15-1581"	254.75912192114998	-45.719448476329994	"WR*"	14.49	"CSI-45-16554"
3522894	"WR  80"	"WRAY 15-1581"	254.75912192114998	-45.719448476329994	"WR*"	14.49	"DENIS J165902.2-454310"
3522894	"WR  80"	"WRAY 15-1581"	254.75912192114998	-45.719448476329994	"WR*"	14.49	"Gaia DR2 5964033098110548736"
3522894	"WR  80"	"WRAY 15-1581"	254.75912192114998	-45.719448476329994	"WR*"	14.49	"Gaia DR3 5964033098110548736"
3522894	"WR  80"	"WRAY 15-1581"	254.75912192114998	-45.719448476329994	"WR*"	14.49	"IRAS 16553-4538"
3522894	"WR  80"	"WRAY 15-1581"	254.75912192114998	-45.719448476329994	"WR*"	14.49	"LS 3871"
3522894	"WR  80"	"WRAY 15-1581"	254.75912192114998	-45.719448476329994	"WR*"	14.49	"TIC 121341557"
3522894	"WR  80"	"WRAY 15-1581"	254.75912192114998	-45.719448476329994	"WR*"	14.49	"UCAC2  12284870"
3522894	"WR  80"	"WRAY 15-1581"	254.75912192114998	-45.719448476329994	"WR*"	14.49	"UCAC4 222-125394"
3522894	"WR  80"	"WRAY 15-1581"	254.75912192114998	-45.719448476329994	"WR*"	14.49	"WR  80"
3522894	"WR  80"	"WRAY 15-1581"	254.75912192114998	-45.719448476329994	"WR*"	14.49	"WRAY 15-1581"
3523644	"WR  77b"	"Cl* Westerlund    1     CN      N"	251.74964655061	-45.92379748396	"WR*"		"2MASS J16465989-4555255"
3523644	"WR  77b"	"Cl* Westerlund    1     CN      N"	251.74964655061	-45.92379748396	"WR*"		"Cl* Westerlund    1     CN      N"
3523644	"WR  77b"	"Cl* Westerlund    1     CN      N"	251.74964655061	-45.92379748396	"WR*"		"[CMN2008] J164659.8-455525"
3523644	"WR  77b"	"Cl* Westerlund    1     CN      N"	251.74964655061	-45.92379748396	"WR*"		"Gaia DR3 5940105354265570688"
3523644	"WR  77b"	"Cl* Westerlund    1     CN      N"	251.74964655061	-45.92379748396	"WR*"		"SSTGLMC G339.4864-00.4420"
3523644	"WR  77b"	"Cl* Westerlund    1     CN      N"	251.74964655061	-45.92379748396	"WR*"		"[SSZ2006]  1"
3523644	"WR  77b"	"Cl* Westerlund    1     CN      N"	251.74964655061	-45.92379748396	"WR*"		"TIC 237062776"
3523644	"WR  77b"	"Cl* Westerlund    1     CN      N"	251.74964655061	-45.92379748396	"WR*"		"USNO-B1.0 0440-00523445"
3523644	"WR  77b"	"Cl* Westerlund    1     CN      N"	251.74964655061	-45.92379748396	"WR*"		"WR  77b"
3523645	"WR  77sb"	"Cl* Westerlund    1     CN      O"	251.78192951061993	-45.87665689807	"WR*"		"2MASS J16470763-4552352"
3523645	"WR  77sb"	"Cl* Westerlund    1     CN      O"	251.78192951061993	-45.87665689807	"WR*"		"[B2007] J164707.68-455235.6"
3523645	"WR  77sb"	"Cl* Westerlund    1     CN      O"	251.78192951061993	-45.87665689807	"WR*"		"Cl* Westerlund    1     CN      O"
3523645	"WR  77sb"	"Cl* Westerlund    1     CN      O"	251.78192951061993	-45.87665689807	"WR*"		"[CMN2008] J164707.6-455235"
3523645	"WR  77sb"	"Cl* Westerlund    1     CN      O"	251.78192951061993	-45.87665689807	"WR*"		"Gaia DR2 5940105830996862208"
3523645	"WR  77sb"	"Cl* Westerlund    1     CN      O"	251.78192951061993	-45.87665689807	"WR*"		"Gaia DR3 5940105830996862208"
3523645	"WR  77sb"	"Cl* Westerlund    1     CN      O"	251.78192951061993	-45.87665689807	"WR*"		"[SSZ2006] 12"
3523645	"WR  77sb"	"Cl* Westerlund    1     CN      O"	251.78192951061993	-45.87665689807	"WR*"		"TIC 237065818"
3523645	"WR  77sb"	"Cl* Westerlund    1     CN      O"	251.78192951061993	-45.87665689807	"WR*"		"WR  77sb"
3523994	"WR  82"	"WRAY 15-1600"	256.01931170529	-45.20418254849	"WR*"	11.55	"2MASS J17040463-4512151"
3523994	"WR  82"	"WRAY 15-1600"	256.01931170529	-45.20418254849	"WR*"	11.55	"ALS  3896"
3523994	"WR  82"	"WRAY 15-1600"	256.01931170529	-45.20418254849	"WR*"	11.55	"CSI-45-17004"
3523994	"WR  82"	"WRAY 15-1600"	256.01931170529	-45.20418254849	"WR*"	11.55	"Gaia DR1 5963639571706070400"
3523994	"WR  82"	"WRAY 15-1600"	256.01931170529	-45.20418254849	"WR*"	11.55	"Gaia DR2 5963639571706070400"
3523994	"WR  82"	"WRAY 15-1600"	256.01931170529	-45.20418254849	"WR*"	11.55	"Gaia DR3 5963639571706070400"
3523994	"WR  82"	"WRAY 15-1600"	256.01931170529	-45.20418254849	"WR*"	11.55	"GSC 08328-01231"
3523994	"WR  82"	"WRAY 15-1600"	256.01931170529	-45.20418254849	"WR*"	11.55	"Hen 3-1318"
3523994	"WR  82"	"WRAY 15-1600"	256.01931170529	-45.20418254849	"WR*"	11.55	"LS 3896"
3523994	"WR  82"	"WRAY 15-1600"	256.01931170529	-45.20418254849	"WR*"	11.55	"LSWR 11"
3523994	"WR  82"	"WRAY 15-1600"	256.01931170529	-45.20418254849	"WR*"	11.55	"TIC 124268162"
3523994	"WR  82"	"WRAY 15-1600"	256.01931170529	-45.20418254849	"WR*"	11.55	"TYC 8328-1231-1"
3523994	"WR  82"	"WRAY 15-1600"	256.01931170529	-45.20418254849	"WR*"	11.55	"UCAC4 224-127634"
3523994	"WR  82"	"WRAY 15-1600"	256.01931170529	-45.20418254849	"WR*"	11.55	"WR  82"
3523994	"WR  82"	"WRAY 15-1600"	256.01931170529	-45.20418254849	"WR*"	11.55	"WRAY 15-1600"
3523995	"WR  81"	"MR  66"	255.66826089687999	-45.98762589919	"WR*"	12.07	"2MASS J17024037-4559154"
3523995	"WR  81"	"MR  66"	255.66826089687999	-45.98762589919	"WR*"	12.07	"ALS  3891"
3523995	"WR  81"	"MR  66"	255.66826089687999	-45.98762589919	"WR*"	12.07	"CSI-45-16590"
3523995	"WR  81"	"MR  66"	255.66826089687999	-45.98762589919	"WR*"	12.07	"Gaia DR2 5963218085100054656"
3523995	"WR  81"	"MR  66"	255.66826089687999	-45.98762589919	"WR*"	12.07	"Gaia DR3 5963218085100054656"
3523995	"WR  81"	"MR  66"	255.66826089687999	-45.98762589919	"WR*"	12.07	"GSC 08327-00141"
3523995	"WR  81"	"MR  66"	255.66826089687999	-45.98762589919	"WR*"	12.07	"Hen 3-1316"
3523995	"WR  81"	"MR  66"	255.66826089687999	-45.98762589919	"WR*"	12.07	"LS 3891"
3523995	"WR  81"	"MR  66"	255.66826089687999	-45.98762589919	"WR*"	12.07	"MR  66"
3523995	"WR  81"	"MR  66"	255.66826089687999	-45.98762589919	"WR*"	12.07	"TIC 123611150"
3523995	"WR  81"	"MR  66"	255.66826089687999	-45.98762589919	"WR*"	12.07	"UCAC4 221-128895"
3523995	"WR  81"	"MR  66"	255.66826089687999	-45.98762589919	"WR*"	12.07	"WR  81"
3523995	"WR  81"	"MR  66"	255.66826089687999	-45.98762589919	"WR*"	12.07	"WRAY 15-1597"
3524268	"WR  83"	"MR  67"	257.72761445155	-46.60016038931	"WR*"	12.5	"2MASS J17105462-4636005"
3524268	"WR  83"	"MR  67"	257.72761445155	-46.60016038931	"WR*"	12.5	"ALS  3948"
3524268	"WR  83"	"MR  67"	257.72761445155	-46.60016038931	"WR*"	12.5	"CSI-46-17072"
3524268	"WR  83"	"MR  67"	257.72761445155	-46.60016038931	"WR*"	12.5	"Gaia DR2 5951318036426102656"
3524268	"WR  83"	"MR  67"	257.72761445155	-46.60016038931	"WR*"	12.5	"Gaia DR3 5951318036426102656"
3524268	"WR  83"	"MR  67"	257.72761445155	-46.60016038931	"WR*"	12.5	"Hen 3-1344"
3524268	"WR  83"	"MR  67"	257.72761445155	-46.60016038931	"WR*"	12.5	"LS 3948"
3524268	"WR  83"	"MR  67"	257.72761445155	-46.60016038931	"WR*"	12.5	"MR  67"
3524268	"WR  83"	"MR  67"	257.72761445155	-46.60016038931	"WR*"	12.5	"TIC 382130049"
3524268	"WR  83"	"MR  67"	257.72761445155	-46.60016038931	"WR*"	12.5	"UCAC2  11841767"
3524268	"WR  83"	"MR  67"	257.72761445155	-46.60016038931	"WR*"	12.5	"UCAC4 217-136031"
3524268	"WR  83"	"MR  67"	257.72761445155	-46.60016038931	"WR*"	12.5	"WR  83"
3524268	"WR  83"	"MR  67"	257.72761445155	-46.60016038931	"WR*"	12.5	"WRAY 15-1630"
3525161	"WR  90"	"HD 156385"	259.87458850849	-45.63996507488	"WR*"	6.92	"2MASS J17192989-4538238"
3525161	"WR  90"	"HD 156385"	259.87458850849	-45.63996507488	"WR*"	6.92	"AAVSO 1712-45"
3525161	"WR  90"	"HD 156385"	259.87458850849	-45.63996507488	"WR*"	6.92	"ALS  4066"
3525161	"WR  90"	"HD 156385"	259.87458850849	-45.63996507488	"WR*"	6.92	"CD-45 11392"
3525161	"WR  90"	"HD 156385"	259.87458850849	-45.63996507488	"WR*"	6.92	"CEL   4503"
3525161	"WR  90"	"HD 156385"	259.87458850849	-45.63996507488	"WR*"	6.92	"CPC  0 16007"
3525161	"WR  90"	"HD 156385"	259.87458850849	-45.63996507488	"WR*"	6.92	"CPD-45  8462"
3525161	"WR  90"	"HD 156385"	259.87458850849	-45.63996507488	"WR*"	6.92	"Gaia DR2 5952743072247166464"
3525161	"WR  90"	"HD 156385"	259.87458850849	-45.63996507488	"WR*"	6.92	"Gaia DR3 5952743072247166464"
3525161	"WR  90"	"HD 156385"	259.87458850849	-45.63996507488	"WR*"	6.92	"GC 23368"
3525161	"WR  90"	"HD 156385"	259.87458850849	-45.63996507488	"WR*"	6.92	"GEN# +1.00156385"
3525161	"WR  90"	"HD 156385"	259.87458850849	-45.63996507488	"WR*"	6.92	"GSC 08341-00321"
3525161	"WR  90"	"HD 156385"	259.87458850849	-45.63996507488	"WR*"	6.92	"HD 156385"
3525161	"WR  90"	"HD 156385"	259.87458850849	-45.63996507488	"WR*"	6.92	"Hen 3-1373"
3525161	"WR  90"	"HD 156385"	259.87458850849	-45.63996507488	"WR*"	6.92	"HIC  84757"
3525161	"WR  90"	"HD 156385"	259.87458850849	-45.63996507488	"WR*"	6.92	"HIP 84757"
3525161	"WR  90"	"HD 156385"	259.87458850849	-45.63996507488	"WR*"	6.92	"IRAS 17158-4535"
3525161	"WR  90"	"HD 156385"	259.87458850849	-45.63996507488	"WR*"	6.92	"LS 4066"
3525161	"WR  90"	"HD 156385"	259.87458850849	-45.63996507488	"WR*"	6.92	"MR  69"
3525161	"WR  90"	"HD 156385"	259.87458850849	-45.63996507488	"WR*"	6.92	"PPM 322813"
3525161	"WR  90"	"HD 156385"	259.87458850849	-45.63996507488	"WR*"	6.92	"SAO 227822"
3525161	"WR  90"	"HD 156385"	259.87458850849	-45.63996507488	"WR*"	6.92	"[SC95] ZET 368"
3525161	"WR  90"	"HD 156385"	259.87458850849	-45.63996507488	"WR*"	6.92	"[SC96] Mis  388"
3525161	"WR  90"	"HD 156385"	259.87458850849	-45.63996507488	"WR*"	6.92	"SKY# 31241"
3525161	"WR  90"	"HD 156385"	259.87458850849	-45.63996507488	"WR*"	6.92	"TD1 20205"
3525161	"WR  90"	"HD 156385"	259.87458850849	-45.63996507488	"WR*"	6.92	"TIC 217148592"
3525161	"WR  90"	"HD 156385"	259.87458850849	-45.63996507488	"WR*"	6.92	"TYC 8341-321-1"
3525161	"WR  90"	"HD 156385"	259.87458850849	-45.63996507488	"WR*"	6.92	"UBV M  22077"
3525161	"WR  90"	"HD 156385"	259.87458850849	-45.63996507488	"WR*"	6.92	"UCAC3 89-297153"
3525161	"WR  90"	"HD 156385"	259.87458850849	-45.63996507488	"WR*"	6.92	"UCAC4 222-131485"
3525161	"WR  90"	"HD 156385"	259.87458850849	-45.63996507488	"WR*"	6.92	"uvby98 100156385"
3525161	"WR  90"	"HD 156385"	259.87458850849	-45.63996507488	"WR*"	6.92	"WR  90"
3525161	"WR  90"	"HD 156385"	259.87458850849	-45.63996507488	"WR*"	6.92	"WRAY 15-1672"
3636409	"WR 102bc"	"WR 102bc"	266.46450000000004	-28.82372222222222	"WR*"		"[BSP2001]  1"
3636409	"WR 102bc"	"WR 102bc"	266.46450000000004	-28.82372222222222	"WR*"		"[CEC96] 10"
3636409	"WR 102bc"	"WR 102bc"	266.46450000000004	-28.82372222222222	"WR*"		"[DWC2011] 79"
3636409	"WR 102bc"	"WR 102bc"	266.46450000000004	-28.82372222222222	"WR*"		"WR 102bc"
3637925	"WR 101ja"	"GCIRS 33E"	266.41705875	-29.008670277777778	"WR*"		"[BSD96]  67"
3637925	"WR 101ja"	"GCIRS 33E"	266.41705875	-29.008670277777778	"WR*"		"[DWC2011] 158"
3637925	"WR 101ja"	"GCIRS 33E"	266.41705875	-29.008670277777778	"WR*"		"[FNS2015] 10"
3637925	"WR 101ja"	"GCIRS 33E"	266.41705875	-29.008670277777778	"WR*"		"GCIRS 33E"
3637925	"WR 101ja"	"GCIRS 33E"	266.41705875	-29.008670277777778	"WR*"		"[GPE2000]  3.34"
3637925	"WR 101ja"	"GCIRS 33E"	266.41705875	-29.008670277777778	"WR*"		"NAME Gal Center IRS 33E"
3637925	"WR 101ja"	"GCIRS 33E"	266.41705875	-29.008670277777778	"WR*"		"NAME Sgr A IRS 33E"
3637925	"WR 101ja"	"GCIRS 33E"	266.41705875	-29.008670277777778	"WR*"		"[PGM2006] E41"
3637925	"WR 101ja"	"GCIRS 33E"	266.41705875	-29.008670277777778	"WR*"		"[SME2009] 176"
3637925	"WR 101ja"	"GCIRS 33E"	266.41705875	-29.008670277777778	"WR*"		"WR 101ja"
3637925	"WR 101ja"	"GCIRS 33E"	266.41705875	-29.008670277777778	"WR*"		"[YRB2014] 5"
3637927	"WR 101db"	"GCIRS 34W"	266.4155416666666	-29.00738888888889	"WR*"		"[CRG2001b] 10"
3637927	"WR 101db"	"GCIRS 34W"	266.4155416666666	-29.00738888888889	"WR*"		"[DWC2011] 125"
3637927	"WR 101db"	"GCIRS 34W"	266.4155416666666	-29.00738888888889	"WR*"		"[FNS2015] 243"
3637927	"WR 101db"	"GCIRS 34W"	266.4155416666666	-29.00738888888889	"WR*"		"GCIRS 34W"
3637927	"WR 101db"	"GCIRS 34W"	266.4155416666666	-29.00738888888889	"WR*"		"[GPE2000]  4.39"
3637927	"WR 101db"	"GCIRS 34W"	266.4155416666666	-29.00738888888889	"WR*"		"NAME Gal Center IRS 34W"
3637927	"WR 101db"	"GCIRS 34W"	266.4155416666666	-29.00738888888889	"WR*"		"NAME Sgr A IRS 34W"
3637927	"WR 101db"	"GCIRS 34W"	266.4155416666666	-29.00738888888889	"WR*"		"[PGM2006] E56"
3637927	"WR 101db"	"GCIRS 34W"	266.4155416666666	-29.00738888888889	"WR*"		"[PMM2001] N7"
3637927	"WR 101db"	"GCIRS 34W"	266.4155416666666	-29.00738888888889	"WR*"		"[SME2009] 336"
3637927	"WR 101db"	"GCIRS 34W"	266.4155416666666	-29.00738888888889	"WR*"		"WR 101db"
3637927	"WR 101db"	"GCIRS 34W"	266.4155416666666	-29.00738888888889	"WR*"		"[YRB2014] 6"
3718466	"WR 101h"	"GCIRS 29NE1"	266.4165179166667	-29.00722805555555	"WR*"		"[BSD96]  59"
3718466	"WR 101h"	"GCIRS 29NE1"	266.4165179166667	-29.00722805555555	"WR*"		"[FNS2015] 638"
3718466	"WR 101h"	"GCIRS 29NE1"	266.4165179166667	-29.00722805555555	"WR*"		"GCIRS 29NE1"
3718466	"WR 101h"	"GCIRS 29NE1"	266.4165179166667	-29.00722805555555	"WR*"		"[GKM98] S2-16"
3718466	"WR 101h"	"GCIRS 29NE1"	266.4165179166667	-29.00722805555555	"WR*"		"[GPE2000]  2.23"
3718466	"WR 101h"	"GCIRS 29NE1"	266.4165179166667	-29.00722805555555	"WR*"		"MPE -1.0-03.5"
3718466	"WR 101h"	"GCIRS 29NE1"	266.4165179166667	-29.00722805555555	"WR*"		"[OEG99]  77"
3718466	"WR 101h"	"GCIRS 29NE1"	266.4165179166667	-29.00722805555555	"WR*"		"[PGM2006] E35"
3718466	"WR 101h"	"GCIRS 29NE1"	266.4165179166667	-29.00722805555555	"WR*"		"[SME2009] 102"
3718466	"WR 101h"	"GCIRS 29NE1"	266.4165179166667	-29.00722805555555	"WR*"		"WR 101h"
3720566	"WR 101nc"	"GCIRS  9W"	266.41775	-29.009361111111115	"WR*"		"[DWC2011] 132"
3720566	"WR 101nc"	"GCIRS  9W"	266.41775	-29.009361111111115	"WR*"		"[FNS2015] 1354"
3720566	"WR 101nc"	"GCIRS  9W"	266.41775	-29.009361111111115	"WR*"		"GCIRS  9W"
3720566	"WR 101nc"	"GCIRS  9W"	266.41775	-29.009361111111115	"WR*"		"NAME Gal Center IRS 9W"
3720566	"WR 101nc"	"GCIRS  9W"	266.41775	-29.009361111111115	"WR*"		"[PGM2006] E65"
3720566	"WR 101nc"	"GCIRS  9W"	266.41775	-29.009361111111115	"WR*"		"[PMM2001] B3"
3720566	"WR 101nc"	"GCIRS  9W"	266.41775	-29.009361111111115	"WR*"		"[SME2009] 651"
3720566	"WR 101nc"	"GCIRS  9W"	266.41775	-29.009361111111115	"WR*"		"[SSR2003] 15"
3720566	"WR 101nc"	"GCIRS  9W"	266.41775	-29.009361111111115	"WR*"		"Tam GCHe2"
3720566	"WR 101nc"	"GCIRS  9W"	266.41775	-29.009361111111115	"WR*"		"WR 101nc"
3723006	"WR 101oa"	"[PMM2001] B9"	266.4177804166667	-29.00684111111111	"WR*"		"[DWC2011] 165"
3723006	"WR 101oa"	"[PMM2001] B9"	266.4177804166667	-29.00684111111111	"WR*"		"[FNS2015] 1258"
3723006	"WR 101oa"	"[PMM2001] B9"	266.4177804166667	-29.00684111111111	"WR*"		"[PGM2006] E59"
3723006	"WR 101oa"	"[PMM2001] B9"	266.4177804166667	-29.00684111111111	"WR*"		"[PMM2001] B9"
3723006	"WR 101oa"	"[PMM2001] B9"	266.4177804166667	-29.00684111111111	"WR*"		"[PMM2001] HeI N3"
3723006	"WR 101oa"	"[PMM2001] B9"	266.4177804166667	-29.00684111111111	"WR*"		"[SME2009] 372"
3723006	"WR 101oa"	"[PMM2001] B9"	266.4177804166667	-29.00684111111111	"WR*"		"[SSR2003] 11"
3723006	"WR 101oa"	"[PMM2001] B9"	266.4177804166667	-29.00684111111111	"WR*"		"WR 101oa"
3744329	"WR 101de"	"GCIRS 13E5"	266.41575	-29.00823611111111	"IR"		"GCIRS 13E5"
3744329	"WR 101de"	"GCIRS 13E5"	266.41575	-29.00823611111111	"IR"		"NAME Gal Center IRS 13E5"
3744329	"WR 101de"	"GCIRS 13E5"	266.41575	-29.00823611111111	"IR"		"WR 101de"
3755940	"WR 101dd"	"GCIRS 34NW"	266.41562	-29.007044	"WR*"		"[DWC2011] 164"
3755940	"WR 101dd"	"GCIRS 34NW"	266.41562	-29.007044	"WR*"		"[FNS2015] 1494"
3755940	"WR 101dd"	"GCIRS 34NW"	266.41562	-29.007044	"WR*"		"GCIRS 34NW"
3755940	"WR 101dd"	"GCIRS 34NW"	266.41562	-29.007044	"WR*"		"NAME Gal Center IRS 34NW"
3755940	"WR 101dd"	"GCIRS 34NW"	266.41562	-29.007044	"WR*"		"[PGM2006] E61"
3755940	"WR 101dd"	"GCIRS 34NW"	266.41562	-29.007044	"WR*"		"WR 101dd"
3762659	"WR  77s"	"WR  77s"	251.77726155224167	-45.84418581977611	"WR*"	19.81	"Cl* Westerlund    1     CN      U"
3762659	"WR  77s"	"WR  77s"	251.77726155224167	-45.84418581977611	"WR*"	19.81	"Cl* Westerlund    1    GDT       1"
3762659	"WR  77s"	"WR  77s"	251.77726155224167	-45.84418581977611	"WR*"	19.81	"[CMN2008] J164706.5-455039"
3762659	"WR  77s"	"WR  77s"	251.77726155224167	-45.84418581977611	"WR*"	19.81	"Gaia DR2 5940106041452144896"
3762659	"WR  77s"	"WR  77s"	251.77726155224167	-45.84418581977611	"WR*"	19.81	"Gaia DR3 5940106041452144896"
3762659	"WR  77s"	"WR  77s"	251.77726155224167	-45.84418581977611	"WR*"	19.81	"WR  77s"
3762660	"WR  77sd"	"WR  77sd"	251.80894231156088	-45.808878647928886	"WR*"		"2MASS J16471413-4548320"
3762660	"WR  77sd"	"WR  77sd"	251.80894231156088	-45.808878647928886	"WR*"		"Cl* Westerlund    1     CN      X"
3762660	"WR  77sd"	"WR  77sd"	251.80894231156088	-45.808878647928886	"WR*"		"Cl* Westerlund    1    GDT       2"
3762660	"WR  77sd"	"WR  77sd"	251.80894231156088	-45.808878647928886	"WR*"		"Gaia DR3 5940199976670849152"
3762660	"WR  77sd"	"WR  77sd"	251.80894231156088	-45.808878647928886	"WR*"		"SPICY 41813"
3762660	"WR  77sd"	"WR  77sd"	251.80894231156088	-45.808878647928886	"WR*"		"SSTGLMC G339.6007-00.3991"
3762660	"WR  77sd"	"WR  77sd"	251.80894231156088	-45.808878647928886	"WR*"		"TIC 237051344"
3762660	"WR  77sd"	"WR  77sd"	251.80894231156088	-45.808878647928886	"WR*"		"WR  77sd"
3773247	"WR 100a"	"[PGM2006] E81"	266.41374999999994	-29.008527777777783	"WR*"		"[DWC2011] 119"
3773247	"WR 100a"	"[PGM2006] E81"	266.41374999999994	-29.008527777777783	"WR*"		"[FNS2015] 813"
3773247	"WR 100a"	"[PGM2006] E81"	266.41374999999994	-29.008527777777783	"WR*"		"[PGM2006] E81"
3773247	"WR 100a"	"[PGM2006] E81"	266.41374999999994	-29.008527777777783	"WR*"		"[SME2009] 1642"
3773247	"WR 100a"	"[PGM2006] E81"	266.41374999999994	-29.008527777777783	"WR*"		"WR 100a"
3773278	"WR 101da"	"[PGM2006] E60"	266.4154520833334	-29.008256388888885	"WR*"		"[DWC2011] 159"
3773278	"WR 101da"	"[PGM2006] E60"	266.4154520833334	-29.008256388888885	"WR*"		"[FNS2015] 784"
3773278	"WR 101da"	"[PGM2006] E60"	266.4154520833334	-29.008256388888885	"WR*"		"[PGM2006] E60"
3773278	"WR 101da"	"[PGM2006] E60"	266.4154520833334	-29.008256388888885	"WR*"		"[SME2009] 376"
3773278	"WR 101da"	"[PGM2006] E60"	266.4154520833334	-29.008256388888885	"WR*"		"WR 101da"
3946257	"WR 101fa"	"GCIRS  3E"	266.41612083333325	-29.00675555555556	"WR*"		"GCIRS  3E"
3946257	"WR 101fa"	"GCIRS  3E"	266.41612083333325	-29.00675555555556	"WR*"		"NAME Gal Center IRS 3E"
3946257	"WR 101fa"	"GCIRS  3E"	266.41612083333325	-29.00675555555556	"WR*"		"[PGM2006] E58"
3946257	"WR 101fa"	"GCIRS  3E"	266.41612083333325	-29.00675555555556	"WR*"		"WR 101fa"
3953063	"WR 45-1"	"WR 45-1"	175.65690225070125	-62.68868509384694	"WR*"		"2MASS J11423766-6241193"
3953063	"WR 45-1"	"WR 45-1"	175.65690225070125	-62.68868509384694	"WR*"		"Gaia DR3 5333338247595163136"
3953063	"WR 45-1"	"WR 45-1"	175.65690225070125	-62.68868509384694	"WR*"		"HDM 1"
3953063	"WR 45-1"	"WR 45-1"	175.65690225070125	-62.68868509384694	"WR*"		"SSTGLMC G295.1320-00.8636"
3953063	"WR 45-1"	"WR 45-1"	175.65690225070125	-62.68868509384694	"WR*"		"TIC 321946589"
3953063	"WR 45-1"	"WR 45-1"	175.65690225070125	-62.68868509384694	"WR*"		"WR 45-1"
3953066	"WR 46-1"	"WR 46-1"	181.73535023346997	-62.641777774999994	"WR*"		"2MASS J12065647-6238304"
3953066	"WR 46-1"	"WR 46-1"	181.73535023346997	-62.641777774999994	"WR*"		"Gaia DR2 6057398432929770752"
3953066	"WR 46-1"	"WR 46-1"	181.73535023346997	-62.641777774999994	"WR*"		"Gaia DR3 6057398432929770752"
3953066	"WR 46-1"	"WR 46-1"	181.73535023346997	-62.641777774999994	"WR*"		"HDM 2"
3953066	"WR 46-1"	"WR 46-1"	181.73535023346997	-62.641777774999994	"WR*"		"SSTGLMC G297.8451-00.2103"
3953066	"WR 46-1"	"WR 46-1"	181.73535023346997	-62.641777774999994	"WR*"		"TIC 380237416"
3953066	"WR 46-1"	"WR 46-1"	181.73535023346997	-62.641777774999994	"WR*"		"WR 46-1"
3953067	"WR 46-2"	"WR 46-2"	183.41164151872997	-63.14946216503	"WR*"		"2MASS J12133878-6308580"
3953067	"WR 46-2"	"WR 46-2"	183.41164151872997	-63.14946216503	"WR*"		"Gaia DR2 6054397075394503040"
3953067	"WR 46-2"	"WR 46-2"	183.41164151872997	-63.14946216503	"WR*"		"Gaia DR3 6054397075394503040"
3953067	"WR 46-2"	"WR 46-2"	183.41164151872997	-63.14946216503	"WR*"		"HDM 3"
3953067	"WR 46-2"	"WR 46-2"	183.41164151872997	-63.14946216503	"WR*"		"SSTGLMC G298.6798-00.5901"
3953067	"WR 46-2"	"WR 46-2"	183.41164151872997	-63.14946216503	"WR*"		"TIC 382617130"
3953067	"WR 46-2"	"WR 46-2"	183.41164151872997	-63.14946216503	"WR*"		"WR 46-2"
3953068	"WR 47-1"	"WR 47-1"	191.56726876217996	-62.956523813809994	"WR*"		"2MASS J12461614-6257234"
3953068	"WR 47-1"	"WR 47-1"	191.56726876217996	-62.956523813809994	"WR*"		"Gaia DR2 5862973720242127744"
3953068	"WR 47-1"	"WR 47-1"	191.56726876217996	-62.956523813809994	"WR*"		"Gaia DR3 5862973720242127744"
3953068	"WR 47-1"	"WR 47-1"	191.56726876217996	-62.956523813809994	"WR*"		"HDM 4"
3953068	"WR 47-1"	"WR 47-1"	191.56726876217996	-62.956523813809994	"WR*"		"SPICY 14588"
3953068	"WR 47-1"	"WR 47-1"	191.56726876217996	-62.956523813809994	"WR*"		"SSTGLMC G302.3444-00.0907"
3953068	"WR 47-1"	"WR 47-1"	191.56726876217996	-62.956523813809994	"WR*"		"TIC 460646597"
3953068	"WR 47-1"	"WR 47-1"	191.56726876217996	-62.956523813809994	"WR*"		"WR 47-1"
3953069	"WR 48-1"	"WR 48-1"	197.55032846241997	-62.65183118268	"WR*"		"2MASS J13101207-6239065"
3953069	"WR 48-1"	"WR 48-1"	197.55032846241997	-62.65183118268	"WR*"		"Gaia DR2 5862512097153573120"
3953069	"WR 48-1"	"WR 48-1"	197.55032846241997	-62.65183118268	"WR*"		"Gaia DR3 5862512097153573120"
3953069	"WR 48-1"	"WR 48-1"	197.55032846241997	-62.65183118268	"WR*"		"HDM 5"
3953069	"WR 48-1"	"WR 48-1"	197.55032846241997	-62.65183118268	"WR*"		"SSTGLMC G305.0850+00.1414"
3953069	"WR 48-1"	"WR 48-1"	197.55032846241997	-62.65183118268	"WR*"		"TIC 441670819"
3953069	"WR 48-1"	"WR 48-1"	197.55032846241997	-62.65183118268	"WR*"		"WR 48-1"
3953070	"WR 72-1"	"WR 72-1"	242.91361988902997	-52.09606064949	"WR*"		"2MASS J16113927-5205458"
3953070	"WR 72-1"	"WR 72-1"	242.91361988902997	-52.09606064949	"WR*"		"Gaia DR2 5933406236095064960"
3953070	"WR 72-1"	"WR 72-1"	242.91361988902997	-52.09606064949	"WR*"		"Gaia DR3 5933406236095064960"
3953070	"WR 72-1"	"WR 72-1"	242.91361988902997	-52.09606064949	"WR*"		"HDM 6"
3953070	"WR 72-1"	"WR 72-1"	242.91361988902997	-52.09606064949	"WR*"		"SSTGLMC G331.0313-00.5006"
3953070	"WR 72-1"	"WR 72-1"	242.91361988902997	-52.09606064949	"WR*"		"TIC 216066435"
3953070	"WR 72-1"	"WR 72-1"	242.91361988902997	-52.09606064949	"WR*"		"WR 72-1"
3953071	"WR 120-1"	"WR 120-1"	280.29458595605	-4.85749500435	"WR*"		"2MASS J18411070-0451270"
3953071	"WR 120-1"	"WR 120-1"	280.29458595605	-4.85749500435	"WR*"		"Gaia DR2 4256685947587790336"
3953071	"WR 120-1"	"WR 120-1"	280.29458595605	-4.85749500435	"WR*"		"Gaia DR3 4256685947587790336"
3953071	"WR 120-1"	"WR 120-1"	280.29458595605	-4.85749500435	"WR*"		"HDM 13"
3953071	"WR 120-1"	"WR 120-1"	280.29458595605	-4.85749500435	"WR*"		"SSTGLMC G027.4405+00.0616"
3953071	"WR 120-1"	"WR 120-1"	280.29458595605	-4.85749500435	"WR*"		"TIC 180643904"
3953071	"WR 120-1"	"WR 120-1"	280.29458595605	-4.85749500435	"WR*"		"WR 120-1"
3953072	"WR 125-1"	"WR 125-1"	293.43336941913	19.37985727102	"WR*"		"2MASS J19334401+1922475"
3953072	"WR 125-1"	"WR 125-1"	293.43336941913	19.37985727102	"WR*"		"Gaia DR2 1825418588978011648"
3953072	"WR 125-1"	"WR 125-1"	293.43336941913	19.37985727102	"WR*"		"Gaia DR3 1825418588978011648"
3953072	"WR 125-1"	"WR 125-1"	293.43336941913	19.37985727102	"WR*"		"HDM 15"
3953072	"WR 125-1"	"WR 125-1"	293.43336941913	19.37985727102	"WR*"		"SSTGLMC G054.9104-00.1578"
3953072	"WR 125-1"	"WR 125-1"	293.43336941913	19.37985727102	"WR*"		"TIC 373471957"
3953072	"WR 125-1"	"WR 125-1"	293.43336941913	19.37985727102	"WR*"		"WISE J193344.00+192247.5"
3953072	"WR 125-1"	"WR 125-1"	293.43336941913	19.37985727102	"WR*"		"WR 125-1"
3953073	"WR 111-1"	"WR 111-1"	272.43774935202	-20.28620956048	"WR*"		"2MASS J18094505-2017103"
3953073	"WR 111-1"	"WR 111-1"	272.43774935202	-20.28620956048	"WR*"		"Gaia DR2 4094266669719378560"
3953073	"WR 111-1"	"WR 111-1"	272.43774935202	-20.28620956048	"WR*"		"Gaia DR3 4094266669719378560"
3953073	"WR 111-1"	"WR 111-1"	272.43774935202	-20.28620956048	"WR*"		"HDM 7"
3953073	"WR 111-1"	"WR 111-1"	272.43774935202	-20.28620956048	"WR*"		"SSTGLMC G010.2294-00.4061"
3953073	"WR 111-1"	"WR 111-1"	272.43774935202	-20.28620956048	"WR*"		"TIC 185511730"
3953073	"WR 111-1"	"WR 111-1"	272.43774935202	-20.28620956048	"WR*"		"WR 111-1"
3953074	"WR 115-1"	"WR 115-1"	276.4712013516099	-13.47563911247	"WR*"	15.13	"2MASS J18255309-1328324"
3953074	"WR 115-1"	"WR 115-1"	276.4712013516099	-13.47563911247	"WR*"	15.13	"2MASS J18255310-1328324"
3953074	"WR 115-1"	"WR 115-1"	276.4712013516099	-13.47563911247	"WR*"	15.13	"Gaia DR2 4152476297066998784"
3953074	"WR 115-1"	"WR 115-1"	276.4712013516099	-13.47563911247	"WR*"	15.13	"Gaia DR3 4152476297066998784"
3953074	"WR 115-1"	"WR 115-1"	276.4712013516099	-13.47563911247	"WR*"	15.13	"HDM 11"
3953074	"WR 115-1"	"WR 115-1"	276.4712013516099	-13.47563911247	"WR*"	15.13	"[SFZ2012] 1428-157L"
3953074	"WR 115-1"	"WR 115-1"	276.4712013516099	-13.47563911247	"WR*"	15.13	"TIC 413469980"
3953074	"WR 115-1"	"WR 115-1"	276.4712013516099	-13.47563911247	"WR*"	15.13	"WR 115-1"
3953075	"WR 123-1"	"WR 123-1"	287.0748964648	8.486277834609998	"WR*"		"2MASS J19081797+0829105"
3953075	"WR 123-1"	"WR 123-1"	287.0748964648	8.486277834609998	"WR*"		"Gaia DR2 4307367180121252864"
3953075	"WR 123-1"	"WR 123-1"	287.0748964648	8.486277834609998	"WR*"		"Gaia DR3 4307367180121252864"
3953075	"WR 123-1"	"WR 123-1"	287.0748964648	8.486277834609998	"WR*"		"HDM 14"
3953075	"WR 123-1"	"WR 123-1"	287.0748964648	8.486277834609998	"WR*"		"SSTGLMC G042.3994+00.1481"
3953075	"WR 123-1"	"WR 123-1"	287.0748964648	8.486277834609998	"WR*"		"SSTOERC G042.3995+00.1482"
3953075	"WR 123-1"	"WR 123-1"	287.0748964648	8.486277834609998	"WR*"		"TIC 199063515"
3953075	"WR 123-1"	"WR 123-1"	287.0748964648	8.486277834609998	"WR*"		"WR 123-1"
3953075	"WR 123-1"	"WR 123-1"	287.0748964648	8.486277834609998	"WR*"		"ZTF J190817.97+082910.5"
3953076	"WR 111-2"	"WR 111-2"	273.30916427935	-17.89540233412	"WR*"	17.57	"2MASS J18131420-1753434"
3953076	"WR 111-2"	"WR 111-2"	273.30916427935	-17.89540233412	"WR*"	17.57	"CXOU J181314.2-175343"
3953076	"WR 111-2"	"WR 111-2"	273.30916427935	-17.89540233412	"WR*"	17.57	"[DRK2018] VLA J181314.22-175343.3"
3953076	"WR 111-2"	"WR 111-2"	273.30916427935	-17.89540233412	"WR*"	17.57	"Gaia DR2 4095729947892337408"
3953076	"WR 111-2"	"WR 111-2"	273.30916427935	-17.89540233412	"WR*"	17.57	"Gaia DR3 4095729947892337408"
3953076	"WR 111-2"	"WR 111-2"	273.30916427935	-17.89540233412	"WR*"	17.57	"HDM 8"
3953076	"WR 111-2"	"WR 111-2"	273.30916427935	-17.89540233412	"WR*"	17.57	"[HGH2007] 24"
3953076	"WR 111-2"	"WR 111-2"	273.30916427935	-17.89540233412	"WR*"	17.57	"[MFD2008] 4"
3953076	"WR 111-2"	"WR 111-2"	273.30916427935	-17.89540233412	"WR*"	17.57	"NOMAD1 0721-0810049"
3953076	"WR 111-2"	"WR 111-2"	273.30916427935	-17.89540233412	"WR*"	17.57	"SSTGLMC G012.7214+00.0229"
3953076	"WR 111-2"	"WR 111-2"	273.30916427935	-17.89540233412	"WR*"	17.57	"TIC 117201788"
3953076	"WR 111-2"	"WR 111-2"	273.30916427935	-17.89540233412	"WR*"	17.57	"WR 111-2"
3953077	"WR 113-1"	"WR 113-1"	274.842453258415	-16.053447441828055	"WR*"		"2MASS J18192219-1603123"
3953077	"WR 113-1"	"WR 113-1"	274.842453258415	-16.053447441828055	"WR*"		"Gaia DR2 4098014389460991872"
3953077	"WR 113-1"	"WR 113-1"	274.842453258415	-16.053447441828055	"WR*"		"Gaia DR3 4098014389460991872"
3953077	"WR 113-1"	"WR 113-1"	274.842453258415	-16.053447441828055	"WR*"		"HDM 9"
3953077	"WR 113-1"	"WR 113-1"	274.842453258415	-16.053447441828055	"WR*"		"SSTGLMC G015.0392-00.3903"
3953077	"WR 113-1"	"WR 113-1"	274.842453258415	-16.053447441828055	"WR*"		"TIC 115433421"
3953077	"WR 113-1"	"WR 113-1"	274.842453258415	-16.053447441828055	"WR*"		"WR 113-1"
3953078	"WR 114-1"	"WR 114-1"	276.25099376873	-10.556561963030001	"WR*"		"2MASS J18250024-1033236"
3953078	"WR 114-1"	"WR 114-1"	276.25099376873	-10.556561963030001	"WR*"		"Gaia DR2 4154273822474507136"
3953078	"WR 114-1"	"WR 114-1"	276.25099376873	-10.556561963030001	"WR*"		"Gaia DR3 4154273822474507136"
3953078	"WR 114-1"	"WR 114-1"	276.25099376873	-10.556561963030001	"WR*"		"HDM 10"
3953078	"WR 114-1"	"WR 114-1"	276.25099376873	-10.556561963030001	"WR*"		"[KSF2015] 1446-B1D"
3953078	"WR 114-1"	"WR 114-1"	276.25099376873	-10.556561963030001	"WR*"		"SPICY 83408"
3953078	"WR 114-1"	"WR 114-1"	276.25099376873	-10.556561963030001	"WR*"		"SSTGLMC G020.5356+00.9826"
3953078	"WR 114-1"	"WR 114-1"	276.25099376873	-10.556561963030001	"WR*"		"TIC 20512398"
3953078	"WR 114-1"	"WR 114-1"	276.25099376873	-10.556561963030001	"WR*"		"WR 114-1"
3953079	"WR 119-1"	"WR 119-1"	280.03607569577	-3.4919687749499997	"WR*"		"2MASS J18400865-0329311"
3953079	"WR 119-1"	"WR 119-1"	280.03607569577	-3.4919687749499997	"WR*"		"Gaia DR2 4258531164287499648"
3953079	"WR 119-1"	"WR 119-1"	280.03607569577	-3.4919687749499997	"WR*"		"Gaia DR3 4258531164287499648"
3953079	"WR 119-1"	"WR 119-1"	280.03607569577	-3.4919687749499997	"WR*"		"HDM 12"
3953079	"WR 119-1"	"WR 119-1"	280.03607569577	-3.4919687749499997	"WR*"		"SSTGLMC G028.5366+00.9159"
3953079	"WR 119-1"	"WR 119-1"	280.03607569577	-3.4919687749499997	"WR*"		"TIC 46720052"
3953079	"WR 119-1"	"WR 119-1"	280.03607569577	-3.4919687749499997	"WR*"		"WR 119-1"
4045208	"WR 101dc"	"GCIRS  7SW"	266.41558333333336	-29.00647222222222	"WR*"		"[DWC2011] 126"
4045208	"WR 101dc"	"GCIRS  7SW"	266.41558333333336	-29.00647222222222	"WR*"		"[FNS2015] 666"
4045208	"WR 101dc"	"GCIRS  7SW"	266.41558333333336	-29.00647222222222	"WR*"		"GCIRS  7SW"
4045208	"WR 101dc"	"GCIRS  7SW"	266.41558333333336	-29.00647222222222	"WR*"		"[PGM2006] E66"
4045208	"WR 101dc"	"GCIRS  7SW"	266.41558333333336	-29.00647222222222	"WR*"		"WR 101dc"
4045210	"WR 101oc"	"[PGM2006] E70"	266.41824750000006	-29.006423611111106	"WR*"		"[DWC2011] 161"
4045210	"WR 101oc"	"[PGM2006] E70"	266.41824750000006	-29.006423611111106	"WR*"		"[FNS2015] 1237"
4045210	"WR 101oc"	"[PGM2006] E70"	266.41824750000006	-29.006423611111106	"WR*"		"[PGM2006] E70"
4045210	"WR 101oc"	"[PGM2006] E70"	266.41824750000006	-29.006423611111106	"WR*"		"[SME2009] 744"
4045210	"WR 101oc"	"[PGM2006] E70"	266.41824750000006	-29.006423611111106	"WR*"		"WR 101oc"
4045211	"WR 101ma"	"[PGM2006] E71"	266.417125	-29.00622222222222	"WR*"		"[DWC2011] 127"
4045211	"WR 101ma"	"[PGM2006] E71"	266.417125	-29.00622222222222	"WR*"		"[FNS2015] 2677"
4045211	"WR 101ma"	"[PGM2006] E71"	266.417125	-29.00622222222222	"WR*"		"[PGM2006] E71"
4045211	"WR 101ma"	"[PGM2006] E71"	266.417125	-29.00622222222222	"WR*"		"[SME2009] 756"
4045211	"WR 101ma"	"[PGM2006] E71"	266.417125	-29.00622222222222	"WR*"		"WR 101ma"
4045215	"WR 101ob"	"GCIRS  9SW"	266.41820375	-29.01004277777778	"WR*"		"[DWC2011] 163"
4045215	"WR 101ob"	"GCIRS  9SW"	266.41820375	-29.01004277777778	"WR*"		"[FNS2015] 1219"
4045215	"WR 101ob"	"GCIRS  9SW"	266.41820375	-29.01004277777778	"WR*"		"GCIRS  9SW"
4045215	"WR 101ob"	"GCIRS  9SW"	266.41820375	-29.01004277777778	"WR*"		"[PGM2006] E76"
4045215	"WR 101ob"	"GCIRS  9SW"	266.41820375	-29.01004277777778	"WR*"		"[SME2009] 1394"
4045215	"WR 101ob"	"GCIRS  9SW"	266.41820375	-29.01004277777778	"WR*"		"WR 101ob"
4045217	"WR 101of"	"GCIRS  9SE"	266.41863458333336	-29.01008305555555	"WR*"		"[FNS2015] 581"
4045217	"WR 101of"	"GCIRS  9SE"	266.41863458333336	-29.01008305555555	"WR*"		"GCIRS  9SE"
4045217	"WR 101of"	"GCIRS  9SE"	266.41863458333336	-29.01008305555555	"WR*"		"[PGM2006] E80"
4045217	"WR 101of"	"GCIRS  9SE"	266.41863458333336	-29.01008305555555	"WR*"		"[SME2009] 1654"
4045217	"WR 101of"	"GCIRS  9SE"	266.41863458333336	-29.01008305555555	"WR*"		"WR 101of"
4069012	"WR 77-3"	"WR 77-3"	251.94182523306	-45.9846837393	"WR*"		"2MASS J16474603-4559049"
4069012	"WR 77-3"	"WR 77-3"	251.94182523306	-45.9846837393	"WR*"		"[CMN2008] J164746.0-455904"
4069012	"WR 77-3"	"WR 77-3"	251.94182523306	-45.9846837393	"WR*"		"CXOU J164746.0-455904"
4069012	"WR 77-3"	"WR 77-3"	251.94182523306	-45.9846837393	"WR*"		"Gaia DR2 5940101437255609984"
4069012	"WR 77-3"	"WR 77-3"	251.94182523306	-45.9846837393	"WR*"		"Gaia DR3 5940101437255609984"
4069012	"WR 77-3"	"WR 77-3"	251.94182523306	-45.9846837393	"WR*"		"[MVM2011b] MDM30"
4069012	"WR 77-3"	"WR 77-3"	251.94182523306	-45.9846837393	"WR*"		"SSTGLMC G339.5264-00.5833"
4069012	"WR 77-3"	"WR 77-3"	251.94182523306	-45.9846837393	"WR*"		"TIC 245528547"
4069012	"WR 77-3"	"WR 77-3"	251.94182523306	-45.9846837393	"WR*"		"WR 77-3"
4082901	"WR 46-6"	"WR 46-6"	183.64131217075996	-62.98019720405056	"WR*"		"2MASS J12143390-6258486"
4082901	"WR 46-6"	"WR 46-6"	183.64131217075996	-62.98019720405056	"WR*"		"[DNB2016] Mc30-8"
4082901	"WR 46-6"	"WR 46-6"	183.64131217075996	-62.98019720405056	"WR*"		"Gaia DR3 6054402160643310208"
4082901	"WR 46-6"	"WR 46-6"	183.64131217075996	-62.98019720405056	"WR*"		"[KBG2007] 1"
4082901	"WR 46-6"	"WR 46-6"	183.64131217075996	-62.98019720405056	"WR*"		"SSTGLMC G298.7584-00.4076"
4082901	"WR 46-6"	"WR 46-6"	183.64131217075996	-62.98019720405056	"WR*"		"TIC 382981752"
4082901	"WR 46-6"	"WR 46-6"	183.64131217075996	-62.98019720405056	"WR*"		"WR 46-6"
4169072	"WR 102-25"	"WR 102-25"	269.89834019317	-30.858981755159995	"WR*"	15.8	"2MASS J17593560-3051322"
4169072	"WR 102-25"	"WR 102-25"	269.89834019317	-30.858981755159995	"WR*"	15.8	"Gaia DR2 4044123789831722240"
4169072	"WR 102-25"	"WR 102-25"	269.89834019317	-30.858981755159995	"WR*"	15.8	"Gaia DR3 4044123789831722240"
4169072	"WR 102-25"	"WR 102-25"	269.89834019317	-30.858981755159995	"WR*"	15.8	"[KW2003]  83"
4169072	"WR 102-25"	"WR 102-25"	269.89834019317	-30.858981755159995	"WR*"	15.8	"TIC 262939058"
4169072	"WR 102-25"	"WR 102-25"	269.89834019317	-30.858981755159995	"WR*"	15.8	"WR 102-25"
4543366	"WR 102b"	"WR 102b"	266.460875	-28.98877777777778	"WR*"		"2MASS J17455061-2859196"
4543366	"WR 102b"	"WR 102b"	266.460875	-28.98877777777778	"WR*"		"[CSE99] 174239.7-285811"
4543366	"WR 102b"	"WR 102b"	266.460875	-28.98877777777778	"WR*"		"CXOGC J174550.6-285919"
4543366	"WR 102b"	"WR 102b"	266.460875	-28.98877777777778	"WR*"		"[DWC2011] 109"
4543366	"WR 102b"	"WR 102b"	266.460875	-28.98877777777778	"WR*"		"TIC 321993161"
4543366	"WR 102b"	"WR 102b"	266.460875	-28.98877777777778	"WR*"		"WR 102b"
4678986	"WR 111-4"	"WR 111-4"	273.34371779282	-17.89730789638	"WR*"	15.6	"2MASS J18132248-1753503"
4678986	"WR 111-4"	"WR 111-4"	273.34371779282	-17.89730789638	"WR*"	15.6	"CXOU J181322.4-175350"
4678986	"WR 111-4"	"WR 111-4"	273.34371779282	-17.89730789638	"WR*"	15.6	"DENIS J181322.4-175350"
4678986	"WR 111-4"	"WR 111-4"	273.34371779282	-17.89730789638	"WR*"	15.6	"[DRK2018] VLA J181321.00-174947.1"
4678986	"WR 111-4"	"WR 111-4"	273.34371779282	-17.89730789638	"WR*"	15.6	"Gaia DR2 4095728440383641344"
4678986	"WR 111-4"	"WR 111-4"	273.34371779282	-17.89730789638	"WR*"	15.6	"Gaia DR3 4095728440383641344"
4678986	"WR 111-4"	"WR 111-4"	273.34371779282	-17.89730789638	"WR*"	15.6	"[HGH2007] 37"
4678986	"WR 111-4"	"WR 111-4"	273.34371779282	-17.89730789638	"WR*"	15.6	"[MFD2008] 7"
4678986	"WR 111-4"	"WR 111-4"	273.34371779282	-17.89730789638	"WR*"	15.6	"[MVM2011b] MDM34"
4678986	"WR 111-4"	"WR 111-4"	273.34371779282	-17.89730789638	"WR*"	15.6	"NOMAD1 0721-0810603"
4678986	"WR 111-4"	"WR 111-4"	273.34371779282	-17.89730789638	"WR*"	15.6	"TIC 117201801"
4678986	"WR 111-4"	"WR 111-4"	273.34371779282	-17.89730789638	"WR*"	15.6	"WR 111-4"
4907519	"WR 102de"	"WR 102de"	266.5583333333333	-28.823333333333334	"WR*"		"WR 102de"
4996662	"WR 45-4"	"WR 45-4"	178.9671302875	-62.750643821969994	"WR*"		"2MASS J11555211-6245022"
4996662	"WR 45-4"	"WR 45-4"	178.9671302875	-62.750643821969994	"WR*"		"Gaia DR2 5334571281177102080"
4996662	"WR 45-4"	"WR 45-4"	178.9671302875	-62.750643821969994	"WR*"		"Gaia DR3 5334571281177102080"
4996662	"WR 45-4"	"WR 45-4"	178.9671302875	-62.750643821969994	"WR*"		"[SMG2009] 776-3"
4996662	"WR 45-4"	"WR 45-4"	178.9671302875	-62.750643821969994	"WR*"		"SSTGLMC G296.6202-00.5619"
4996662	"WR 45-4"	"WR 45-4"	178.9671302875	-62.750643821969994	"WR*"		"TIC 305753121"
4996662	"WR 45-4"	"WR 45-4"	178.9671302875	-62.750643821969994	"WR*"		"WR 45-4"
4996663	"WR 46-7"	"WR 46-7"	182.53317382015996	-62.73872965202	"WR*"		"2MASS J12100795-6244194"
4996663	"WR 46-7"	"WR 46-7"	182.53317382015996	-62.73872965202	"WR*"		"DENIS J121007.9-624419"
4996663	"WR 46-7"	"WR 46-7"	182.53317382015996	-62.73872965202	"WR*"		"Gaia DR2 6054478581036542720"
4996663	"WR 46-7"	"WR 46-7"	182.53317382015996	-62.73872965202	"WR*"		"Gaia DR3 6054478581036542720"
4996663	"WR 46-7"	"WR 46-7"	182.53317382015996	-62.73872965202	"WR*"		"SSTGLMC G298.2222-00.2453"
4996663	"WR 46-7"	"WR 46-7"	182.53317382015996	-62.73872965202	"WR*"		"TIC 381374719"
4996663	"WR 46-7"	"WR 46-7"	182.53317382015996	-62.73872965202	"WR*"		"WR 46-7"
4996664	"WR 46-8"	"WR 46-8"	182.76070833333333	-62.96322222222222	"WR*"		"2MASS J12110256-6257476"
4996664	"WR 46-8"	"WR 46-8"	182.76070833333333	-62.96322222222222	"WR*"		"DENIS J121102.5-625747"
4996664	"WR 46-8"	"WR 46-8"	182.76070833333333	-62.96322222222222	"WR*"		"SSTGLMC G298.3601-00.4506"
4996664	"WR 46-8"	"WR 46-8"	182.76070833333333	-62.96322222222222	"WR*"		"TIC 381646094"
4996664	"WR 46-8"	"WR 46-8"	182.76070833333333	-62.96322222222222	"WR*"		"WR 46-8"
4996665	"WR 46-9"	"WR 46-9"	183.07005081865998	-62.77071131635	"WR*"		"2MASS J12121681-6246145"
4996665	"WR 46-9"	"WR 46-9"	183.07005081865998	-62.77071131635	"WR*"		"Gaia DR2 6054469643164086016"
4996665	"WR 46-9"	"WR 46-9"	183.07005081865998	-62.77071131635	"WR*"		"Gaia DR3 6054469643164086016"
4996665	"WR 46-9"	"WR 46-9"	183.07005081865998	-62.77071131635	"WR*"		"SSTGLMC G298.4699-00.2387"
4996665	"WR 46-9"	"WR 46-9"	183.07005081865998	-62.77071131635	"WR*"		"TIC 381948236"
4996665	"WR 46-9"	"WR 46-9"	183.07005081865998	-62.77071131635	"WR*"		"WR 46-9"
4996666	"WR 46-12"	"WR 46-12"	187.21245657842996	-63.28336709236	"WR*"		"2MASS J12285099-6317002"
4996666	"WR 46-12"	"WR 46-12"	187.21245657842996	-63.28336709236	"WR*"		"DENIS J122851.0-631700"
4996666	"WR 46-12"	"WR 46-12"	187.21245657842996	-63.28336709236	"WR*"		"Gaia DR2 6053747229666708864"
4996666	"WR 46-12"	"WR 46-12"	187.21245657842996	-63.28336709236	"WR*"		"Gaia DR3 6053747229666708864"
4996666	"WR 46-12"	"WR 46-12"	187.21245657842996	-63.28336709236	"WR*"		"[SMG2009] 808-23"
4996666	"WR 46-12"	"WR 46-12"	187.21245657842996	-63.28336709236	"WR*"		"SPICY 13416"
4996666	"WR 46-12"	"WR 46-12"	187.21245657842996	-63.28336709236	"WR*"		"SSTGLMC G300.3963-00.5229"
4996666	"WR 46-12"	"WR 46-12"	187.21245657842996	-63.28336709236	"WR*"		"TIC 450795588"
4996666	"WR 46-12"	"WR 46-12"	187.21245657842996	-63.28336709236	"WR*"		"WR 46-12"
4996667	"WR 48-2"	"WR 48-2"	198.24044982045996	-62.68330256606999	"WR*"	17.25	"2MASS J13125770-6240599"
4996667	"WR 48-2"	"WR 48-2"	198.24044982045996	-62.68330256606999	"WR*"	17.25	"[CBC2012] Obj6"
4996667	"WR 48-2"	"WR 48-2"	198.24044982045996	-62.68330256606999	"WR*"	17.25	"[DCT2012] D2-3"
4996667	"WR 48-2"	"WR 48-2"	198.24044982045996	-62.68330256606999	"WR*"	17.25	"DENIS J131257.7-624059"
4996667	"WR 48-2"	"WR 48-2"	198.24044982045996	-62.68330256606999	"WR*"	17.25	"Gaia DR2 5862525634891347968"
4996667	"WR 48-2"	"WR 48-2"	198.24044982045996	-62.68330256606999	"WR*"	17.25	"Gaia DR3 5862525634891347968"
4996667	"WR 48-2"	"WR 48-2"	198.24044982045996	-62.68330256606999	"WR*"	17.25	"SSTGLMC G305.3984+00.0852"
4996667	"WR 48-2"	"WR 48-2"	198.24044982045996	-62.68330256606999	"WR*"	17.25	"TIC 442802829"
4996667	"WR 48-2"	"WR 48-2"	198.24044982045996	-62.68330256606999	"WR*"	17.25	"WR 48-2"
4996669	"WR 61-1"	"WR 61-1"	215.34644545298	-60.301139671659996	"WR*"		"2MASS J14212314-6018041"
4996669	"WR 61-1"	"WR 61-1"	215.34644545298	-60.301139671659996	"WR*"		"Gaia DR2 5866708280177916032"
4996669	"WR 61-1"	"WR 61-1"	215.34644545298	-60.301139671659996	"WR*"		"Gaia DR3 5866708280185028992"
4996669	"WR 61-1"	"WR 61-1"	215.34644545298	-60.301139671659996	"WR*"		"SSTGLMC G313.8558+00.6489"
4996669	"WR 61-1"	"WR 61-1"	215.34644545298	-60.301139671659996	"WR*"		"TIC 337458955"
4996669	"WR 61-1"	"WR 61-1"	215.34644545298	-60.301139671659996	"WR*"		"WR 61-1"
4996670	"WR 70-1"	"[GKF2010] MN23"	233.86053690993003	-56.07008318002	"WR*"		"2MASS J15352652-5604123"
4996670	"WR 70-1"	"[GKF2010] MN23"	233.86053690993003	-56.07008318002	"WR*"		"DENIS J153526.5-560412"
4996670	"WR 70-1"	"[GKF2010] MN23"	233.86053690993003	-56.07008318002	"WR*"		"Gaia DR2 5883559253643620864"
4996670	"WR 70-1"	"[GKF2010] MN23"	233.86053690993003	-56.07008318002	"WR*"		"Gaia DR3 5883559253643620864"
4996670	"WR 70-1"	"[GKF2010] MN23"	233.86053690993003	-56.07008318002	"WR*"		"[GKF2010] MN23"
4996670	"WR 70-1"	"[GKF2010] MN23"	233.86053690993003	-56.07008318002	"WR*"		"MGE G324.4138-00.1964"
4996670	"WR 70-1"	"[GKF2010] MN23"	233.86053690993003	-56.07008318002	"WR*"		"SPICY 27911"
4996670	"WR 70-1"	"[GKF2010] MN23"	233.86053690993003	-56.07008318002	"WR*"		"SSTGLMC G324.4138-00.1962"
4996670	"WR 70-1"	"[GKF2010] MN23"	233.86053690993003	-56.07008318002	"WR*"		"TIC 285802003"
4996670	"WR 70-1"	"[GKF2010] MN23"	233.86053690993003	-56.07008318002	"WR*"		"WR 70-1"
4996672	"WR 70-2"	"WR 70-2"	239.98633185520998	-51.99163865506001	"WR*"		"2MASS J15595671-5159299"
4996672	"WR 70-2"	"WR 70-2"	239.98633185520998	-51.99163865506001	"WR*"		"DENIS J155956.7-515929"
4996672	"WR 70-2"	"WR 70-2"	239.98633185520998	-51.99163865506001	"WR*"		"Gaia DR2 5981624837477220992"
4996672	"WR 70-2"	"WR 70-2"	239.98633185520998	-51.99163865506001	"WR*"		"Gaia DR3 5981624837477220992"
4996672	"WR 70-2"	"WR 70-2"	239.98633185520998	-51.99163865506001	"WR*"		"SSTGLMC G329.7604+00.7787"
4996672	"WR 70-2"	"WR 70-2"	239.98633185520998	-51.99163865506001	"WR*"		"TIC 299860420"
4996672	"WR 70-2"	"WR 70-2"	239.98633185520998	-51.99163865506001	"WR*"		"WR 70-2"
4996673	"WR 77-1"	"WR 77-1"	251.04451313446	-45.40683022307	"WR*"		"2MASS J16441069-4524246"
4996673	"WR 77-1"	"WR 77-1"	251.04451313446	-45.40683022307	"WR*"		"DENIS J164410.6-452424"
4996673	"WR 77-1"	"WR 77-1"	251.04451313446	-45.40683022307	"WR*"		"Gaia DR2 5943179829303158656"
4996673	"WR 77-1"	"WR 77-1"	251.04451313446	-45.40683022307	"WR*"		"Gaia DR3 5943179829303158656"
4996673	"WR 77-1"	"WR 77-1"	251.04451313446	-45.40683022307	"WR*"		"SSTGLMC G339.5581+00.2684"
4996673	"WR 77-1"	"WR 77-1"	251.04451313446	-45.40683022307	"WR*"		"TIC 234751362"
4996673	"WR 77-1"	"WR 77-1"	251.04451313446	-45.40683022307	"WR*"		"WR 77-1"
4996674	"WR 77-2"	"WR 77-2"	251.72261549022	-45.59971389357	"WR*"		"2MASS J16465342-4535590"
4996674	"WR 77-2"	"WR 77-2"	251.72261549022	-45.59971389357	"WR*"		"DENIS J164653.4-453558"
4996674	"WR 77-2"	"WR 77-2"	251.72261549022	-45.59971389357	"WR*"		"Gaia DR2 5943206251936707456"
4996674	"WR 77-2"	"WR 77-2"	251.72261549022	-45.59971389357	"WR*"		"Gaia DR3 5943206251936707456"
4996674	"WR 77-2"	"WR 77-2"	251.72261549022	-45.59971389357	"WR*"		"SSTGLMC G339.7211-00.2178"
4996674	"WR 77-2"	"WR 77-2"	251.72261549022	-45.59971389357	"WR*"		"TIC 236504316"
4996674	"WR 77-2"	"WR 77-2"	251.72261549022	-45.59971389357	"WR*"		"WR 77-2"
4996675	"WR 116-1"	"ATO J277.0492-10.4284"	277.04916365383997	-10.428423790130001	"WR*"		"2MASS J18281180-1025424"
4996675	"WR 116-1"	"ATO J277.0492-10.4284"	277.04916365383997	-10.428423790130001	"WR*"		"ATO J277.0492-10.4284"
4996675	"WR 116-1"	"ATO J277.0492-10.4284"	277.04916365383997	-10.428423790130001	"WR*"		"DENIS J182811.8-102541"
4996675	"WR 116-1"	"ATO J277.0492-10.4284"	277.04916365383997	-10.428423790130001	"WR*"		"Gaia DR2 4155723842108658560"
4996675	"WR 116-1"	"ATO J277.0492-10.4284"	277.04916365383997	-10.428423790130001	"WR*"		"Gaia DR3 4155723842108658560"
4996675	"WR 116-1"	"ATO J277.0492-10.4284"	277.04916365383997	-10.428423790130001	"WR*"		"IRAS 18254-1027"
4996675	"WR 116-1"	"ATO J277.0492-10.4284"	277.04916365383997	-10.428423790130001	"WR*"		"TIC 387164258"
4996675	"WR 116-1"	"ATO J277.0492-10.4284"	277.04916365383997	-10.428423790130001	"WR*"		"UCAC2  28237237"
4996675	"WR 116-1"	"ATO J277.0492-10.4284"	277.04916365383997	-10.428423790130001	"WR*"		"USNO-A2.0 0750-13250193"
4996675	"WR 116-1"	"ATO J277.0492-10.4284"	277.04916365383997	-10.428423790130001	"WR*"		"WR 116-1"
4996675	"WR 116-1"	"ATO J277.0492-10.4284"	277.04916365383997	-10.428423790130001	"WR*"		"XGPS-I J182811-102540"
5160126	"WR  77h"	"Cl* Westerlund    1     CN      V"	251.7658645844	-45.84409038189	"WR*"		"Cl* Westerlund    1     CN      V"
5160126	"WR  77h"	"Cl* Westerlund    1     CN      V"	251.7658645844	-45.84409038189	"WR*"		"Gaia DR2 5940106797374720640"
5160126	"WR  77h"	"Cl* Westerlund    1     CN      V"	251.7658645844	-45.84409038189	"WR*"		"Gaia DR3 5940106797374720640"
5160126	"WR  77h"	"Cl* Westerlund    1     CN      V"	251.7658645844	-45.84409038189	"WR*"		"WR  77h"
5232497	"WR 20-1"	"WR 20-1"	155.8700016754	-57.77484999515	"WR*"		"2MASS J10232880-5746294"
5232497	"WR 20-1"	"WR 20-1"	155.8700016754	-57.77484999515	"WR*"		"CXOU J102328.7-574629"
5232497	"WR 20-1"	"WR 20-1"	155.8700016754	-57.77484999515	"WR*"		"Gaia DR2 5255679638225357952"
5232497	"WR 20-1"	"WR 20-1"	155.8700016754	-57.77484999515	"WR*"		"Gaia DR3 5255679638225357952"
5232497	"WR 20-1"	"WR 20-1"	155.8700016754	-57.77484999515	"WR*"		"[MVM2011b] MDM1"
5232497	"WR 20-1"	"WR 20-1"	155.8700016754	-57.77484999515	"WR*"		"NOMAD1 0322-0246178"
5232497	"WR 20-1"	"WR 20-1"	155.8700016754	-57.77484999515	"WR*"		"SSTGLMC G284.2178-00.3822"
5232497	"WR 20-1"	"WR 20-1"	155.8700016754	-57.77484999515	"WR*"		"[TFT2007] 29"
5232497	"WR 20-1"	"WR 20-1"	155.8700016754	-57.77484999515	"WR*"		"TIC 464294453"
5232497	"WR 20-1"	"WR 20-1"	155.8700016754	-57.77484999515	"WR*"		"WR 20-1"
5343917	"WR 122-1"	"IPHAS J190015.86+000517.3"	285.0661044378	0.08815427023	"WR*"		"2MASS J19001586+0005173"
5343917	"WR 122-1"	"IPHAS J190015.86+000517.3"	285.0661044378	0.08815427023	"WR*"		"Gaia DR2 4265816429591726848"
5343917	"WR 122-1"	"IPHAS J190015.86+000517.3"	285.0661044378	0.08815427023	"WR*"		"Gaia DR3 4265816429591726848"
5343917	"WR 122-1"	"IPHAS J190015.86+000517.3"	285.0661044378	0.08815427023	"WR*"		"IPHAS J190015.86+000517.3"
5343917	"WR 122-1"	"IPHAS J190015.86+000517.3"	285.0661044378	0.08815427023	"WR*"		"TIC 228164966"
5343917	"WR 122-1"	"IPHAS J190015.86+000517.3"	285.0661044378	0.08815427023	"WR*"		"WR 122-1"
5343925	"WR 125-2"	"IPHAS J193038.84+183909.8"	292.66182762904	18.6527281113	"WR*"		"2MASS J19303883+1839098"
5343925	"WR 125-2"	"IPHAS J193038.84+183909.8"	292.66182762904	18.6527281113	"WR*"		"Gaia DR2 4323332329499518848"
5343925	"WR 125-2"	"IPHAS J193038.84+183909.8"	292.66182762904	18.6527281113	"WR*"		"Gaia DR3 4323332329499518848"
5343925	"WR 125-2"	"IPHAS J193038.84+183909.8"	292.66182762904	18.6527281113	"WR*"		"IPHAS J193038.84+183909.8"
5343925	"WR 125-2"	"IPHAS J193038.84+183909.8"	292.66182762904	18.6527281113	"WR*"		"TIC 370920444"
5343925	"WR 125-2"	"IPHAS J193038.84+183909.8"	292.66182762904	18.6527281113	"WR*"		"WR 125-2"
5472655	"WR 121-1"	"WR 121b"	282.36391706985336	-1.0724106421644444	"WR*"	17.15	"2MASS J18492733-0104207"
5472655	"WR 121-1"	"WR 121b"	282.36391706985336	-1.0724106421644444	"WR*"	17.15	"Gaia DR3 4260047188967522304"
5472655	"WR 121-1"	"WR 121b"	282.36391706985336	-1.0724106421644444	"WR*"	17.15	"[GKF2010] MN91"
5472655	"WR 121-1"	"WR 121b"	282.36391706985336	-1.0724106421644444	"WR*"	17.15	"MGE G031.7516-00.0479"
5472655	"WR 121-1"	"WR 121b"	282.36391706985336	-1.0724106421644444	"WR*"	17.15	"TIC 182791206"
5472655	"WR 121-1"	"WR 121b"	282.36391706985336	-1.0724106421644444	"WR*"	17.15	"WR 121-1"
5472655	"WR 121-1"	"WR 121b"	282.36391706985336	-1.0724106421644444	"WR*"	17.15	"WR 121b"
5472655	"WR 121b"	"WR 121b"	282.36391706985336	-1.0724106421644444	"WR*"	17.15	"2MASS J18492733-0104207"
5472655	"WR 121b"	"WR 121b"	282.36391706985336	-1.0724106421644444	"WR*"	17.15	"Gaia DR3 4260047188967522304"
5472655	"WR 121b"	"WR 121b"	282.36391706985336	-1.0724106421644444	"WR*"	17.15	"[GKF2010] MN91"
5472655	"WR 121b"	"WR 121b"	282.36391706985336	-1.0724106421644444	"WR*"	17.15	"MGE G031.7516-00.0479"
5472655	"WR 121b"	"WR 121b"	282.36391706985336	-1.0724106421644444	"WR*"	17.15	"TIC 182791206"
5472655	"WR 121b"	"WR 121b"	282.36391706985336	-1.0724106421644444	"WR*"	17.15	"WR 121-1"
5472655	"WR 121b"	"WR 121b"	282.36391706985336	-1.0724106421644444	"WR*"	17.15	"WR 121b"
5472948	"WR 118-2"	"WR 118-2"	279.06952891452	-7.0831438865	"WR*"		"2MASS J18361669-0704595"
5472948	"WR 118-2"	"WR 118-2"	279.06952891452	-7.0831438865	"WR*"		"Gaia DR2 4252915412949859072"
5472948	"WR 118-2"	"WR 118-2"	279.06952891452	-7.0831438865	"WR*"		"Gaia DR3 4252915412949859072"
5472948	"WR 118-2"	"WR 118-2"	279.06952891452	-7.0831438865	"WR*"		"[MDI2009] Quartet 2"
5472948	"WR 118-2"	"WR 118-2"	279.06952891452	-7.0831438865	"WR*"		"TIC 5075456"
5472948	"WR 118-2"	"WR 118-2"	279.06952891452	-7.0831438865	"WR*"		"WR 118-2"
5472950	"WR 118-3"	"WR 118-3"	279.07204583333333	-7.085352777777778	"WR*"		"2MASS J18361729-0705072"
5472950	"WR 118-3"	"WR 118-3"	279.07204583333333	-7.085352777777778	"WR*"		"[MDI2009] Quartet 1"
5472950	"WR 118-3"	"WR 118-3"	279.07204583333333	-7.085352777777778	"WR*"		"TIC 5075481"
5472950	"WR 118-3"	"WR 118-3"	279.07204583333333	-7.085352777777778	"WR*"		"WR 118-3"
5539326	"WR 120-3"	"WR 120bb"	280.52629482147	-3.8062377281800006	"WR*"		"2MASS J18420630-0348224"
5539326	"WR 120-3"	"WR 120bb"	280.52629482147	-3.8062377281800006	"WR*"		"Gaia DR2 4258462655287419776"
5539326	"WR 120-3"	"WR 120bb"	280.52629482147	-3.8062377281800006	"WR*"		"Gaia DR3 4258462655287419776"
5539326	"WR 120-3"	"WR 120bb"	280.52629482147	-3.8062377281800006	"WR*"		"[GKF2010] MN85"
5539326	"WR 120-3"	"WR 120bb"	280.52629482147	-3.8062377281800006	"WR*"		"MGE G028.4812+00.3368"
5539326	"WR 120-3"	"WR 120bb"	280.52629482147	-3.8062377281800006	"WR*"		"[SPK2012] MWP1G028482+003362"
5539326	"WR 120-3"	"WR 120bb"	280.52629482147	-3.8062377281800006	"WR*"		"TIC 182433133"
5539326	"WR 120-3"	"WR 120bb"	280.52629482147	-3.8062377281800006	"WR*"		"WR 120-3"
5539326	"WR 120-3"	"WR 120bb"	280.52629482147	-3.8062377281800006	"WR*"		"WR 120bb"
5539326	"WR 120bb"	"WR 120bb"	280.52629482147	-3.8062377281800006	"WR*"		"2MASS J18420630-0348224"
5539326	"WR 120bb"	"WR 120bb"	280.52629482147	-3.8062377281800006	"WR*"		"Gaia DR2 4258462655287419776"
5539326	"WR 120bb"	"WR 120bb"	280.52629482147	-3.8062377281800006	"WR*"		"Gaia DR3 4258462655287419776"
5539326	"WR 120bb"	"WR 120bb"	280.52629482147	-3.8062377281800006	"WR*"		"[GKF2010] MN85"
5539326	"WR 120bb"	"WR 120bb"	280.52629482147	-3.8062377281800006	"WR*"		"MGE G028.4812+00.3368"
5539326	"WR 120bb"	"WR 120bb"	280.52629482147	-3.8062377281800006	"WR*"		"[SPK2012] MWP1G028482+003362"
5539326	"WR 120bb"	"WR 120bb"	280.52629482147	-3.8062377281800006	"WR*"		"TIC 182433133"
5539326	"WR 120bb"	"WR 120bb"	280.52629482147	-3.8062377281800006	"WR*"		"WR 120-3"
5539326	"WR 120bb"	"WR 120bb"	280.52629482147	-3.8062377281800006	"WR*"		"WR 120bb"
5539327	"WR 120-4"	"WR 120bc"	280.53446776968	-3.85080264333	"WR*"		"2MASS J18420827-0351029"
5539327	"WR 120-4"	"WR 120bc"	280.53446776968	-3.85080264333	"WR*"		"Gaia DR2 4258461620173469440"
5539327	"WR 120-4"	"WR 120bc"	280.53446776968	-3.85080264333	"WR*"		"Gaia DR3 4258461620173469440"
5539327	"WR 120-4"	"WR 120bc"	280.53446776968	-3.85080264333	"WR*"		"[GKF2010] MN86"
5539327	"WR 120-4"	"WR 120bc"	280.53446776968	-3.85080264333	"WR*"		"MGE G028.4451+00.3094"
5539327	"WR 120-4"	"WR 120bc"	280.53446776968	-3.85080264333	"WR*"		"[SPK2012] MWP1G028445+003093"
5539327	"WR 120-4"	"WR 120bc"	280.53446776968	-3.85080264333	"WR*"		"TIC 182444028"
5539327	"WR 120-4"	"WR 120bc"	280.53446776968	-3.85080264333	"WR*"		"WR 120-4"
5539327	"WR 120-4"	"WR 120bc"	280.53446776968	-3.85080264333	"WR*"		"WR 120bc"
5539327	"WR 120bc"	"WR 120bc"	280.53446776968	-3.85080264333	"WR*"		"2MASS J18420827-0351029"
5539327	"WR 120bc"	"WR 120bc"	280.53446776968	-3.85080264333	"WR*"		"Gaia DR2 4258461620173469440"
5539327	"WR 120bc"	"WR 120bc"	280.53446776968	-3.85080264333	"WR*"		"Gaia DR3 4258461620173469440"
5539327	"WR 120bc"	"WR 120bc"	280.53446776968	-3.85080264333	"WR*"		"[GKF2010] MN86"
5539327	"WR 120bc"	"WR 120bc"	280.53446776968	-3.85080264333	"WR*"		"MGE G028.4451+00.3094"
5539327	"WR 120bc"	"WR 120bc"	280.53446776968	-3.85080264333	"WR*"		"[SPK2012] MWP1G028445+003093"
5539327	"WR 120bc"	"WR 120bc"	280.53446776968	-3.85080264333	"WR*"		"TIC 182444028"
5539327	"WR 120bc"	"WR 120bc"	280.53446776968	-3.85080264333	"WR*"		"WR 120-4"
5539327	"WR 120bc"	"WR 120bc"	280.53446776968	-3.85080264333	"WR*"		"WR 120bc"
5539328	"WR 120-5"	"WR 120-5"	280.53530113114	-3.826446897609999	"WR*"		"2MASS J18420846-0349352"
5539328	"WR 120-5"	"WR 120-5"	280.53530113114	-3.826446897609999	"WR*"		"Gaia DR2 4258461791972163840"
5539328	"WR 120-5"	"WR 120-5"	280.53530113114	-3.826446897609999	"WR*"		"Gaia DR3 4258461791972163840"
5539328	"WR 120-5"	"WR 120-5"	280.53530113114	-3.826446897609999	"WR*"		"[SCB2012] 2w02"
5539328	"WR 120-5"	"WR 120-5"	280.53530113114	-3.826446897609999	"WR*"		"TIC 182438418"
5539328	"WR 120-5"	"WR 120-5"	280.53530113114	-3.826446897609999	"WR*"		"WR 120-5"
5540776	"WR 17-1"	"WR 17-1"	154.10924528966	-57.468271053950005	"WR*"		"2MASS J10162622-5728057"
5540776	"WR 17-1"	"WR 17-1"	154.10924528966	-57.468271053950005	"WR*"		"Gaia DR2 5258739853951492352"
5540776	"WR 17-1"	"WR 17-1"	154.10924528966	-57.468271053950005	"WR*"		"Gaia DR3 5258739853951492352"
5540776	"WR 17-1"	"WR 17-1"	154.10924528966	-57.468271053950005	"WR*"		"[SMG2009] 668-4"
5540776	"WR 17-1"	"WR 17-1"	154.10924528966	-57.468271053950005	"WR*"		"SPICY 5970"
5540776	"WR 17-1"	"WR 17-1"	154.10924528966	-57.468271053950005	"WR*"		"SSTVELC G283.2606-00.6406"
5540776	"WR 17-1"	"WR 17-1"	154.10924528966	-57.468271053950005	"WR*"		"SwXF4 J101625.7-572807"
5540776	"WR 17-1"	"WR 17-1"	154.10924528966	-57.468271053950005	"WR*"		"TIC 463520084"
5540776	"WR 17-1"	"WR 17-1"	154.10924528966	-57.468271053950005	"WR*"		"WR 17-1"
5540777	"WR 43-1"	"WR 43-1"	169.01473333333334	-61.44953888888888	"WR*"	16.82	"2MASS J11160353-6126583"
5540777	"WR 43-1"	"WR 43-1"	169.01473333333334	-61.44953888888888	"WR*"	16.82	"[SMG2009] 740-21"
5540777	"WR 43-1"	"WR 43-1"	169.01473333333334	-61.44953888888888	"WR*"	16.82	"TIC 467626278"
5540777	"WR 43-1"	"WR 43-1"	169.01473333333334	-61.44953888888888	"WR*"	16.82	"WR 43-1"
5540778	"WR 44-1"	"WR 44-1"	169.92927511249	-61.45341829502001	"WR*"	12.35	"2MASS J11194296-6127124"
5540778	"WR 44-1"	"WR 44-1"	169.92927511249	-61.45341829502001	"WR*"	12.35	"AP J11194296-6127124"
5540778	"WR 44-1"	"WR 44-1"	169.92927511249	-61.45341829502001	"WR*"	12.35	"Gaia DR2 5337356550268311168"
5540778	"WR 44-1"	"WR 44-1"	169.92927511249	-61.45341829502001	"WR*"	12.35	"Gaia DR3 5337356550268311168"
5540778	"WR 44-1"	"WR 44-1"	169.92927511249	-61.45341829502001	"WR*"	12.35	"[SMG2009] 740-16"
5540778	"WR 44-1"	"WR 44-1"	169.92927511249	-61.45341829502001	"WR*"	12.35	"TIC 468011746"
5540778	"WR 44-1"	"WR 44-1"	169.92927511249	-61.45341829502001	"WR*"	12.35	"WR 44-1"
5540779	"WR 45-2"	"WR 45-2"	176.52773238302	-62.78685914224	"WR*"	17.17	"2MASS J11460666-6247127"
5540779	"WR 45-2"	"WR 45-2"	176.52773238302	-62.78685914224	"WR*"	17.17	"Gaia DR2 5333281038625611392"
5540779	"WR 45-2"	"WR 45-2"	176.52773238302	-62.78685914224	"WR*"	17.17	"Gaia DR3 5333281038625611392"
5540779	"WR 45-2"	"WR 45-2"	176.52773238302	-62.78685914224	"WR*"	17.17	"[SMG2009] 768-6"
5540779	"WR 45-2"	"WR 45-2"	176.52773238302	-62.78685914224	"WR*"	17.17	"TIC 323334799"
5540779	"WR 45-2"	"WR 45-2"	176.52773238302	-62.78685914224	"WR*"	17.17	"WR 45-2"
5540780	"WR 45-3"	"WR 45-3"	177.51767883771	-62.87095335815	"WR*"		"2MASS J11500424-6252154"
5540780	"WR 45-3"	"WR 45-3"	177.51767883771	-62.87095335815	"WR*"		"Gaia DR2 5333291106030306688"
5540780	"WR 45-3"	"WR 45-3"	177.51767883771	-62.87095335815	"WR*"		"Gaia DR3 5333291106030306688"
5540780	"WR 45-3"	"WR 45-3"	177.51767883771	-62.87095335815	"WR*"		"[SMG2009] 772-17"
5540780	"WR 45-3"	"WR 45-3"	177.51767883771	-62.87095335815	"WR*"		"TIC 325161519"
5540780	"WR 45-3"	"WR 45-3"	177.51767883771	-62.87095335815	"WR*"		"WR 45-3"
5540781	"WR 46-10"	"WR 46-10"	183.36789166666662	-62.695272222222215	"WR*"		"2MASS J12132829-6241429"
5540781	"WR 46-10"	"WR 46-10"	183.36789166666662	-62.695272222222215	"WR*"		"[SMG2009] 791-12c"
5540781	"WR 46-10"	"WR 46-10"	183.36789166666662	-62.695272222222215	"WR*"		"SPICY 12602"
5540781	"WR 46-10"	"WR 46-10"	183.36789166666662	-62.695272222222215	"WR*"		"SSTGLMC G298.5936-00.1438"
5540781	"WR 46-10"	"WR 46-10"	183.36789166666662	-62.695272222222215	"WR*"		"TIC 382621903"
5540781	"WR 46-10"	"WR 46-10"	183.36789166666662	-62.695272222222215	"WR*"		"WR 46-10"
5540782	"WR 46-11"	"WR 46-11"	187.17463992800998	-63.42947435386001	"WR*"		"2MASS J12284191-6325461"
5540782	"WR 46-11"	"WR 46-11"	187.17463992800998	-63.42947435386001	"WR*"		"Gaia DR2 6053731497237581568"
5540782	"WR 46-11"	"WR 46-11"	187.17463992800998	-63.42947435386001	"WR*"		"Gaia DR3 6053731497237581568"
5540782	"WR 46-11"	"WR 46-11"	187.17463992800998	-63.42947435386001	"WR*"		"[SMG2009] 808-14"
5540782	"WR 46-11"	"WR 46-11"	187.17463992800998	-63.42947435386001	"WR*"		"TIC 450794026"
5540782	"WR 46-11"	"WR 46-11"	187.17463992800998	-63.42947435386001	"WR*"		"WR 46-11"
5540783	"WR 46-13"	"WR 46-13"	187.51612233897998	-62.83809440292	"WR*"		"2MASS J12300386-6250171"
5540783	"WR 46-13"	"WR 46-13"	187.51612233897998	-62.83809440292	"WR*"		"Gaia DR2 6053899821263571328"
5540783	"WR 46-13"	"WR 46-13"	187.51612233897998	-62.83809440292	"WR*"		"Gaia DR3 6053899825584290432"
5540783	"WR 46-13"	"WR 46-13"	187.51612233897998	-62.83809440292	"WR*"		"[SMG2009] 807-16"
5540783	"WR 46-13"	"WR 46-13"	187.51612233897998	-62.83809440292	"WR*"		"SPICY 13518"
5540783	"WR 46-13"	"WR 46-13"	187.51612233897998	-62.83809440292	"WR*"		"SSTGLMC G300.4954-00.0675"
5540783	"WR 46-13"	"WR 46-13"	187.51612233897998	-62.83809440292	"WR*"		"TIC 451045426"
5540783	"WR 46-13"	"WR 46-13"	187.51612233897998	-62.83809440292	"WR*"		"WR 46-13"
5540784	"WR 46-14"	"WR 46-14"	189.57818695486	-63.405459101439995	"WR*"		"2MASS J12381878-6324197"
5540784	"WR 46-14"	"WR 46-14"	189.57818695486	-63.405459101439995	"WR*"		"Gaia DR2 6053591923647688064"
5540784	"WR 46-14"	"WR 46-14"	189.57818695486	-63.405459101439995	"WR*"		"Gaia DR3 6053591923647688064"
5540784	"WR 46-14"	"WR 46-14"	189.57818695486	-63.405459101439995	"WR*"		"[SMG2009] 816-10"
5540784	"WR 46-14"	"WR 46-14"	189.57818695486	-63.405459101439995	"WR*"		"SPICY 13947"
5540784	"WR 46-14"	"WR 46-14"	189.57818695486	-63.405459101439995	"WR*"		"SSTGLMC G301.4636-00.5712"
5540784	"WR 46-14"	"WR 46-14"	189.57818695486	-63.405459101439995	"WR*"		"TIC 338398806"
5540784	"WR 46-14"	"WR 46-14"	189.57818695486	-63.405459101439995	"WR*"		"WR 46-14"
5540785	"WR 47-2"	"WR 47-2"	193.93437500520997	-63.597238118590006	"WR*"		"2MASS J12554426-6335500"
5540785	"WR 47-2"	"WR 47-2"	193.93437500520997	-63.597238118590006	"WR*"		"Gaia DR3 5862754470762223488"
5540785	"WR 47-2"	"WR 47-2"	193.93437500520997	-63.597238118590006	"WR*"		"[SMG2009] 832-25"
5540785	"WR 47-2"	"WR 47-2"	193.93437500520997	-63.597238118590006	"WR*"		"TIC 436788921"
5540785	"WR 47-2"	"WR 47-2"	193.93437500520997	-63.597238118590006	"WR*"		"WR 47-2"
5540786	"WR 47-3"	"WR 47-3"	195.7961144875633	-63.704541062974165	"WR*"		"2MASS J13031108-6342162"
5540786	"WR 47-3"	"WR 47-3"	195.7961144875633	-63.704541062974165	"WR*"		"Gaia DR3 5862310195003201152"
5540786	"WR 47-3"	"WR 47-3"	195.7961144875633	-63.704541062974165	"WR*"		"[SMG2009] 856-13c"
5540786	"WR 47-3"	"WR 47-3"	195.7961144875633	-63.704541062974165	"WR*"		"TIC 439381789"
5540786	"WR 47-3"	"WR 47-3"	195.7961144875633	-63.704541062974165	"WR*"		"WR 47-3"
5540788	"WR 48-3"	"WR 48-3"	198.0888435532233	-62.67010757206	"WR*"		"2MASS J13122130-6240125"
5540788	"WR 48-3"	"WR 48-3"	198.0888435532233	-62.67010757206	"WR*"		"AP J13122130-6240125"
5540788	"WR 48-3"	"WR 48-3"	198.0888435532233	-62.67010757206	"WR*"		"Gaia DR3 5862503163620954752"
5540788	"WR 48-3"	"WR 48-3"	198.0888435532233	-62.67010757206	"WR*"		"[MVM2011b] MDM4"
5540788	"WR 48-3"	"WR 48-3"	198.0888435532233	-62.67010757206	"WR*"		"[SMG2009] 845-34"
5540788	"WR 48-3"	"WR 48-3"	198.0888435532233	-62.67010757206	"WR*"		"TIC 442387545"
5540788	"WR 48-3"	"WR 48-3"	198.0888435532233	-62.67010757206	"WR*"		"WR 48-3"
5540789	"WR 48-4"	"WR 48-4"	198.11526999670997	-62.73945017108	"WR*"		"2MASS J13122766-6244220"
5540789	"WR 48-4"	"WR 48-4"	198.11526999670997	-62.73945017108	"WR*"		"Gaia DR2 5862501613104119424"
5540789	"WR 48-4"	"WR 48-4"	198.11526999670997	-62.73945017108	"WR*"		"Gaia DR3 5862501613104119424"
5540789	"WR 48-4"	"WR 48-4"	198.11526999670997	-62.73945017108	"WR*"		"[MVM2011b] MDM6"
5540789	"WR 48-4"	"WR 48-4"	198.11526999670997	-62.73945017108	"WR*"		"[SMG2009] 845-35"
5540789	"WR 48-4"	"WR 48-4"	198.11526999670997	-62.73945017108	"WR*"		"TIC 442399040"
5540789	"WR 48-4"	"WR 48-4"	198.11526999670997	-62.73945017108	"WR*"		"WR 48-4"
5540790	"WR 48-5"	"WR 48-5"	198.18893646441998	-63.097777464379995	"WR*"		"2MASS J13124535-6305520"
5540790	"WR 48-5"	"WR 48-5"	198.18893646441998	-63.097777464379995	"WR*"		"Gaia DR2 5862430969485396224"
5540790	"WR 48-5"	"WR 48-5"	198.18893646441998	-63.097777464379995	"WR*"		"Gaia DR3 5862430969485396224"
5540790	"WR 48-5"	"WR 48-5"	198.18893646441998	-63.097777464379995	"WR*"		"[SMG2009] 847-8"
5540790	"WR 48-5"	"WR 48-5"	198.18893646441998	-63.097777464379995	"WR*"		"TIC 442794841"
5540790	"WR 48-5"	"WR 48-5"	198.18893646441998	-63.097777464379995	"WR*"		"WR 48-5"
5540792	"WR 52-2"	"WR 52-2"	202.06617700718996	-62.10653938992001	"WR*"		"2MASS J13281587-6206235"
5540792	"WR 52-2"	"WR 52-2"	202.06617700718996	-62.10653938992001	"WR*"		"Gaia DR2 5868410289859556480"
5540792	"WR 52-2"	"WR 52-2"	202.06617700718996	-62.10653938992001	"WR*"		"Gaia DR3 5868410289859556480"
5540792	"WR 52-2"	"WR 52-2"	202.06617700718996	-62.10653938992001	"WR*"		"[SMG2009] 858-26"
5540792	"WR 52-2"	"WR 52-2"	202.06617700718996	-62.10653938992001	"WR*"		"TIC 313671922"
5540792	"WR 52-2"	"WR 52-2"	202.06617700718996	-62.10653938992001	"WR*"		"WR 52-2"
5540794	"WR 59-2"	"WR 59-2"	208.55603186622997	-61.83384041285001	"WR*"		"2MASS J13541345-6150018"
5540794	"WR 59-2"	"WR 59-2"	208.55603186622997	-61.83384041285001	"WR*"		"Gaia DR2 5867065376634816896"
5540794	"WR 59-2"	"WR 59-2"	208.55603186622997	-61.83384041285001	"WR*"		"Gaia DR3 5867065376634816896"
5540794	"WR 59-2"	"WR 59-2"	208.55603186622997	-61.83384041285001	"WR*"		"[SMG2009] 885-11"
5540794	"WR 59-2"	"WR 59-2"	208.55603186622997	-61.83384041285001	"WR*"		"TIC 300359549"
5540794	"WR 59-2"	"WR 59-2"	208.55603186622997	-61.83384041285001	"WR*"		"WR 59-2"
5540796	"WR 60-2"	"WR 60-2"	213.15229224005998	-61.759101173	"WR*"		"2MASS J14123654-6145326"
5540796	"WR 60-2"	"WR 60-2"	213.15229224005998	-61.759101173	"WR*"		"Gaia DR2 5866506721648610816"
5540796	"WR 60-2"	"WR 60-2"	213.15229224005998	-61.759101173	"WR*"		"Gaia DR3 5866506721648610816"
5540796	"WR 60-2"	"WR 60-2"	213.15229224005998	-61.759101173	"WR*"		"[SMG2009] 903-15c"
5540796	"WR 60-2"	"WR 60-2"	213.15229224005998	-61.759101173	"WR*"		"TIC 332616736"
5540796	"WR 60-2"	"WR 60-2"	213.15229224005998	-61.759101173	"WR*"		"WR 60-2"
5540799	"WR 68-1"	"WR 68-1"	230.14967924646004	-57.45332020088	"WR*"		"2MASS J15203591-5727119"
5540799	"WR 68-1"	"WR 68-1"	230.14967924646004	-57.45332020088	"WR*"		"Gaia DR2 5883143260293256064"
5540799	"WR 68-1"	"WR 68-1"	230.14967924646004	-57.45332020088	"WR*"		"Gaia DR3 5883143260293256064"
5540799	"WR 68-1"	"WR 68-1"	230.14967924646004	-57.45332020088	"WR*"		"[SMG2009] 979-11"
5540799	"WR 68-1"	"WR 68-1"	230.14967924646004	-57.45332020088	"WR*"		"SPICY 26793"
5540799	"WR 68-1"	"WR 68-1"	230.14967924646004	-57.45332020088	"WR*"		"SSTGLMC G321.9546-00.1975"
5540799	"WR 68-1"	"WR 68-1"	230.14967924646004	-57.45332020088	"WR*"		"TIC 45757580"
5540799	"WR 68-1"	"WR 68-1"	230.14967924646004	-57.45332020088	"WR*"		"WR 68-1"
5540800	"WR 70-3"	"WR 70-3"	235.76950416666665	-55.186763888888876	"WR*"	17.31	"2MASS J15430468-5511123"
5540800	"WR 70-3"	"WR 70-3"	235.76950416666665	-55.186763888888876	"WR*"	17.31	"[SMG2009] 1011-24"
5540800	"WR 70-3"	"WR 70-3"	235.76950416666665	-55.186763888888876	"WR*"	17.31	"TIC 66170979"
5540800	"WR 70-3"	"WR 70-3"	235.76950416666665	-55.186763888888876	"WR*"	17.31	"WR 70-3"
5540801	"WR 72-2"	"WR 72-2"	242.93211140514	-51.17126228699	"WR*"		"2MASS J16114370-5110166"
5540801	"WR 72-2"	"WR 72-2"	242.93211140514	-51.17126228699	"WR*"		"Gaia DR2 5934986161252478848"
5540801	"WR 72-2"	"WR 72-2"	242.93211140514	-51.17126228699	"WR*"		"Gaia DR3 5934986165584098048"
5540801	"WR 72-2"	"WR 72-2"	242.93211140514	-51.17126228699	"WR*"		"[SMG2009] 1053-27"
5540801	"WR 72-2"	"WR 72-2"	242.93211140514	-51.17126228699	"WR*"		"TIC 216053867"
5540801	"WR 72-2"	"WR 72-2"	242.93211140514	-51.17126228699	"WR*"		"WR 72-2"
5540803	"WR 75-1"	"WR 75-1"	246.24532207868998	-48.94789070969999	"WR*"		"2MASS J16245886-4856524"
5540803	"WR 75-1"	"WR 75-1"	246.24532207868998	-48.94789070969999	"WR*"		"Gaia DR2 5941455760690440448"
5540803	"WR 75-1"	"WR 75-1"	246.24532207868998	-48.94789070969999	"WR*"		"Gaia DR3 5941455760690440448"
5540803	"WR 75-1"	"WR 75-1"	246.24532207868998	-48.94789070969999	"WR*"		"[SFZ2012] 1081-76L"
5540803	"WR 75-1"	"WR 75-1"	246.24532207868998	-48.94789070969999	"WR*"		"[SMG2009] 1081-21"
5540803	"WR 75-1"	"WR 75-1"	246.24532207868998	-48.94789070969999	"WR*"		"TIC 2750875"
5540803	"WR 75-1"	"WR 75-1"	246.24532207868998	-48.94789070969999	"WR*"		"WR 75-1"
5540807	"WR 75-5"	"WR 75-5"	248.84715416666663	-48.155025	"WR*"		"2MASS J16352331-4809180"
5540807	"WR 75-5"	"WR 75-5"	248.84715416666663	-48.155025	"WR*"		"[SFZ2012] 1095-98L"
5540807	"WR 75-5"	"WR 75-5"	248.84715416666663	-48.155025	"WR*"		"[SMG2009] 1096-22"
5540807	"WR 75-5"	"WR 75-5"	248.84715416666663	-48.155025	"WR*"		"TIC 25445089"
5540807	"WR 75-5"	"WR 75-5"	248.84715416666663	-48.155025	"WR*"		"WR 75-5"
5540808	"WR 91-1"	"WR 91-1"	260.6697541666666	-35.08137500000001	"WR*"		"2MASS J17224074-3504529"
5540808	"WR 91-1"	"WR 91-1"	260.6697541666666	-35.08137500000001	"WR*"		"[SFZ2012] 1218-38L"
5540808	"WR 91-1"	"WR 91-1"	260.6697541666666	-35.08137500000001	"WR*"		"[SMG2009] 1222-15"
5540808	"WR 91-1"	"WR 91-1"	260.6697541666666	-35.08137500000001	"WR*"		"TIC 156870663"
5540808	"WR 91-1"	"WR 91-1"	260.6697541666666	-35.08137500000001	"WR*"		"WR 91-1"
5540809	"WR 111-3"	"WR 111-3"	273.42697799707	-17.47006704454	"WR*"		"2MASS J18134247-1728122"
5540809	"WR 111-3"	"WR 111-3"	273.42697799707	-17.47006704454	"WR*"		"Gaia DR2 4097435741411560704"
5540809	"WR 111-3"	"WR 111-3"	273.42697799707	-17.47006704454	"WR*"		"Gaia DR3 4097435741411560704"
5540809	"WR 111-3"	"WR 111-3"	273.42697799707	-17.47006704454	"WR*"		"[SFZ2012] 1385-9L"
5540809	"WR 111-3"	"WR 111-3"	273.42697799707	-17.47006704454	"WR*"		"[SMG2009] 1385-24"
5540809	"WR 111-3"	"WR 111-3"	273.42697799707	-17.47006704454	"WR*"		"TIC 109494830"
5540809	"WR 111-3"	"WR 111-3"	273.42697799707	-17.47006704454	"WR*"		"WR 111-3"
5540810	"WR 113-2"	"WR 113-2"	275.7642833333333	-13.166777777777776	"WR*"	14.49	"2MASS J18230342-1310003"
5540810	"WR 113-2"	"WR 113-2"	275.7642833333333	-13.166777777777776	"WR*"	14.49	"[SFZ2012] 1425-15L"
5540810	"WR 113-2"	"WR 113-2"	275.7642833333333	-13.166777777777776	"WR*"	14.49	"[SMG2009] 1425-47"
5540810	"WR 113-2"	"WR 113-2"	275.7642833333333	-13.166777777777776	"WR*"	14.49	"TIC 119107260"
5540810	"WR 113-2"	"WR 113-2"	275.7642833333333	-13.166777777777776	"WR*"	14.49	"WR 113-2"
5540811	"WR 116-2"	"WR 116-2"	277.391021844	-8.6505757822	"WR*"		"2MASS J18293384-0839020"
5540811	"WR 116-2"	"WR 116-2"	277.391021844	-8.6505757822	"WR*"		"Gaia DR2 4156611555997469824"
5540811	"WR 116-2"	"WR 116-2"	277.391021844	-8.6505757822	"WR*"		"Gaia DR3 4156611555997469824"
5540811	"WR 116-2"	"WR 116-2"	277.391021844	-8.6505757822	"WR*"		"[SMG2009] 1462-54"
5540811	"WR 116-2"	"WR 116-2"	277.391021844	-8.6505757822	"WR*"		"SPICY 84828"
5540811	"WR 116-2"	"WR 116-2"	277.391021844	-8.6505757822	"WR*"		"SSTGLMC G022.7460+00.8746"
5540811	"WR 116-2"	"WR 116-2"	277.391021844	-8.6505757822	"WR*"		"TIC 214150632"
5540811	"WR 116-2"	"WR 116-2"	277.391021844	-8.6505757822	"WR*"		"UGPS J182933.84-083902.0"
5540811	"WR 116-2"	"WR 116-2"	277.391021844	-8.6505757822	"WR*"		"WR 116-2"
5540814	"WR 124-2"	"WR 124-2"	290.16830580398	13.84311001186	"WR*"		"2MASS J19204038+1350352"
5540814	"WR 124-2"	"WR 124-2"	290.16830580398	13.84311001186	"WR*"		"Gaia DR2 4319423252107433216"
5540814	"WR 124-2"	"WR 124-2"	290.16830580398	13.84311001186	"WR*"		"Gaia DR3 4319423252107433216"
5540814	"WR 124-2"	"WR 124-2"	290.16830580398	13.84311001186	"WR*"		"[SFZ2012] 1671-32L"
5540814	"WR 124-2"	"WR 124-2"	290.16830580398	13.84311001186	"WR*"		"[SMG2009] 1671-5"
5540814	"WR 124-2"	"WR 124-2"	290.16830580398	13.84311001186	"WR*"		"TIC 425013454"
5540814	"WR 124-2"	"WR 124-2"	290.16830580398	13.84311001186	"WR*"		"WR 124-2"
6065730	"WR 70-5"	"WR 70-5"	237.17546736956	-55.131719425030006	"WR*"		"2MASS J15484210-5507542"
6065730	"WR 70-5"	"WR 70-5"	237.17546736956	-55.131719425030006	"WR*"		"Gaia DR2 5884424092561607168"
6065730	"WR 70-5"	"WR 70-5"	237.17546736956	-55.131719425030006	"WR*"		"Gaia DR3 5884424092561607168"
6065730	"WR 70-5"	"WR 70-5"	237.17546736956	-55.131719425030006	"WR*"		"TIC 75709786"
6065730	"WR 70-5"	"WR 70-5"	237.17546736956	-55.131719425030006	"WR*"		"WR 70-5"
6065756	"WR 108-1"	"[GKF2010] MN76"	271.77150133758	-20.254640280799997	"WR*"		"2MASS J18070516-2015163"
6065756	"WR 108-1"	"[GKF2010] MN76"	271.77150133758	-20.254640280799997	"WR*"		"DENIS J180705.1-201516"
6065756	"WR 108-1"	"[GKF2010] MN76"	271.77150133758	-20.254640280799997	"WR*"		"[FSZ2014] WR1361-1583"
6065756	"WR 108-1"	"[GKF2010] MN76"	271.77150133758	-20.254640280799997	"WR*"		"Gaia DR2 4094936822058475136"
6065756	"WR 108-1"	"[GKF2010] MN76"	271.77150133758	-20.254640280799997	"WR*"		"Gaia DR3 4094936822058475136"
6065756	"WR 108-1"	"[GKF2010] MN76"	271.77150133758	-20.254640280799997	"WR*"		"[GKF2010] MN76"
6065756	"WR 108-1"	"[GKF2010] MN76"	271.77150133758	-20.254640280799997	"WR*"		"MGE G009.9541+00.1556"
6065756	"WR 108-1"	"[GKF2010] MN76"	271.77150133758	-20.254640280799997	"WR*"		"TIC 184918600"
6065756	"WR 108-1"	"[GKF2010] MN76"	271.77150133758	-20.254640280799997	"WR*"		"WR 108-1"
6140362	"WR 67-1"	"NAME Sapaki"	229.15400414187	-58.16632917325	"WR*"	16.25	"2MASS J15163696-5809587"
6140362	"WR 67-1"	"NAME Sapaki"	229.15400414187	-58.16632917325	"WR*"	16.25	"DENIS J151636.9-580958"
6140362	"WR 67-1"	"NAME Sapaki"	229.15400414187	-58.16632917325	"WR*"	16.25	"Gaia DR2 5877138831615057792"
6140362	"WR 67-1"	"NAME Sapaki"	229.15400414187	-58.16632917325	"WR*"	16.25	"Gaia DR3 5877138831615057792"
6140362	"WR 67-1"	"NAME Sapaki"	229.15400414187	-58.16632917325	"WR*"	16.25	"NAME Sapaki"
6140362	"WR 67-1"	"NAME Sapaki"	229.15400414187	-58.16632917325	"WR*"	16.25	"TIC 43598056"
6140362	"WR 67-1"	"NAME Sapaki"	229.15400414187	-58.16632917325	"WR*"	16.25	"UCAC2   6401198"
6140362	"WR 67-1"	"NAME Sapaki"	229.15400414187	-58.16632917325	"WR*"	16.25	"UCAC3 64-317504"
6140362	"WR 67-1"	"NAME Sapaki"	229.15400414187	-58.16632917325	"WR*"	16.25	"WR 67-1"
6140362	"WR 67-1"	"NAME Sapaki"	229.15400414187	-58.16632917325	"WR*"	16.25	"WR  67a"
6140362	"WR  67a"	"NAME Sapaki"	229.15400414187	-58.16632917325	"WR*"	16.25	"2MASS J15163696-5809587"
6140362	"WR  67a"	"NAME Sapaki"	229.15400414187	-58.16632917325	"WR*"	16.25	"DENIS J151636.9-580958"
6140362	"WR  67a"	"NAME Sapaki"	229.15400414187	-58.16632917325	"WR*"	16.25	"Gaia DR2 5877138831615057792"
6140362	"WR  67a"	"NAME Sapaki"	229.15400414187	-58.16632917325	"WR*"	16.25	"Gaia DR3 5877138831615057792"
6140362	"WR  67a"	"NAME Sapaki"	229.15400414187	-58.16632917325	"WR*"	16.25	"NAME Sapaki"
6140362	"WR  67a"	"NAME Sapaki"	229.15400414187	-58.16632917325	"WR*"	16.25	"TIC 43598056"
6140362	"WR  67a"	"NAME Sapaki"	229.15400414187	-58.16632917325	"WR*"	16.25	"UCAC2   6401198"
6140362	"WR  67a"	"NAME Sapaki"	229.15400414187	-58.16632917325	"WR*"	16.25	"UCAC3 64-317504"
6140362	"WR  67a"	"NAME Sapaki"	229.15400414187	-58.16632917325	"WR*"	16.25	"WR 67-1"
6140362	"WR  67a"	"NAME Sapaki"	229.15400414187	-58.16632917325	"WR*"	16.25	"WR  67a"
6140363	"WR 67-2"	"WR  67b"	229.44292083333335	-57.949802777777776	"WR*"		"2MASS J15174630-5756592"
6140363	"WR 67-2"	"WR  67b"	229.44292083333335	-57.949802777777776	"WR*"		"DENIS J151746.3-575659"
6140363	"WR 67-2"	"WR  67b"	229.44292083333335	-57.949802777777776	"WR*"		"TIC 44170836"
6140363	"WR 67-2"	"WR  67b"	229.44292083333335	-57.949802777777776	"WR*"		"WR 67-2"
6140363	"WR 67-2"	"WR  67b"	229.44292083333335	-57.949802777777776	"WR*"		"WR  67b"
6140363	"WR  67b"	"WR  67b"	229.44292083333335	-57.949802777777776	"WR*"		"2MASS J15174630-5756592"
6140363	"WR  67b"	"WR  67b"	229.44292083333335	-57.949802777777776	"WR*"		"DENIS J151746.3-575659"
6140363	"WR  67b"	"WR  67b"	229.44292083333335	-57.949802777777776	"WR*"		"TIC 44170836"
6140363	"WR  67b"	"WR  67b"	229.44292083333335	-57.949802777777776	"WR*"		"WR 67-2"
6140363	"WR  67b"	"WR  67b"	229.44292083333335	-57.949802777777776	"WR*"		"WR  67b"
6178119	"WR 46-15"	"[MVM2011b] MDM2"	183.80204999999998	-62.778858	"WR*"		"2MASS J12151249-6246438"
6178119	"WR 46-15"	"[MVM2011b] MDM2"	183.80204999999998	-62.778858	"WR*"		"[MVM2011b] MDM2"
6178119	"WR 46-15"	"[MVM2011b] MDM2"	183.80204999999998	-62.778858	"WR*"		"TIC 382983827"
6178119	"WR 46-15"	"[MVM2011b] MDM2"	183.80204999999998	-62.778858	"WR*"		"WISEA J121512.48-624643.9"
6178119	"WR 46-15"	"[MVM2011b] MDM2"	183.80204999999998	-62.778858	"WR*"		"WISE J121512.49-624643.9"
6178119	"WR 46-15"	"[MVM2011b] MDM2"	183.80204999999998	-62.778858	"WR*"		"WR 46-15"
6178120	"WR 48-6"	"WR 48-6"	198.03775560117998	-62.724088369899995	"WR*"		"2MASS J13120905-6243267"
6178120	"WR 48-6"	"WR 48-6"	198.03775560117998	-62.724088369899995	"WR*"		"AP J13120905-6243267"
6178120	"WR 48-6"	"WR 48-6"	198.03775560117998	-62.724088369899995	"WR*"		"Gaia DR2 5862501922341768704"
6178120	"WR 48-6"	"WR 48-6"	198.03775560117998	-62.724088369899995	"WR*"		"Gaia DR3 5862501922341768704"
6178120	"WR 48-6"	"WR 48-6"	198.03775560117998	-62.724088369899995	"WR*"		"[MVM2011b] MDM3"
6178120	"WR 48-6"	"WR 48-6"	198.03775560117998	-62.724088369899995	"WR*"		"TIC 442392225"
6178120	"WR 48-6"	"WR 48-6"	198.03775560117998	-62.724088369899995	"WR*"		"WR 48-6"
6178121	"WR 48-7"	"WR 48-7"	198.10614105308997	-62.74494053409	"WR*"		"2MASS J13122546-6244417"
6178121	"WR 48-7"	"WR 48-7"	198.10614105308997	-62.74494053409	"WR*"		"AP J13122546-6244417"
6178121	"WR 48-7"	"WR 48-7"	198.10614105308997	-62.74494053409	"WR*"		"Gaia DR2 5862501617432628608"
6178121	"WR 48-7"	"WR 48-7"	198.10614105308997	-62.74494053409	"WR*"		"Gaia DR3 5862501617432628608"
6178121	"WR 48-7"	"WR 48-7"	198.10614105308997	-62.74494053409	"WR*"		"[MVM2011b] MDM5"
6178121	"WR 48-7"	"WR 48-7"	198.10614105308997	-62.74494053409	"WR*"		"TIC 442394232"
6178121	"WR 48-7"	"WR 48-7"	198.10614105308997	-62.74494053409	"WR*"		"WR 48-7"
6178122	"WR 48-8"	"WR 48-8"	198.11879488059998	-62.69749226272	"WR*"	16.21	"2MASS J13122850-6241509"
6178122	"WR 48-8"	"WR 48-8"	198.11879488059998	-62.69749226272	"WR*"	16.21	"[CBC2012] Obj32"
6178122	"WR 48-8"	"WR 48-8"	198.11879488059998	-62.69749226272	"WR*"	16.21	"[DCT2012] D1-5"
6178122	"WR 48-8"	"WR 48-8"	198.11879488059998	-62.69749226272	"WR*"	16.21	"Gaia DR2 5862502338987197312"
6178122	"WR 48-8"	"WR 48-8"	198.11879488059998	-62.69749226272	"WR*"	16.21	"Gaia DR3 5862502338987197312"
6178122	"WR 48-8"	"WR 48-8"	198.11879488059998	-62.69749226272	"WR*"	16.21	"[MVM2011b] MDM7"
6178122	"WR 48-8"	"WR 48-8"	198.11879488059998	-62.69749226272	"WR*"	16.21	"TIC 442382302"
6178122	"WR 48-8"	"WR 48-8"	198.11879488059998	-62.69749226272	"WR*"	16.21	"WR 48-8"
6178123	"WR 48-9"	"WR 48-9"	198.11901592068	-62.695491494479995	"WR*"	14.96	"2MASS J13122855-6241438"
6178123	"WR 48-9"	"WR 48-9"	198.11901592068	-62.695491494479995	"WR*"	14.96	"AP J13122855-6241438"
6178123	"WR 48-9"	"WR 48-9"	198.11901592068	-62.695491494479995	"WR*"	14.96	"[CBC2012] Obj31"
6178123	"WR 48-9"	"WR 48-9"	198.11901592068	-62.695491494479995	"WR*"	14.96	"[DCT2012] D1-1"
6178123	"WR 48-9"	"WR 48-9"	198.11901592068	-62.695491494479995	"WR*"	14.96	"Gaia DR2 5862502338987201408"
6178123	"WR 48-9"	"WR 48-9"	198.11901592068	-62.695491494479995	"WR*"	14.96	"Gaia DR3 5862502338987201408"
6178123	"WR 48-9"	"WR 48-9"	198.11901592068	-62.695491494479995	"WR*"	14.96	"[MVM2011b] MDM8"
6178123	"WR 48-9"	"WR 48-9"	198.11901592068	-62.695491494479995	"WR*"	14.96	"TIC 442382301"
6178123	"WR 48-9"	"WR 48-9"	198.11901592068	-62.695491494479995	"WR*"	14.96	"WR 48-9"
6178126	"WR 60-3"	"WR 60-3"	210.3145625	-62.638875	"WR*"		"2MASS J14011549-6238199"
6178126	"WR 60-3"	"WR 60-3"	210.3145625	-62.638875	"WR*"		"[MVM2011b] MDM11"
6178126	"WR 60-3"	"WR 60-3"	210.3145625	-62.638875	"WR*"		"TIC 327043611"
6178126	"WR 60-3"	"WR 60-3"	210.3145625	-62.638875	"WR*"		"WR 60-3"
6178127	"WR 60-4"	"WR 60-4"	211.15279999999998	-61.487922222222224	"WR*"		"2MASS J14043667-6129165"
6178127	"WR 60-4"	"WR 60-4"	211.15279999999998	-61.487922222222224	"WR*"		"[MVM2011b] MDM12"
6178127	"WR 60-4"	"WR 60-4"	211.15279999999998	-61.487922222222224	"WR*"		"TIC 328486074"
6178127	"WR 60-4"	"WR 60-4"	211.15279999999998	-61.487922222222224	"WR*"		"WR 60-4"
6178128	"WR 61-3"	"WR 61-3"	215.12812970602	-60.806163293199994	"WR*"		"2MASS J14203074-6048221"
6178128	"WR 61-3"	"WR 61-3"	215.12812970602	-60.806163293199994	"WR*"		"Gaia DR2 5866654507192171904"
6178128	"WR 61-3"	"WR 61-3"	215.12812970602	-60.806163293199994	"WR*"		"Gaia DR3 5866654507192171904"
6178128	"WR 61-3"	"WR 61-3"	215.12812970602	-60.806163293199994	"WR*"		"[MVM2011b] MDM13"
6178128	"WR 61-3"	"WR 61-3"	215.12812970602	-60.806163293199994	"WR*"		"TIC 337452900"
6178128	"WR 61-3"	"WR 61-3"	215.12812970602	-60.806163293199994	"WR*"		"WR 61-3"
6178133	"WR 72-3"	"WR 72-3"	242.5260458333333	-50.7996	"WR*"		"2MASS J16100625-5047585"
6178133	"WR 72-3"	"WR 72-3"	242.5260458333333	-50.7996	"WR*"		"[MVM2011b] MDM18"
6178133	"WR 72-3"	"WR 72-3"	242.5260458333333	-50.7996	"WR*"		"[SFZ2012] 1054-43L"
6178133	"WR 72-3"	"WR 72-3"	242.5260458333333	-50.7996	"WR*"		"TIC 215761415"
6178133	"WR 72-3"	"WR 72-3"	242.5260458333333	-50.7996	"WR*"		"WR 72-3"
6178136	"WR 75-6"	"WR 75-6"	247.22261666666662	-48.56094722222222	"WR*"		"2MASS J16285342-4833394"
6178136	"WR 75-6"	"WR 75-6"	247.22261666666662	-48.56094722222222	"WR*"		"[MVM2011b] MDM21"
6178136	"WR 75-6"	"WR 75-6"	247.22261666666662	-48.56094722222222	"WR*"		"TIC 12275790"
6178136	"WR 75-6"	"WR 75-6"	247.22261666666662	-48.56094722222222	"WR*"		"WR 75-6"
6178139	"WR 75-9"	"WR 75-9"	248.43932499999997	-47.85807777777778	"WR*"		"2MASS J16334543-4751290"
6178139	"WR 75-9"	"WR 75-9"	248.43932499999997	-47.85807777777778	"WR*"		"[MVM2011b] MDM24"
6178139	"WR 75-9"	"WR 75-9"	248.43932499999997	-47.85807777777778	"WR*"		"[SFZ2012] 1093-59L"
6178139	"WR 75-9"	"WR 75-9"	248.43932499999997	-47.85807777777778	"WR*"		"TIC 228129130"
6178139	"WR 75-9"	"WR 75-9"	248.43932499999997	-47.85807777777778	"WR*"		"WR 75-9"
6178141	"WR 75-11"	"WR 75-11"	248.77312228814998	-47.28713133571	"WR*"		"2MASS J16350555-4717135"
6178141	"WR 75-11"	"WR 75-11"	248.77312228814998	-47.28713133571	"WR*"		"Gaia DR2 5941292139639772800"
6178141	"WR 75-11"	"WR 75-11"	248.77312228814998	-47.28713133571	"WR*"		"Gaia DR3 5941292139639772800"
6178141	"WR 75-11"	"WR 75-11"	248.77312228814998	-47.28713133571	"WR*"		"[MVM2011b] MDM26"
6178141	"WR 75-11"	"WR 75-11"	248.77312228814998	-47.28713133571	"WR*"		"TIC 228834270"
6178141	"WR 75-11"	"WR 75-11"	248.77312228814998	-47.28713133571	"WR*"		"WR 75-11"
6178148	"WR 115-2"	"WR 115-2"	276.4734041666667	-12.834219444444445	"WR*"		"2MASS J18255361-1250031"
6178148	"WR 115-2"	"WR 115-2"	276.4734041666667	-12.834219444444445	"WR*"		"[MVM2011b] MDM35"
6178148	"WR 115-2"	"WR 115-2"	276.4734041666667	-12.834219444444445	"WR*"		"[SFZ2012] 1431-34L"
6178148	"WR 115-2"	"WR 115-2"	276.4734041666667	-12.834219444444445	"WR*"		"TIC 413392660"
6178148	"WR 115-2"	"WR 115-2"	276.4734041666667	-12.834219444444445	"WR*"		"WR 115-2"
6178149	"WR 115-3"	"WR 115-3"	276.52549802393	-13.06959116469	"WR*"		"2MASS J18260611-1304104"
6178149	"WR 115-3"	"WR 115-3"	276.52549802393	-13.06959116469	"WR*"		"Gaia DR2 4152574080574698752"
6178149	"WR 115-3"	"WR 115-3"	276.52549802393	-13.06959116469	"WR*"		"Gaia DR3 4152574080574698752"
6178149	"WR 115-3"	"WR 115-3"	276.52549802393	-13.06959116469	"WR*"		"[MVM2011b] MDM36"
6178149	"WR 115-3"	"WR 115-3"	276.52549802393	-13.06959116469	"WR*"		"TIC 413463626"
6178149	"WR 115-3"	"WR 115-3"	276.52549802393	-13.06959116469	"WR*"		"WR 115-3"
6178150	"WR 118-4"	"WR 118-4"	278.44847447608	-9.38550107233	"WR*"		"2MASS J18334763-0923077"
6178150	"WR 118-4"	"WR 118-4"	278.44847447608	-9.38550107233	"WR*"		"Gaia DR2 4156266554151949312"
6178150	"WR 118-4"	"WR 118-4"	278.44847447608	-9.38550107233	"WR*"		"Gaia DR3 4156266554151949312"
6178150	"WR 118-4"	"WR 118-4"	278.44847447608	-9.38550107233	"WR*"		"[MVM2011b] MDM39"
6178150	"WR 118-4"	"WR 118-4"	278.44847447608	-9.38550107233	"WR*"		"[SFZ2012] 1463-7L"
6178150	"WR 118-4"	"WR 118-4"	278.44847447608	-9.38550107233	"WR*"		"SSTGLMC G022.5772-00.3912"
6178150	"WR 118-4"	"WR 118-4"	278.44847447608	-9.38550107233	"WR*"		"TIC 217731478"
6178150	"WR 118-4"	"WR 118-4"	278.44847447608	-9.38550107233	"WR*"		"WR 118-4"
6178151	"WR 118-5"	"WR 118-5"	279.4645541666667	-6.144927777777778	"WR*"		"2MASS J18375149-0608417"
6178151	"WR 118-5"	"WR 118-5"	279.4645541666667	-6.144927777777778	"WR*"		"[MVM2011b] MDM40"
6178151	"WR 118-5"	"WR 118-5"	279.4645541666667	-6.144927777777778	"WR*"		"TIC 6831599"
6178151	"WR 118-5"	"WR 118-5"	279.4645541666667	-6.144927777777778	"WR*"		"WR 118-5"
6178152	"WR 118-6"	"WR 118-6"	279.61336286309	-7.179215881960001	"WR*"		"2MASS J18382716-0710447"
6178152	"WR 118-6"	"WR 118-6"	279.61336286309	-7.179215881960001	"WR*"		"Gaia DR2 4252854660635487360"
6178152	"WR 118-6"	"WR 118-6"	279.61336286309	-7.179215881960001	"WR*"		"Gaia DR3 4252854660635487360"
6178152	"WR 118-6"	"WR 118-6"	279.61336286309	-7.179215881960001	"WR*"		"[MVM2011b] MDM41"
6178152	"WR 118-6"	"WR 118-6"	279.61336286309	-7.179215881960001	"WR*"		"[SFZ2012] 1483-212L"
6178152	"WR 118-6"	"WR 118-6"	279.61336286309	-7.179215881960001	"WR*"		"SPICY 88704"
6178152	"WR 118-6"	"WR 118-6"	279.61336286309	-7.179215881960001	"WR*"		"SSTGLMC G025.0665-00.4000"
6178152	"WR 118-6"	"WR 118-6"	279.61336286309	-7.179215881960001	"WR*"		"TIC 7633884"
6178152	"WR 118-6"	"WR 118-6"	279.61336286309	-7.179215881960001	"WR*"		"WR 118-6"
6178153	"WR 119-2"	"WR 119-2"	279.89408749999996	-5.739744444444445	"WR*"		"2MASS J18393458-0544230"
6178153	"WR 119-2"	"WR 119-2"	279.89408749999996	-5.739744444444445	"WR*"		"[MVM2011b] MDM42"
6178153	"WR 119-2"	"WR 119-2"	279.89408749999996	-5.739744444444445	"WR*"		"[SFZ2012] 1493-9L"
6178153	"WR 119-2"	"WR 119-2"	279.89408749999996	-5.739744444444445	"WR*"		"TIC 175996928"
6178153	"WR 119-2"	"WR 119-2"	279.89408749999996	-5.739744444444445	"WR*"		"WR 119-2"
6178154	"WR 120-7"	"WR 120-7"	280.39198179812	-5.067022013009999	"WR*"		"2MASS J18413407-0504012"
6178154	"WR 120-7"	"WR 120-7"	280.39198179812	-5.067022013009999	"WR*"		"Gaia DR2 4256626608314233344"
6178154	"WR 120-7"	"WR 120-7"	280.39198179812	-5.067022013009999	"WR*"		"Gaia DR3 4256626608314233344"
6178154	"WR 120-7"	"WR 120-7"	280.39198179812	-5.067022013009999	"WR*"		"[MVM2011b] MDM43"
6178154	"WR 120-7"	"WR 120-7"	280.39198179812	-5.067022013009999	"WR*"		"[SFZ2012] 1503-160L"
6178154	"WR 120-7"	"WR 120-7"	280.39198179812	-5.067022013009999	"WR*"		"TIC 180870867"
6178154	"WR 120-7"	"WR 120-7"	280.39198179812	-5.067022013009999	"WR*"		"WR 120-7"
6178156	"WR 120-10"	"WR 120-10"	280.99181608994	-2.75479699364	"WR*"	16.25	"2MASS J18435803-0245172"
6178156	"WR 120-10"	"WR 120-10"	280.99181608994	-2.75479699364	"WR*"	16.25	"Gaia DR2 4258703207808502144"
6178156	"WR 120-10"	"WR 120-10"	280.99181608994	-2.75479699364	"WR*"	16.25	"Gaia DR3 4258703207808502144"
6178156	"WR 120-10"	"WR 120-10"	280.99181608994	-2.75479699364	"WR*"	16.25	"[MVM2011b] MDM46"
6178156	"WR 120-10"	"WR 120-10"	280.99181608994	-2.75479699364	"WR*"	16.25	"[SFZ2012] 1517-138L"
6178156	"WR 120-10"	"WR 120-10"	280.99181608994	-2.75479699364	"WR*"	16.25	"TIC 186435496"
6178156	"WR 120-10"	"WR 120-10"	280.99181608994	-2.75479699364	"WR*"	16.25	"WR 120-10"
6178156	"WR 120-10"	"WR 120-10"	280.99181608994	-2.75479699364	"WR*"	16.25	"ZTF J184358.02-024517.2"
6178159	"WR 121-4"	"WR 121-4"	282.3846041666667	-2.407522222222222	"WR*"		"2MASS J18493230-0224270"
6178159	"WR 121-4"	"WR 121-4"	282.3846041666667	-2.407522222222222	"WR*"		"[MVM2011b] MDM49"
6178159	"WR 121-4"	"WR 121-4"	282.3846041666667	-2.407522222222222	"WR*"		"[SFZ2012] 1528-15L"
6178159	"WR 121-4"	"WR 121-4"	282.3846041666667	-2.407522222222222	"WR*"		"TIC 182713433"
6178159	"WR 121-4"	"WR 121-4"	282.3846041666667	-2.407522222222222	"WR*"		"WR 121-4"
6178161	"WR 122-2"	"WR 122-2"	283.18205776996	0.14491989571	"WR*"		"2MASS J18524369+0008415"
6178161	"WR 122-2"	"WR 122-2"	283.18205776996	0.14491989571	"WR*"		"Gaia DR2 4266263411103249920"
6178161	"WR 122-2"	"WR 122-2"	283.18205776996	0.14491989571	"WR*"		"Gaia DR3 4266263411103249920"
6178161	"WR 122-2"	"WR 122-2"	283.18205776996	0.14491989571	"WR*"		"[MVM2011b] MDM51"
6178161	"WR 122-2"	"WR 122-2"	283.18205776996	0.14491989571	"WR*"		"TIC 226504878"
6178161	"WR 122-2"	"WR 122-2"	283.18205776996	0.14491989571	"WR*"		"WR 122-2"
6178162	"WR 122-3"	"WR 122-3"	283.51300821636	1.41412030719	"WR*"		"2MASS J18540312+0124508"
6178162	"WR 122-3"	"WR 122-3"	283.51300821636	1.41412030719	"WR*"		"Gaia DR2 4266994758119500160"
6178162	"WR 122-3"	"WR 122-3"	283.51300821636	1.41412030719	"WR*"		"Gaia DR3 4266994758119500160"
6178162	"WR 122-3"	"WR 122-3"	283.51300821636	1.41412030719	"WR*"		"[MVM2011b] MDM52"
6178162	"WR 122-3"	"WR 122-3"	283.51300821636	1.41412030719	"WR*"		"TIC 226871185"
6178162	"WR 122-3"	"WR 122-3"	283.51300821636	1.41412030719	"WR*"		"WR 122-3"
6178173	"WR 123-3"	"WR 123-3"	287.15871786956	9.472501065849999	"WR*"		"2MASS J19083809+0928210"
6178173	"WR 123-3"	"WR 123-3"	287.15871786956	9.472501065849999	"WR*"		"Gaia DR2 4309176976263877888"
6178173	"WR 123-3"	"WR 123-3"	287.15871786956	9.472501065849999	"WR*"		"Gaia DR3 4309176976263877888"
6178173	"WR 123-3"	"WR 123-3"	287.15871786956	9.472501065849999	"WR*"		"[MVM2011b] MDM55"
6178173	"WR 123-3"	"WR 123-3"	287.15871786956	9.472501065849999	"WR*"		"TIC 199807468"
6178173	"WR 123-3"	"WR 123-3"	287.15871786956	9.472501065849999	"WR*"		"WR 123-3"
6178174	"WR 124-3"	"WR 124-3"	289.07660444595	12.78038382529	"WR*"		"2MASS J19161838+1246493"
6178174	"WR 124-3"	"WR 124-3"	289.07660444595	12.78038382529	"WR*"		"Gaia DR2 4319236236367451264"
6178174	"WR 124-3"	"WR 124-3"	289.07660444595	12.78038382529	"WR*"		"Gaia DR3 4319236236367451264"
6178174	"WR 124-3"	"WR 124-3"	289.07660444595	12.78038382529	"WR*"		"[MVM2011b] MDM56"
6178174	"WR 124-3"	"WR 124-3"	289.07660444595	12.78038382529	"WR*"		"[SFZ2012] 1657-51L"
6178174	"WR 124-3"	"WR 124-3"	289.07660444595	12.78038382529	"WR*"		"TIC 400881981"
6178174	"WR 124-3"	"WR 124-3"	289.07660444595	12.78038382529	"WR*"		"WR 124-3"
6178176	"WR 124-5"	"WR 124-5"	290.12216666666666	14.201697222222222	"WR*"		"2MASS J19202932+1412061"
6178176	"WR 124-5"	"WR 124-5"	290.12216666666666	14.201697222222222	"WR*"		"[MVM2011b] MDM58"
6178176	"WR 124-5"	"WR 124-5"	290.12216666666666	14.201697222222222	"WR*"		"TIC 425017304"
6178176	"WR 124-5"	"WR 124-5"	290.12216666666666	14.201697222222222	"WR*"		"WR 124-5"
6178177	"WR 124-6"	"WR 124-6"	290.72336808119826	14.147198683389444	"WR*"		"2MASS J19225361+1408498"
6178177	"WR 124-6"	"WR 124-6"	290.72336808119826	14.147198683389444	"WR*"		"Gaia DR3 4319620373924501120"
6178177	"WR 124-6"	"WR 124-6"	290.72336808119826	14.147198683389444	"WR*"		"[MVM2011b] MDM59"
6178177	"WR 124-6"	"WR 124-6"	290.72336808119826	14.147198683389444	"WR*"		"[SFZ2012] 1675-17L"
6178177	"WR 124-6"	"WR 124-6"	290.72336808119826	14.147198683389444	"WR*"		"SSTOERC G049.0744-00.3797"
6178177	"WR 124-6"	"WR 124-6"	290.72336808119826	14.147198683389444	"WR*"		"TIC 339615096"
6178177	"WR 124-6"	"WR 124-6"	290.72336808119826	14.147198683389444	"WR*"		"WR 124-6"
6178178	"WR 124-7"	"WR 124-7"	290.72689731926994	14.19111226028	"WR*"		"2MASS J19225446+1411280"
6178178	"WR 124-7"	"WR 124-7"	290.72689731926994	14.19111226028	"WR*"		"Gaia DR2 4319831724981614208"
6178178	"WR 124-7"	"WR 124-7"	290.72689731926994	14.19111226028	"WR*"		"Gaia DR3 4319831724985219456"
6178178	"WR 124-7"	"WR 124-7"	290.72689731926994	14.19111226028	"WR*"		"[MVM2011b] MDM60"
6178178	"WR 124-7"	"WR 124-7"	290.72689731926994	14.19111226028	"WR*"		"[SFZ2012] 1675-10L"
6178178	"WR 124-7"	"WR 124-7"	290.72689731926994	14.19111226028	"WR*"		"SSTOERC G049.1148-00.3620"
6178178	"WR 124-7"	"WR 124-7"	290.72689731926994	14.19111226028	"WR*"		"TIC 339615592"
6178178	"WR 124-7"	"WR 124-7"	290.72689731926994	14.19111226028	"WR*"		"WR 124-7"
6178179	"WR 125-4"	"WR 125-4"	292.52211649427	17.76696939367	"WR*"		"2MASS J19300530+1746010"
6178179	"WR 125-4"	"WR 125-4"	292.52211649427	17.76696939367	"WR*"		"Gaia DR2 4323004979954775552"
6178179	"WR 125-4"	"WR 125-4"	292.52211649427	17.76696939367	"WR*"		"Gaia DR3 4323004979954775552"
6178179	"WR 125-4"	"WR 125-4"	292.52211649427	17.76696939367	"WR*"		"[MVM2011b] MDM61"
6178179	"WR 125-4"	"WR 125-4"	292.52211649427	17.76696939367	"WR*"		"TIC 354880813"
6178179	"WR 125-4"	"WR 125-4"	292.52211649427	17.76696939367	"WR*"		"WR 125-4"
6234340	"WR 125-3"	"WR 125-3"	292.55651316622	18.53401835327	"WR*"		"2MASS J19301355+1832024"
6234340	"WR 125-3"	"WR 125-3"	292.55651316622	18.53401835327	"WR*"		"Gaia DR2 4323329438956658432"
6234340	"WR 125-3"	"WR 125-3"	292.55651316622	18.53401835327	"WR*"		"Gaia DR3 4323329438956658432"
6234340	"WR 125-3"	"WR 125-3"	292.55651316622	18.53401835327	"WR*"		"[HKB2010b] Obj2"
6234340	"WR 125-3"	"WR 125-3"	292.55651316622	18.53401835327	"WR*"		"TIC 370906260"
6234340	"WR 125-3"	"WR 125-3"	292.55651316622	18.53401835327	"WR*"		"WR 125-3"
6234340	"WR 125-3"	"WR 125-3"	292.55651316622	18.53401835327	"WR*"		"ZTF J193013.56+183202.4"
6282712	"WR 48-12"	"WR 48-12"	197.90307403992998	-62.83321745795	"WR*"		"2MASS J13113686-6249594"
6282712	"WR 48-12"	"WR 48-12"	197.90307403992998	-62.83321745795	"WR*"		"AP J13113686-6249594"
6282712	"WR 48-12"	"WR 48-12"	197.90307403992998	-62.83321745795	"WR*"		"Gaia DR2 5862452856639687552"
6282712	"WR 48-12"	"WR 48-12"	197.90307403992998	-62.83321745795	"WR*"		"Gaia DR3 5862452856639687552"
6282712	"WR 48-12"	"WR 48-12"	197.90307403992998	-62.83321745795	"WR*"		"[RMB2008] G305.2326-00.0516"
6282712	"WR 48-12"	"WR 48-12"	197.90307403992998	-62.83321745795	"WR*"		"SPICY 16235"
6282712	"WR 48-12"	"WR 48-12"	197.90307403992998	-62.83321745795	"WR*"		"SSTGLMC G305.2326-00.0516"
6282712	"WR 48-12"	"WR 48-12"	197.90307403992998	-62.83321745795	"WR*"		"TIC 442383856"
6282712	"WR 48-12"	"WR 48-12"	197.90307403992998	-62.83321745795	"WR*"		"WR 48-12"
7274874	"WR 20-3"	"WR  20c"	156.26088293358	-57.36315317466	"WR*"	17.51	"2MASS J10250260-5721473"
7274874	"WR 20-3"	"WR  20c"	156.26088293358	-57.36315317466	"WR*"	17.51	"DENIS J102502.6-572147"
7274874	"WR 20-3"	"WR  20c"	156.26088293358	-57.36315317466	"WR*"	17.51	"Gaia DR2 5351766715283439104"
7274874	"WR 20-3"	"WR  20c"	156.26088293358	-57.36315317466	"WR*"	17.51	"Gaia DR3 5351766715283439104"
7274874	"WR 20-3"	"WR  20c"	156.26088293358	-57.36315317466	"WR*"	17.51	"[MDN2017] VPHAS OB1 01119"
7274874	"WR 20-3"	"WR  20c"	156.26088293358	-57.36315317466	"WR*"	17.51	"TIC 464469271"
7274874	"WR 20-3"	"WR  20c"	156.26088293358	-57.36315317466	"WR*"	17.51	"USNO-B1.0 0326-00240808"
7274874	"WR 20-3"	"WR  20c"	156.26088293358	-57.36315317466	"WR*"	17.51	"WR 20-3"
7274874	"WR 20-3"	"WR  20c"	156.26088293358	-57.36315317466	"WR*"	17.51	"WR  20c"
7274874	"WR  20c"	"WR  20c"	156.26088293358	-57.36315317466	"WR*"	17.51	"2MASS J10250260-5721473"
7274874	"WR  20c"	"WR  20c"	156.26088293358	-57.36315317466	"WR*"	17.51	"DENIS J102502.6-572147"
7274874	"WR  20c"	"WR  20c"	156.26088293358	-57.36315317466	"WR*"	17.51	"Gaia DR2 5351766715283439104"
7274874	"WR  20c"	"WR  20c"	156.26088293358	-57.36315317466	"WR*"	17.51	"Gaia DR3 5351766715283439104"
7274874	"WR  20c"	"WR  20c"	156.26088293358	-57.36315317466	"WR*"	17.51	"[MDN2017] VPHAS OB1 01119"
7274874	"WR  20c"	"WR  20c"	156.26088293358	-57.36315317466	"WR*"	17.51	"TIC 464469271"
7274874	"WR  20c"	"WR  20c"	156.26088293358	-57.36315317466	"WR*"	17.51	"USNO-B1.0 0326-00240808"
7274874	"WR  20c"	"WR  20c"	156.26088293358	-57.36315317466	"WR*"	17.51	"WR 20-3"
7274874	"WR  20c"	"WR  20c"	156.26088293358	-57.36315317466	"WR*"	17.51	"WR  20c"
7813949	"WR 142-1"	"[D75b] Em* 20-098"	307.06064771454	43.6570786276	"WR*"		"2MASS J20281455+4339257"
7813949	"WR 142-1"	"[D75b] Em* 20-098"	307.06064771454	43.6570786276	"WR*"		"[D75b] Em* 20-098"
7813949	"WR 142-1"	"[D75b] Em* 20-098"	307.06064771454	43.6570786276	"WR*"		"Gaia DR2 2069091531258827648"
7813949	"WR 142-1"	"[D75b] Em* 20-098"	307.06064771454	43.6570786276	"WR*"		"Gaia DR3 2069091531258827648"
7813949	"WR 142-1"	"[D75b] Em* 20-098"	307.06064771454	43.6570786276	"WR*"		"HBHA 4203-27"
7813949	"WR 142-1"	"[D75b] Em* 20-098"	307.06064771454	43.6570786276	"WR*"		"[KW97] 46-60"
7813949	"WR 142-1"	"[D75b] Em* 20-098"	307.06064771454	43.6570786276	"WR*"		"TIC 194049659"
7813949	"WR 142-1"	"[D75b] Em* 20-098"	307.06064771454	43.6570786276	"WR*"		"UCAC3 268-196457"
7813949	"WR 142-1"	"[D75b] Em* 20-098"	307.06064771454	43.6570786276	"WR*"		"UCAC4 669-086500"
7813949	"WR 142-1"	"[D75b] Em* 20-098"	307.06064771454	43.6570786276	"WR*"		"USNO-B1.0 1336-00379707"
7813949	"WR 142-1"	"[D75b] Em* 20-098"	307.06064771454	43.6570786276	"WR*"		"WR 142-1"
7813949	"WR 142-1"	"[D75b] Em* 20-098"	307.06064771454	43.6570786276	"WR*"		"WR 142b"
7813949	"WR 142-1"	"[D75b] Em* 20-098"	307.06064771454	43.6570786276	"WR*"		"ZTF J202814.55+433925.4"
7813949	"WR 142b"	"[D75b] Em* 20-098"	307.06064771454	43.6570786276	"WR*"		"2MASS J20281455+4339257"
7813949	"WR 142b"	"[D75b] Em* 20-098"	307.06064771454	43.6570786276	"WR*"		"[D75b] Em* 20-098"
7813949	"WR 142b"	"[D75b] Em* 20-098"	307.06064771454	43.6570786276	"WR*"		"Gaia DR2 2069091531258827648"
7813949	"WR 142b"	"[D75b] Em* 20-098"	307.06064771454	43.6570786276	"WR*"		"Gaia DR3 2069091531258827648"
7813949	"WR 142b"	"[D75b] Em* 20-098"	307.06064771454	43.6570786276	"WR*"		"HBHA 4203-27"
7813949	"WR 142b"	"[D75b] Em* 20-098"	307.06064771454	43.6570786276	"WR*"		"[KW97] 46-60"
7813949	"WR 142b"	"[D75b] Em* 20-098"	307.06064771454	43.6570786276	"WR*"		"TIC 194049659"
7813949	"WR 142b"	"[D75b] Em* 20-098"	307.06064771454	43.6570786276	"WR*"		"UCAC3 268-196457"
7813949	"WR 142b"	"[D75b] Em* 20-098"	307.06064771454	43.6570786276	"WR*"		"UCAC4 669-086500"
7813949	"WR 142b"	"[D75b] Em* 20-098"	307.06064771454	43.6570786276	"WR*"		"USNO-B1.0 1336-00379707"
7813949	"WR 142b"	"[D75b] Em* 20-098"	307.06064771454	43.6570786276	"WR*"		"WR 142-1"
7813949	"WR 142b"	"[D75b] Em* 20-098"	307.06064771454	43.6570786276	"WR*"		"WR 142b"
7813949	"WR 142b"	"[D75b] Em* 20-098"	307.06064771454	43.6570786276	"WR*"		"ZTF J202814.55+433925.4"
8037682	"WR 120-15"	"WR 120-15"	280.82181751654	-3.14905684801	"WR*"		"Gaia DR2 4258650877925467264"
8037682	"WR 120-15"	"WR 120-15"	280.82181751654	-3.14905684801	"WR*"		"Gaia DR3 4258650877925467264"
8037682	"WR 120-15"	"WR 120-15"	280.82181751654	-3.14905684801	"WR*"		"[SCB2012] 2w04"
8037682	"WR 120-15"	"WR 120-15"	280.82181751654	-3.14905684801	"WR*"		"WR 120-15"
8399001	"WR 48-10"	"WR 48-10"	198.1041306281	-62.70005607971	"WR*"	17.4	"[CBC2012] Obj38"
8399001	"WR 48-10"	"WR 48-10"	198.1041306281	-62.70005607971	"WR*"	17.4	"[DCT2012] D1-2"
8399001	"WR 48-10"	"WR 48-10"	198.1041306281	-62.70005607971	"WR*"	17.4	"Gaia DR2 5862502338987191552"
8399001	"WR 48-10"	"WR 48-10"	198.1041306281	-62.70005607971	"WR*"	17.4	"Gaia DR3 5862502338987191552"
8399001	"WR 48-10"	"WR 48-10"	198.1041306281	-62.70005607971	"WR*"	17.4	"WR 48-10"
8416231	"WR 46-16"	"WR 46-16"	182.97531250000003	-63.284375	"WR*"		"2MASS J12115407-6317037"
8416231	"WR 46-16"	"WR 46-16"	182.97531250000003	-63.284375	"WR*"		"[RMM2011] 5"
8416231	"WR 46-16"	"WR 46-16"	182.97531250000003	-63.284375	"WR*"		"TIC 381943019"
8416231	"WR 46-16"	"WR 46-16"	182.97531250000003	-63.284375	"WR*"		"WISEA J121154.02-631703.7"
8416231	"WR 46-16"	"WR 46-16"	182.97531250000003	-63.284375	"WR*"		"WISE J121154.04-631703.7"
8416231	"WR 46-16"	"WR 46-16"	182.97531250000003	-63.284375	"WR*"		"WR 46-16"
8418542	"WR 43-2"	"WR 43-2"	168.78159635042	-61.28187963456	"WR*"	14.762	"1BMC J111507.6-611655"
8418542	"WR 43-2"	"WR 43-2"	168.78159635042	-61.28187963456	"WR*"	14.762	"2MASS J11150758-6116546"
8418542	"WR 43-2"	"WR 43-2"	168.78159635042	-61.28187963456	"WR*"	14.762	"Cl* NGC 3603    MTT      58"
8418542	"WR 43-2"	"WR 43-2"	168.78159635042	-61.28187963456	"WR*"	14.762	"Gaia DR2 5337417985482248576"
8418542	"WR 43-2"	"WR 43-2"	168.78159635042	-61.28187963456	"WR*"	14.762	"Gaia DR3 5337417985482248576"
8418542	"WR 43-2"	"WR 43-2"	168.78159635042	-61.28187963456	"WR*"	14.762	"[RCM2008] 6915"
8418542	"WR 43-2"	"WR 43-2"	168.78159635042	-61.28187963456	"WR*"	14.762	"[SB2004]  1267"
8418542	"WR 43-2"	"WR 43-2"	168.78159635042	-61.28187963456	"WR*"	14.762	"[TBP2001] J111507.7-611655"
8418542	"WR 43-2"	"WR 43-2"	168.78159635042	-61.28187963456	"WR*"	14.762	"TIC 467481606"
8418542	"WR 43-2"	"WR 43-2"	168.78159635042	-61.28187963456	"WR*"	14.762	"WR 43-2"
8440478	"WR 70-11"	"WR 70-11"	240.10526135403998	-52.05821402578	"WR*"		"2MASS J16002526-5203296"
8440478	"WR 70-11"	"WR 70-11"	240.10526135403998	-52.05821402578	"WR*"		"Gaia DR2 5981436099432247808"
8440478	"WR 70-11"	"WR 70-11"	240.10526135403998	-52.05821402578	"WR*"		"Gaia DR3 5981436099432247808"
8440478	"WR 70-11"	"WR 70-11"	240.10526135403998	-52.05821402578	"WR*"		"[SFZ2012] 1042-25L"
8440478	"WR 70-11"	"WR 70-11"	240.10526135403998	-52.05821402578	"WR*"		"TIC 299848456"
8440478	"WR 70-11"	"WR 70-11"	240.10526135403998	-52.05821402578	"WR*"		"WR 70-11"
8440479	"WR 70-12"	"WR 70-12"	240.11010936387	-52.1861072773	"WR*"		"2MASS J16002643-5211099"
8440479	"WR 70-12"	"WR 70-12"	240.11010936387	-52.1861072773	"WR*"		"[DNT2015] Mc70-7"
8440479	"WR 70-12"	"WR 70-12"	240.11010936387	-52.1861072773	"WR*"		"Gaia DR3 5981056802278006144"
8440479	"WR 70-12"	"WR 70-12"	240.11010936387	-52.1861072773	"WR*"		"[SFZ2012] 1038-22L"
8440479	"WR 70-12"	"WR 70-12"	240.11010936387	-52.1861072773	"WR*"		"TIC 299848097"
8440479	"WR 70-12"	"WR 70-12"	240.11010936387	-52.1861072773	"WR*"		"WR 70-12"
8440480	"WR 72-4"	"WR 72-4"	242.52774999999997	-51.79018055555555	"WR*"		"2MASS J16100666-5147246"
8440480	"WR 72-4"	"WR 72-4"	242.52774999999997	-51.79018055555555	"WR*"		"[SFZ2012] 1051-67L"
8440480	"WR 72-4"	"WR 72-4"	242.52774999999997	-51.79018055555555	"WR*"		"TIC 215774799"
8440480	"WR 72-4"	"WR 72-4"	242.52774999999997	-51.79018055555555	"WR*"		"WR 72-4"
8440483	"WR 75-15"	"WR 75-15"	247.16774999999998	-48.30359722222221	"WR*"		"2MASS J16284026-4818129"
8440483	"WR 75-15"	"WR 75-15"	247.16774999999998	-48.30359722222221	"WR*"		"[SFZ2012] 1085-69L"
8440483	"WR 75-15"	"WR 75-15"	247.16774999999998	-48.30359722222221	"WR*"		"TIC 12275327"
8440483	"WR 75-15"	"WR 75-15"	247.16774999999998	-48.30359722222221	"WR*"		"WR 75-15"
8440484	"WR 75-16"	"WR 75-16"	247.399325	-48.32616666666667	"WR*"		"2MASS J16293583-4819342"
8440484	"WR 75-16"	"WR 75-16"	247.399325	-48.32616666666667	"WR*"		"[SFZ2012] 1085-83L"
8440484	"WR 75-16"	"WR 75-16"	247.399325	-48.32616666666667	"WR*"		"TIC 12265955"
8440484	"WR 75-16"	"WR 75-16"	247.399325	-48.32616666666667	"WR*"		"WR 75-16"
8440489	"WR 75-21"	"WR 75-21"	248.45054526529998	-47.88131855662	"WR*"		"2MASS J16334812-4752527"
8440489	"WR 75-21"	"WR 75-21"	248.45054526529998	-47.88131855662	"WR*"		"Gaia DR2 5941160438758884736"
8440489	"WR 75-21"	"WR 75-21"	248.45054526529998	-47.88131855662	"WR*"		"Gaia DR3 5941160438758884736"
8440489	"WR 75-21"	"WR 75-21"	248.45054526529998	-47.88131855662	"WR*"		"[SFZ2012] 1095-189L"
8440489	"WR 75-21"	"WR 75-21"	248.45054526529998	-47.88131855662	"WR*"		"TIC 228118947"
8440489	"WR 75-21"	"WR 75-21"	248.45054526529998	-47.88131855662	"WR*"		"WR 75-21"
8440491	"WR 75-23"	"WR 75-23"	249.3499499505	-46.44130947103	"WR*"	15.29	"2MASS J16372399-4626287"
8440491	"WR 75-23"	"WR 75-23"	249.3499499505	-46.44130947103	"WR*"	15.29	"Gaia DR2 5942844680092000256"
8440491	"WR 75-23"	"WR 75-23"	249.3499499505	-46.44130947103	"WR*"	15.29	"Gaia DR3 5942844680092000256"
8440491	"WR 75-23"	"WR 75-23"	249.3499499505	-46.44130947103	"WR*"	15.29	"[SFZ2012] 1106-31L"
8440491	"WR 75-23"	"WR 75-23"	249.3499499505	-46.44130947103	"WR*"	15.29	"TIC 230463443"
8440491	"WR 75-23"	"WR 75-23"	249.3499499505	-46.44130947103	"WR*"	15.29	"WR 75-23"
8440493	"WR 76-10"	"WR 76-10"	250.07130416666666	-46.33607777777778	"WR*"		"2MASS J16401711-4620098"
8440493	"WR 76-10"	"WR 76-10"	250.07130416666666	-46.33607777777778	"WR*"		"[SFZ2012] 1109-74L"
8440493	"WR 76-10"	"WR 76-10"	250.07130416666666	-46.33607777777778	"WR*"		"TIC 232098170"
8440493	"WR 76-10"	"WR 76-10"	250.07130416666666	-46.33607777777778	"WR*"		"WR 76-10"
8440494	"WR 77-5"	"WR 77-5"	250.91821207716998	-45.96599862574	"WR*"	16.73	"2MASS J16434036-4557576"
8440494	"WR 77-5"	"WR 77-5"	250.91821207716998	-45.96599862574	"WR*"	16.73	"Gaia DR2 5943094788943803904"
8440494	"WR 77-5"	"WR 77-5"	250.91821207716998	-45.96599862574	"WR*"	16.73	"Gaia DR3 5943094788943803904"
8440494	"WR 77-5"	"WR 77-5"	250.91821207716998	-45.96599862574	"WR*"	16.73	"[SFZ2012] 1115-197L"
8440494	"WR 77-5"	"WR 77-5"	250.91821207716998	-45.96599862574	"WR*"	16.73	"TIC 234436503"
8440494	"WR 77-5"	"WR 77-5"	250.91821207716998	-45.96599862574	"WR*"	16.73	"WR 77-5"
8440495	"WR 77-6"	"WR 77-6"	252.83056441882997	-43.44867310894	"WR*"		"2MASS J16511932-4326552"
8440495	"WR 77-6"	"WR 77-6"	252.83056441882997	-43.44867310894	"WR*"		"Gaia DR2 5964827495242056704"
8440495	"WR 77-6"	"WR 77-6"	252.83056441882997	-43.44867310894	"WR*"		"Gaia DR3 5964827495242056704"
8440495	"WR 77-6"	"WR 77-6"	252.83056441882997	-43.44867310894	"WR*"		"[SFZ2012] 1138-133L"
8440495	"WR 77-6"	"WR 77-6"	252.83056441882997	-43.44867310894	"WR*"		"TIC 246349479"
8440495	"WR 77-6"	"WR 77-6"	252.83056441882997	-43.44867310894	"WR*"		"WR 77-6"
8440498	"WR 83-1"	"WR 83-1"	257.75338462007	-39.825373808829994	"WR*"		"2MASS J17110082-3949312"
8440498	"WR 83-1"	"WR 83-1"	257.75338462007	-39.825373808829994	"WR*"		"Gaia DR2 5972183468571843712"
8440498	"WR 83-1"	"WR 83-1"	257.75338462007	-39.825373808829994	"WR*"		"Gaia DR3 5972183468571843712"
8440498	"WR 83-1"	"WR 83-1"	257.75338462007	-39.825373808829994	"WR*"		"[SFZ2012] 1179-129L"
8440498	"WR 83-1"	"WR 83-1"	257.75338462007	-39.825373808829994	"WR*"		"TIC 225033277"
8440498	"WR 83-1"	"WR 83-1"	257.75338462007	-39.825373808829994	"WR*"		"WR 83-1"
8440501	"WR 84-4"	"WR 84-4"	257.94222711014	-39.34104702973	"WR*"	17.7	"2MASS J17114613-3920277"
8440501	"WR 84-4"	"WR 84-4"	257.94222711014	-39.34104702973	"WR*"	17.7	"Gaia DR2 5972950373611106560"
8440501	"WR 84-4"	"WR 84-4"	257.94222711014	-39.34104702973	"WR*"	17.7	"Gaia DR3 5972950373611106560"
8440501	"WR 84-4"	"WR 84-4"	257.94222711014	-39.34104702973	"WR*"	17.7	"[SFZ2012] 1181-211L"
8440501	"WR 84-4"	"WR 84-4"	257.94222711014	-39.34104702973	"WR*"	17.7	"TIC 225164828"
8440501	"WR 84-4"	"WR 84-4"	257.94222711014	-39.34104702973	"WR*"	17.7	"WR 84-4"
8440506	"WR 102-19"	"WR 102-19"	268.83420185266	-24.127320633150003	"WR*"		"2MASS J17552021-2407384"
8440506	"WR 102-19"	"WR 102-19"	268.83420185266	-24.127320633150003	"WR*"		"Gaia DR2 4067776552713332096"
8440506	"WR 102-19"	"WR 102-19"	268.83420185266	-24.127320633150003	"WR*"		"Gaia DR3 4067776552713332096"
8440506	"WR 102-19"	"WR 102-19"	268.83420185266	-24.127320633150003	"WR*"		"[SFZ2012] 1322-220L"
8440506	"WR 102-19"	"WR 102-19"	268.83420185266	-24.127320633150003	"WR*"		"TIC 133947732"
8440506	"WR 102-19"	"WR 102-19"	268.83420185266	-24.127320633150003	"WR*"		"WR 102-19"
8440507	"WR 102-20"	"WR 102-20"	269.76185956602	-24.34740218848	"WR*"		"2MASS J17590289-2420506"
8440507	"WR 102-20"	"WR 102-20"	269.76185956602	-24.34740218848	"WR*"		"Gaia DR2 4069024395312085888"
8440507	"WR 102-20"	"WR 102-20"	269.76185956602	-24.34740218848	"WR*"		"Gaia DR3 4069024395312085888"
8440507	"WR 102-20"	"WR 102-20"	269.76185956602	-24.34740218848	"WR*"		"[SFZ2012] 1327-25L"
8440507	"WR 102-20"	"WR 102-20"	269.76185956602	-24.34740218848	"WR*"		"TIC 137371130"
8440507	"WR 102-20"	"WR 102-20"	269.76185956602	-24.34740218848	"WR*"		"WR 102-20"
8440508	"WR 102-21"	"WR 102-21"	269.9509359099	-22.247831759010005	"WR*"		"2MASS J17594822-2214521"
8440508	"WR 102-21"	"WR 102-21"	269.9509359099	-22.247831759010005	"WR*"		"Gaia DR2 4069557997737704960"
8440508	"WR 102-21"	"WR 102-21"	269.9509359099	-22.247831759010005	"WR*"		"Gaia DR3 4069557997737704960"
8440508	"WR 102-21"	"WR 102-21"	269.9509359099	-22.247831759010005	"WR*"		"[SFZ2012] 1342-208L"
8440508	"WR 102-21"	"WR 102-21"	269.9509359099	-22.247831759010005	"WR*"		"TIC 108395047"
8440508	"WR 102-21"	"WR 102-21"	269.9509359099	-22.247831759010005	"WR*"		"WR 102-21"
8440511	"WR 114-2"	"WR 114-2"	275.88468517878	-12.066272792550002	"WR*"		"2MASS J18233233-1203585"
8440511	"WR 114-2"	"WR 114-2"	275.88468517878	-12.066272792550002	"WR*"		"Gaia DR2 4153253750568925568"
8440511	"WR 114-2"	"WR 114-2"	275.88468517878	-12.066272792550002	"WR*"		"Gaia DR3 4153253750568925568"
8440511	"WR 114-2"	"WR 114-2"	275.88468517878	-12.066272792550002	"WR*"		"[SFZ2012] 1434-43L"
8440511	"WR 114-2"	"WR 114-2"	275.88468517878	-12.066272792550002	"WR*"		"TIC 119208875"
8440511	"WR 114-2"	"WR 114-2"	275.88468517878	-12.066272792550002	"WR*"		"WR 114-2"
8440516	"WR 120-11"	"WR 120-11"	280.3472833333333	-5.682886111111111	"WR*"	17.39	"2MASS J18412334-0540583"
8440516	"WR 120-11"	"WR 120-11"	280.3472833333333	-5.682886111111111	"WR*"	17.39	"[SFZ2012] 1495-32L"
8440516	"WR 120-11"	"WR 120-11"	280.3472833333333	-5.682886111111111	"WR*"	17.39	"SPICY 89678"
8440516	"WR 120-11"	"WR 120-11"	280.3472833333333	-5.682886111111111	"WR*"	17.39	"SSTGLMC G026.7308-00.3628"
8440516	"WR 120-11"	"WR 120-11"	280.3472833333333	-5.682886111111111	"WR*"	17.39	"TIC 180637808"
8440516	"WR 120-11"	"WR 120-11"	280.3472833333333	-5.682886111111111	"WR*"	17.39	"WR 120-11"
8440518	"WR 121-6"	"WR 121-6"	282.79485558926	-1.5009582784399997	"WR*"	15.51	"2MASS J18511076-0130034"
8440518	"WR 121-6"	"WR 121-6"	282.79485558926	-1.5009582784399997	"WR*"	15.51	"Gaia DR2 4259258010195996416"
8440518	"WR 121-6"	"WR 121-6"	282.79485558926	-1.5009582784399997	"WR*"	15.51	"Gaia DR3 4259258010195996416"
8440518	"WR 121-6"	"WR 121-6"	282.79485558926	-1.5009582784399997	"WR*"	15.51	"[SFZ2012] 1536-180L"
8440518	"WR 121-6"	"WR 121-6"	282.79485558926	-1.5009582784399997	"WR*"	15.51	"TIC 183886815"
8440518	"WR 121-6"	"WR 121-6"	282.79485558926	-1.5009582784399997	"WR*"	15.51	"WR 121-6"
8440526	"WR 124-9"	"WR 124-9"	289.38668694808	14.14112188178	"WR*"		"2MASS J19173280+1408279"
8440526	"WR 124-9"	"WR 124-9"	289.38668694808	14.14112188178	"WR*"		"Gaia DR2 4319502902284779392"
8440526	"WR 124-9"	"WR 124-9"	289.38668694808	14.14112188178	"WR*"		"Gaia DR3 4319502902284779392"
8440526	"WR 124-9"	"WR 124-9"	289.38668694808	14.14112188178	"WR*"		"[SFZ2012] 1670-57L"
8440526	"WR 124-9"	"WR 124-9"	289.38668694808	14.14112188178	"WR*"		"SPICY 100634"
8440526	"WR 124-9"	"WR 124-9"	289.38668694808	14.14112188178	"WR*"		"SSTGLMC G048.4605+00.7619"
8440526	"WR 124-9"	"WR 124-9"	289.38668694808	14.14112188178	"WR*"		"TIC 401378528"
8440526	"WR 124-9"	"WR 124-9"	289.38668694808	14.14112188178	"WR*"		"UGPS J191732.80+140828.0"
8440526	"WR 124-9"	"WR 124-9"	289.38668694808	14.14112188178	"WR*"		"WR 124-9"
8440527	"WR 124-10"	"WR 124-10"	289.6321041666667	13.721622222222223	"WR*"		"2MASS J19183170+1343178"
8440527	"WR 124-10"	"WR 124-10"	289.6321041666667	13.721622222222223	"WR*"		"[SFZ2012] 1669-24L"
8440527	"WR 124-10"	"WR 124-10"	289.6321041666667	13.721622222222223	"WR*"		"TIC 401991598"
8440527	"WR 124-10"	"WR 124-10"	289.6321041666667	13.721622222222223	"WR*"		"WR 124-10"
8440528	"WR 124-11"	"WR 124-11"	291.19547490424	17.24030460056	"WR*"		"2MASS J19244691+1714251"
8440528	"WR 124-11"	"WR 124-11"	291.19547490424	17.24030460056	"WR*"		"Gaia DR2 4322765389497405952"
8440528	"WR 124-11"	"WR 124-11"	291.19547490424	17.24030460056	"WR*"		"Gaia DR3 4322765389497405952"
8440528	"WR 124-11"	"WR 124-11"	291.19547490424	17.24030460056	"WR*"		"[SFZ2012] 1698-70L"
8440528	"WR 124-11"	"WR 124-11"	291.19547490424	17.24030460056	"WR*"		"TIC 359708518"
8440528	"WR 124-11"	"WR 124-11"	291.19547490424	17.24030460056	"WR*"		"WR 124-11"
8594339	"WR 102-22"	"WR 102-22"	269.75974886960995	-24.28334194513	"WR*"		"2MASS J17590229-2416599"
8594339	"WR 102-22"	"WR 102-22"	269.75974886960995	-24.28334194513	"WR*"		"[FSZ2014] WR1327-14AF"
8594339	"WR 102-22"	"WR 102-22"	269.75974886960995	-24.28334194513	"WR*"		"Gaia DR2 4069025181279810944"
8594339	"WR 102-22"	"WR 102-22"	269.75974886960995	-24.28334194513	"WR*"		"Gaia DR3 4069025181279810944"
8594339	"WR 102-22"	"WR 102-22"	269.75974886960995	-24.28334194513	"WR*"		"TIC 137372186"
8594339	"WR 102-22"	"WR 102-22"	269.75974886960995	-24.28334194513	"WR*"		"WR 102-22"
8684503	"WR 60-6"	"WR 60-6"	212.26794699999996	-61.264954	"WR*"		"2MASS J14090430-6115538"
8684503	"WR 60-6"	"WR 60-6"	212.26794699999996	-61.264954	"WR*"		"[CBB2013] VVV CL036  9"
8684503	"WR 60-6"	"WR 60-6"	212.26794699999996	-61.264954	"WR*"		"TIC 331174016"
8684503	"WR 60-6"	"WR 60-6"	212.26794699999996	-61.264954	"WR*"		"WR 60-6"
8971850	"WR 45-5"	"WR 45-5"	179.01568183793165	-63.31510566938417	"WR*"		"[CBB2013] VVV CL009  6"
8971850	"WR 45-5"	"WR 45-5"	179.01568183793165	-63.31510566938417	"WR*"		"Gaia DR3 5333031827450024320"
8971850	"WR 45-5"	"WR 45-5"	179.01568183793165	-63.31510566938417	"WR*"		"WR 45-5"
8971855	"WR 46-17"	"WR 46-17"	183.17138954622746	-62.70852048288805	"WR*"		"2MASS J12124114-6242308"
8971855	"WR 46-17"	"WR 46-17"	183.17138954622746	-62.70852048288805	"WR*"		"[CBB2013] VVV CL011  2"
8971855	"WR 46-17"	"WR 46-17"	183.17138954622746	-62.70852048288805	"WR*"		"Gaia DR3 6054470094180542336"
8971855	"WR 46-17"	"WR 46-17"	183.17138954622746	-62.70852048288805	"WR*"		"WR 46-17"
8971868	"WR 75-25"	"WR 75-25"	247.59887499999996	-48.21802777777778	"WR*"		"[CBB2013] VVV CL073  2"
8971868	"WR 75-25"	"WR 75-25"	247.59887499999996	-48.21802777777778	"WR*"		"WR 75-25"
8971870	"WR 75-26"	"WR 75-26"	247.59991666666667	-48.21819444444445	"WR*"		"[CBB2013] VVV CL073  4"
8971870	"WR 75-26"	"WR 75-26"	247.59991666666667	-48.21819444444445	"WR*"		"WR 75-26"
8971873	"WR 75-27"	"WR 75-27"	248.02195833333337	-47.82063888888889	"WR*"		"[CBB2013] VVV CL074  2"
8971873	"WR 75-27"	"WR 75-27"	248.02195833333337	-47.82063888888889	"WR*"		"WR 75-27"
8971874	"WR 75-28"	"WR 75-28"	248.02275000000003	-47.824472222222234	"WR*"		"[CBB2013] VVV CL074  3"
8971874	"WR 75-28"	"WR 75-28"	248.02275000000003	-47.824472222222234	"WR*"		"WR 75-28"
8971880	"WR 75-29"	"WR 75-29"	248.0247083333334	-47.825250000000004	"s*b"		"[CBB2013] VVV CL074  9"
8971880	"WR 75-29"	"WR 75-29"	248.0247083333334	-47.825250000000004	"s*b"		"WR 75-29"
8971887	"WR 84-9"	"WR 84-9"	258.6058867153754	-38.1639892423506	"WR*"		"[CBB2013] VVV CL099  5"
8971887	"WR 84-9"	"WR 84-9"	258.6058867153754	-38.1639892423506	"WR*"		"Gaia DR2 5973487970376696320"
8971887	"WR 84-9"	"WR 84-9"	258.6058867153754	-38.1639892423506	"WR*"		"Gaia DR3 5973487970376696320"
8971887	"WR 84-9"	"WR 84-9"	258.6058867153754	-38.1639892423506	"WR*"		"WR 84-9"
8971889	"WR 84-10"	"WR 84-10"	258.6069166666666	-38.16491666666667	"WR*"		"[CBB2013] VVV CL099  7"
8971889	"WR 84-10"	"WR 84-10"	258.6069166666666	-38.16491666666667	"WR*"		"WR 84-10"
8975087	"WR 111-12"	"THA 34-30"	273.63741667962	-18.420754322339995	"WR*"		"2MASS J18143298-1825148"
8975087	"WR 111-12"	"THA 34-30"	273.63741667962	-18.420754322339995	"WR*"		"Gaia DR2 4095618626655831808"
8975087	"WR 111-12"	"THA 34-30"	273.63741667962	-18.420754322339995	"WR*"		"Gaia DR3 4095618626655831808"
8975087	"WR 111-12"	"THA 34-30"	273.63741667962	-18.420754322339995	"WR*"		"THA 34-30"
8975087	"WR 111-12"	"THA 34-30"	273.63741667962	-18.420754322339995	"WR*"		"TIC 118223406"
8975087	"WR 111-12"	"THA 34-30"	273.63741667962	-18.420754322339995	"WR*"		"UCAC2  24914854"
8975087	"WR 111-12"	"THA 34-30"	273.63741667962	-18.420754322339995	"WR*"		"UCAC4 358-132675"
8975087	"WR 111-12"	"THA 34-30"	273.63741667962	-18.420754322339995	"WR*"		"WISEA J181432.97-182514.7"
8975087	"WR 111-12"	"THA 34-30"	273.63741667962	-18.420754322339995	"WR*"		"WISE J181432.92-182514.9"
8975087	"WR 111-12"	"THA 34-30"	273.63741667962	-18.420754322339995	"WR*"		"WR 111-12"
9052182	"WR 70-16"	"AX J1600.9-5142"	240.210328	-51.712494	"WR*"		"1RXS J160045.0-514307"
9052182	"WR 70-16"	"AX J1600.9-5142"	240.210328	-51.712494	"WR*"		"2MASS J16005047-5142449"
9052182	"WR 70-16"	"AX J1600.9-5142"	240.210328	-51.712494	"WR*"		"2XMM J160050.7-514245"
9052182	"WR 70-16"	"AX J1600.9-5142"	240.210328	-51.712494	"WR*"		"AX J1600.9-5142"
9052182	"WR 70-16"	"AX J1600.9-5142"	240.210328	-51.712494	"WR*"		"NAME Apep Nebula"
9052182	"WR 70-16"	"AX J1600.9-5142"	240.210328	-51.712494	"WR*"		"NAME Apep Plume"
9052182	"WR 70-16"	"AX J1600.9-5142"	240.210328	-51.712494	"WR*"		"SRGA J160050.0-514249"
9052182	"WR 70-16"	"AX J1600.9-5142"	240.210328	-51.712494	"WR*"		"TIC 274741039"
9052182	"WR 70-16"	"AX J1600.9-5142"	240.210328	-51.712494	"WR*"		"WISEA J160050.46-514245.5"
9052182	"WR 70-16"	"AX J1600.9-5142"	240.210328	-51.712494	"WR*"		"WISE J160050.53-514245.2"
9052182	"WR 70-16"	"AX J1600.9-5142"	240.210328	-51.712494	"WR*"		"WR 70-16"
9674649	"WR  72"	"WR  72"	241.61866692022997	-35.75344174994999	"PN"	13.95	"2MASS J16062847-3545123"
9674649	"WR  72"	"WR  72"	241.61866692022997	-35.75344174994999	"PN"	13.95	"DENIS J160628.4-354512"
9674649	"WR  72"	"WR  72"	241.61866692022997	-35.75344174994999	"PN"	13.95	"Gaia DR2 6010805807350513920"
9674649	"WR  72"	"WR  72"	241.61866692022997	-35.75344174994999	"PN"	13.95	"Gaia DR3 6010805807350513920"
9674649	"WR  72"	"WR  72"	241.61866692022997	-35.75344174994999	"PN"	13.95	"PN G341.5+12.1"
9674649	"WR  72"	"WR  72"	241.61866692022997	-35.75344174994999	"PN"	13.95	"[S71d] 3"
9674649	"WR  72"	"WR  72"	241.61866692022997	-35.75344174994999	"PN"	13.95	"SOPS   IV a-127"
9674649	"WR  72"	"WR  72"	241.61866692022997	-35.75344174994999	"PN"	13.95	"TIC 94357199"
9674649	"WR  72"	"WR  72"	241.61866692022997	-35.75344174994999	"PN"	13.95	"UCAC2  16634234"
9674649	"WR  72"	"WR  72"	241.61866692022997	-35.75344174994999	"PN"	13.95	"UCAC4 272-083764"
9674649	"WR  72"	"WR  72"	241.61866692022997	-35.75344174994999	"PN"	13.95	"WISEA J160628.37-354514.0"
9674649	"WR  72"	"WR  72"	241.61866692022997	-35.75344174994999	"PN"	13.95	"WISE J160628.44-354511.8"
9674649	"WR  72"	"WR  72"	241.61866692022997	-35.75344174994999	"PN"	13.95	"WR  72"
9705535	"WR 76-3"	"2MASS J16402896-4623276"	250.12068100000002	-46.391006	"RR*"		"2MASS J16402896-4623276"
9705535	"WR 76-3"	"2MASS J16402896-4623276"	250.12068100000002	-46.391006	"RR*"		"CXOU J164029.4-462328"
9705535	"WR 76-3"	"2MASS J16402896-4623276"	250.12068100000002	-46.391006	"RR*"		"[DDN2012] 8"
9705535	"WR 76-3"	"2MASS J16402896-4623276"	250.12068100000002	-46.391006	"RR*"		"DENIS J164029.0-462327"
9705535	"WR 76-3"	"2MASS J16402896-4623276"	250.12068100000002	-46.391006	"RR*"		"[DHG2018] 992"
9705535	"WR 76-3"	"2MASS J16402896-4623276"	250.12068100000002	-46.391006	"RR*"		"SSTGLMC G338.3941+00.1040"
9705535	"WR 76-3"	"2MASS J16402896-4623276"	250.12068100000002	-46.391006	"RR*"		"TIC 232654758"
9705535	"WR 76-3"	"2MASS J16402896-4623276"	250.12068100000002	-46.391006	"RR*"		"WR 76-3"
9901701	"WR 62-2"	"[CRB2015] VVV CL041-8"	221.60993087083455	-59.391418727515	"WR*"		"2MASS J14462640-5923291"
9901701	"WR 62-2"	"[CRB2015] VVV CL041-8"	221.60993087083455	-59.391418727515	"WR*"		"[CRB2015] VVV CL041-8"
9901701	"WR 62-2"	"[CRB2015] VVV CL041-8"	221.60993087083455	-59.391418727515	"WR*"		"Gaia DR3 5879035145561896448"
9901701	"WR 62-2"	"[CRB2015] VVV CL041-8"	221.60993087083455	-59.391418727515	"WR*"		"UCAC4 154-143341"
9901701	"WR 62-2"	"[CRB2015] VVV CL041-8"	221.60993087083455	-59.391418727515	"WR*"		"WR 62-2"
10558864	"WR 76-7"	"WR 76-7"	250.12354166666665	-46.391416666666665	"*"		"[DDN2012] 2"
10558864	"WR 76-7"	"WR 76-7"	250.12354166666665	-46.391416666666665	"*"		"WR 76-7"
10558865	"WR 76-9"	"2MASS J16403007-4623116"	250.12529583333335	-46.386561111111114	"*"		"2MASS J16403007-4623116"
10558865	"WR 76-9"	"2MASS J16403007-4623116"	250.12529583333335	-46.386561111111114	"*"		"[DDN2012] 3"
10558865	"WR 76-9"	"2MASS J16403007-4623116"	250.12529583333335	-46.386561111111114	"*"		"TIC 232664847"
10558865	"WR 76-9"	"2MASS J16403007-4623116"	250.12529583333335	-46.386561111111114	"*"		"WR 76-9"
10558866	"WR 76-8"	"WR 76-8"	250.12354166666665	-46.391305555555554	"*"		"[DDN2012] 4"
10558866	"WR 76-8"	"WR 76-8"	250.12354166666665	-46.391305555555554	"*"		"WR 76-8"
10558867	"WR 76-2"	"2MASS J16402832-4623267"	250.11777017698665	-46.39075108884056	"*"		"2MASS J16402832-4623267"
10558867	"WR 76-2"	"2MASS J16402832-4623267"	250.11777017698665	-46.39075108884056	"*"		"2MASS J16402836-4623258"
10558867	"WR 76-2"	"2MASS J16402832-4623267"	250.11777017698665	-46.39075108884056	"*"		"[DDN2012] 5"
10558867	"WR 76-2"	"2MASS J16402832-4623267"	250.11777017698665	-46.39075108884056	"*"		"Gaia DR3 5942739371814796160"
10558867	"WR 76-2"	"2MASS J16402832-4623267"	250.11777017698665	-46.39075108884056	"*"		"TIC 232668889"
10558867	"WR 76-2"	"2MASS J16402832-4623267"	250.11777017698665	-46.39075108884056	"*"		"WR 76-2"
10558868	"WR 76-4"	"2MASS J16402934-4623121"	250.122257	-46.386715	"*"		"2MASS J16402934-4623121"
10558868	"WR 76-4"	"2MASS J16402934-4623121"	250.122257	-46.386715	"*"		"[DDN2012] 6"
10558868	"WR 76-4"	"2MASS J16402934-4623121"	250.122257	-46.386715	"*"		"DENIS J164029.3-462312"
10558868	"WR 76-4"	"2MASS J16402934-4623121"	250.122257	-46.386715	"*"		"TIC 232655441"
10558868	"WR 76-4"	"2MASS J16402934-4623121"	250.122257	-46.386715	"*"		"WR 76-4"
10558869	"WR 76-6"	"2MASS J16402963-4623261"	250.12346799999997	-46.390601999999994	"*"		"2MASS J16402963-4623261"
10558869	"WR 76-6"	"2MASS J16402963-4623261"	250.12346799999997	-46.390601999999994	"*"		"[DDN2012] 7"
10558869	"WR 76-6"	"2MASS J16402963-4623261"	250.12346799999997	-46.390601999999994	"*"		"TIC 232671028"
10558869	"WR 76-6"	"2MASS J16402963-4623261"	250.12346799999997	-46.390601999999994	"*"		"WR 76-6"
10558870	"WR 76-5"	"2MASS J16402934-4623388"	250.12226699999997	-46.394131	"*"		"2MASS J16402934-4623388"
10558870	"WR 76-5"	"2MASS J16402934-4623388"	250.12226699999997	-46.394131	"*"		"[DDN2012] 9"
10558870	"WR 76-5"	"2MASS J16402934-4623388"	250.12226699999997	-46.394131	"*"		"TIC 232654198"
10558870	"WR 76-5"	"2MASS J16402934-4623388"	250.12226699999997	-46.394131	"*"		"WR 76-5"
10559110	"WR 43-3"	"WR 43-3"	168.81404044739	-60.85492983461	"WR*"	12.89	"2MASS J11151536-6051176"
10559110	"WR 43-3"	"WR 43-3"	168.81404044739	-60.85492983461	"WR*"	12.89	"AP J11151536-6051176"
10559110	"WR 43-3"	"WR 43-3"	168.81404044739	-60.85492983461	"WR*"	12.89	"Gaia DR2 5337456262235600512"
10559110	"WR 43-3"	"WR 43-3"	168.81404044739	-60.85492983461	"WR*"	12.89	"Gaia DR3 5337456262235600512"
10559110	"WR 43-3"	"WR 43-3"	168.81404044739	-60.85492983461	"WR*"	12.89	"TIC 467632672"
10559110	"WR 43-3"	"WR 43-3"	168.81404044739	-60.85492983461	"WR*"	12.89	"UCAC4 146-075616"
10559110	"WR 43-3"	"WR 43-3"	168.81404044739	-60.85492983461	"WR*"	12.89	"WR 43-3"
10612494	"WR 46-3"	"WR 46-3"	183.63141666666667	-62.981750000000005	"WR*"		"[DNB2016] Mc30-1"
10612494	"WR 46-3"	"WR 46-3"	183.63141666666667	-62.981750000000005	"WR*"		"[KBG2007] 4"
10612494	"WR 46-3"	"WR 46-3"	183.63141666666667	-62.981750000000005	"WR*"		"WR 46-3"
10612500	"WR 46-4"	"WR 46-4"	183.63220833333332	-62.98113888888889	"WR*"		"[DNB2016] Mc30-6a"
10612500	"WR 46-4"	"WR 46-4"	183.63220833333332	-62.98113888888889	"WR*"		"[KBG2007] 3"
10612500	"WR 46-4"	"WR 46-4"	183.63220833333332	-62.98113888888889	"WR*"		"WR 46-4"
10612502	"WR 46-5"	"WR 46-5"	183.63788417319998	-62.98084694050999	"WR*"		"[DNB2016] Mc30-7"
10612502	"WR 46-5"	"WR 46-5"	183.63788417319998	-62.98084694050999	"WR*"		"Gaia DR2 6054402164972282240"
10612502	"WR 46-5"	"WR 46-5"	183.63788417319998	-62.98084694050999	"WR*"		"Gaia DR3 6054402164972282240"
10612502	"WR 46-5"	"WR 46-5"	183.63788417319998	-62.98084694050999	"WR*"		"[KBG2007] 2"
10612502	"WR 46-5"	"WR 46-5"	183.63788417319998	-62.98084694050999	"WR*"		"WR 46-5"
11232747	"WR 111-13"	"WR 111-13"	273.39506563867	-18.09486567262	"WR*"		"2MASS J18133481-1805415"
11232747	"WR 111-13"	"WR 111-13"	273.39506563867	-18.09486567262	"WR*"		"DENIS J181334.8-180541"
11232747	"WR 111-13"	"WR 111-13"	273.39506563867	-18.09486567262	"WR*"		"Gaia DR3 4095711943401184512"
11232747	"WR 111-13"	"WR 111-13"	273.39506563867	-18.09486567262	"WR*"		"[MCF2015] 1"
11232747	"WR 111-13"	"WR 111-13"	273.39506563867	-18.09486567262	"WR*"		"TIC 118213472"
11232747	"WR 111-13"	"WR 111-13"	273.39506563867	-18.09486567262	"WR*"		"WR 111-13"
11284283	"WR  77l"	"Cl* Westerlund    1     CN      H"	251.76770383869706	-45.85561440773472	"WR*"		"Cl* Westerlund    1     CN      H"
11284283	"WR  77l"	"Cl* Westerlund    1     CN      H"	251.76770383869706	-45.85561440773472	"WR*"		"Gaia DR3 5940106007092347904"
11284283	"WR  77l"	"Cl* Westerlund    1     CN      H"	251.76770383869706	-45.85561440773472	"WR*"		"WR  77l"
11570069	"WR 71-1"	"WR 71-1"	241.01576922486453	-53.17899894608111	"WR*"		"2MASS J16040379-5310443"
11570069	"WR 71-1"	"WR 71-1"	241.01576922486453	-53.17899894608111	"WR*"		"Gaia DR3 5932918014247209472"
11570069	"WR 71-1"	"WR 71-1"	241.01576922486453	-53.17899894608111	"WR*"		"[KSF2015] 1040-B6C"
11570069	"WR 71-1"	"WR 71-1"	241.01576922486453	-53.17899894608111	"WR*"		"TIC 214673879"
11570069	"WR 71-1"	"WR 71-1"	241.01576922486453	-53.17899894608111	"WR*"		"WR 71-1"
11570070	"WR 75-30"	"WR 75-30"	248.107139	-47.846129999999995	"WR*"		"2MASS J16322571-4750460"
11570070	"WR 75-30"	"WR 75-30"	248.107139	-47.846129999999995	"WR*"		"[KSF2015] 1093-1765"
11570070	"WR 75-30"	"WR 75-30"	248.107139	-47.846129999999995	"WR*"		"[RC2018] A13"
11570070	"WR 75-30"	"WR 75-30"	248.107139	-47.846129999999995	"WR*"		"TIC 227370705"
11570070	"WR 75-30"	"WR 75-30"	248.107139	-47.846129999999995	"WR*"		"WISE J163225.74-475045.9"
11570070	"WR 75-30"	"WR 75-30"	248.107139	-47.846129999999995	"WR*"		"WR 75-30"
11570072	"WR 82-2"	"WR 82-2"	256.84980291321	-39.33176224033999	"WR*"		"2MASS J17072395-3919543"
11570072	"WR 82-2"	"WR 82-2"	256.84980291321	-39.33176224033999	"WR*"		"Gaia DR2 5972994594597225216"
11570072	"WR 82-2"	"WR 82-2"	256.84980291321	-39.33176224033999	"WR*"		"Gaia DR3 5972994594597225216"
11570072	"WR 82-2"	"WR 82-2"	256.84980291321	-39.33176224033999	"WR*"		"[KSF2015] 1178-66B"
11570072	"WR 82-2"	"WR 82-2"	256.84980291321	-39.33176224033999	"WR*"		"TIC 378759763"
11570072	"WR 82-2"	"WR 82-2"	256.84980291321	-39.33176224033999	"WR*"		"WR 82-2"
11570073	"WR 84-11"	"WR 84-11"	258.14530511541244	-40.62045509842416	"WR*"		"2MASS J17123487-4037135"
11570073	"WR 84-11"	"WR 84-11"	258.14530511541244	-40.62045509842416	"WR*"		"Gaia DR3 5972068668365594880"
11570073	"WR 84-11"	"WR 84-11"	258.14530511541244	-40.62045509842416	"WR*"		"[KSF2015] 1176-B49"
11570073	"WR 84-11"	"WR 84-11"	258.14530511541244	-40.62045509842416	"WR*"		"SPICY 49123"
11570073	"WR 84-11"	"WR 84-11"	258.14530511541244	-40.62045509842416	"WR*"		"SSTGLMC G346.5293-00.8268"
11570073	"WR 84-11"	"WR 84-11"	258.14530511541244	-40.62045509842416	"WR*"		"TIC 225248600"
11570073	"WR 84-11"	"WR 84-11"	258.14530511541244	-40.62045509842416	"WR*"		"WR 84-11"
11570079	"WR 111-9"	"WR 111-9"	273.01010677361	-18.115357756609995	"WR*"	13.86	"2MASS J18120241-1806554"
11570079	"WR 111-9"	"WR 111-9"	273.01010677361	-18.115357756609995	"WR*"	13.86	"Gaia DR2 4095697138661210368"
11570079	"WR 111-9"	"WR 111-9"	273.01010677361	-18.115357756609995	"WR*"	13.86	"Gaia DR3 4095697138661210368"
11570079	"WR 111-9"	"WR 111-9"	273.01010677361	-18.115357756609995	"WR*"	13.86	"[KSF2015] 1381-19L"
11570079	"WR 111-9"	"WR 111-9"	273.01010677361	-18.115357756609995	"WR*"	13.86	"TIC 116094686"
11570079	"WR 111-9"	"WR 111-9"	273.01010677361	-18.115357756609995	"WR*"	13.86	"WR 111-9"
11570080	"WR 111-10"	"WR 111-10"	273.55878415047	-17.350774133529995	"WR*"		"2MASS J18141409-1721027"
11570080	"WR 111-10"	"WR 111-10"	273.55878415047	-17.350774133529995	"WR*"		"Gaia DR2 4097438485888595584"
11570080	"WR 111-10"	"WR 111-10"	273.55878415047	-17.350774133529995	"WR*"		"Gaia DR3 4097438485888595584"
11570080	"WR 111-10"	"WR 111-10"	273.55878415047	-17.350774133529995	"WR*"		"[KSF2015] 1389-4AB6"
11570080	"WR 111-10"	"WR 111-10"	273.55878415047	-17.350774133529995	"WR*"		"TIC 109620594"
11570080	"WR 111-10"	"WR 111-10"	273.55878415047	-17.350774133529995	"WR*"		"WR 111-10"
11570082	"WR 118-10"	"WR 118-10"	279.2313806386799	-6.51724349997	"WR*"		"2MASS J18365553-0631022"
11570082	"WR 118-10"	"WR 118-10"	279.2313806386799	-6.51724349997	"WR*"		"Gaia DR2 4253040684252513152"
11570082	"WR 118-10"	"WR 118-10"	279.2313806386799	-6.51724349997	"WR*"		"Gaia DR3 4253040688579755776"
11570082	"WR 118-10"	"WR 118-10"	279.2313806386799	-6.51724349997	"WR*"		"[KSF2015] 1485-6C4"
11570082	"WR 118-10"	"WR 118-10"	279.2313806386799	-6.51724349997	"WR*"		"TIC 5941877"
11570082	"WR 118-10"	"WR 118-10"	279.2313806386799	-6.51724349997	"WR*"		"WR 118-10"
11570086	"WR 120-16"	"WR 120-16"	280.2783833333333	-2.9336388888888894	"WR*"		"2MASS J18410681-0256011"
11570086	"WR 120-16"	"WR 120-16"	280.2783833333333	-2.9336388888888894	"WR*"		"[KSF2015] 1514-AA0"
11570086	"WR 120-16"	"WR 120-16"	280.2783833333333	-2.9336388888888894	"WR*"		"TIC 180378932"
11570086	"WR 120-16"	"WR 120-16"	280.2783833333333	-2.9336388888888894	"WR*"		"WR 120-16"
11570089	"WR 121-12"	"WR 121-12"	281.5040643523499	-1.2430356307000001	"WR*"		"2MASS J18460097-0114349"
11570089	"WR 121-12"	"WR 121-12"	281.5040643523499	-1.2430356307000001	"WR*"		"Gaia DR2 4260073263704313728"
11570089	"WR 121-12"	"WR 121-12"	281.5040643523499	-1.2430356307000001	"WR*"		"Gaia DR3 4260073263704313728"
11570089	"WR 121-12"	"WR 121-12"	281.5040643523499	-1.2430356307000001	"WR*"		"[KSF2015] 1530-8FA"
11570089	"WR 121-12"	"WR 121-12"	281.5040643523499	-1.2430356307000001	"WR*"		"SPICY 91236"
11570089	"WR 121-12"	"WR 121-12"	281.5040643523499	-1.2430356307000001	"WR*"		"SSTGLMC G031.2075+00.6392"
11570089	"WR 121-12"	"WR 121-12"	281.5040643523499	-1.2430356307000001	"WR*"		"TIC 225793267"
11570089	"WR 121-12"	"WR 121-12"	281.5040643523499	-1.2430356307000001	"WR*"		"WR 121-12"
11570094	"WR 122-14"	"WR 122-14"	283.2606333333333	1.173	"WR*"		"2MASS J18530255+0110228"
11570094	"WR 122-14"	"WR 122-14"	283.2606333333333	1.173	"WR*"		"[KSF2015] 1553-15DF"
11570094	"WR 122-14"	"WR 122-14"	283.2606333333333	1.173	"WR*"		"TIC 226660611"
11570094	"WR 122-14"	"WR 122-14"	283.2606333333333	1.173	"WR*"		"WR 122-14"
11570095	"WR 122-15"	"WR 122-15"	285.67647101764	6.91248548571	"WR*"		"2MASS J19024235+0654450"
11570095	"WR 122-15"	"WR 122-15"	285.67647101764	6.91248548571	"WR*"		"Gaia DR2 4306688266055108480"
11570095	"WR 122-15"	"WR 122-15"	285.67647101764	6.91248548571	"WR*"		"Gaia DR3 4306688266055108480"
11570095	"WR 122-15"	"WR 122-15"	285.67647101764	6.91248548571	"WR*"		"[KSF2015] 1602-9AF"
11570095	"WR 122-15"	"WR 122-15"	285.67647101764	6.91248548571	"WR*"		"TIC 223112752"
11570095	"WR 122-15"	"WR 122-15"	285.67647101764	6.91248548571	"WR*"		"WR 122-15"
11570098	"WR 123-8"	"WR 123-8"	287.52667883238	9.757086198780001	"WR*"		"2MASS J19100639+0945254"
11570098	"WR 123-8"	"WR 123-8"	287.52667883238	9.757086198780001	"WR*"		"Gaia DR2 4309211331708602240"
11570098	"WR 123-8"	"WR 123-8"	287.52667883238	9.757086198780001	"WR*"		"Gaia DR3 4309211331708602240"
11570098	"WR 123-8"	"WR 123-8"	287.52667883238	9.757086198780001	"WR*"		"[KSF2015] 1629-14D6"
11570098	"WR 123-8"	"WR 123-8"	287.52667883238	9.757086198780001	"WR*"		"SPICY 98959"
11570098	"WR 123-8"	"WR 123-8"	287.52667883238	9.757086198780001	"WR*"		"SSTGLMC G043.7328+00.3384"
11570098	"WR 123-8"	"WR 123-8"	287.52667883238	9.757086198780001	"WR*"		"TIC 202347955"
11570098	"WR 123-8"	"WR 123-8"	287.52667883238	9.757086198780001	"WR*"		"UGPS J191006.39+094525.5"
11570098	"WR 123-8"	"WR 123-8"	287.52667883238	9.757086198780001	"WR*"		"WR 123-8"
11570104	"WR 124-18"	"WR 124-18"	289.63063873286	13.72755851045	"WR*"		"2MASS J19183135+1343392"
11570104	"WR 124-18"	"WR 124-18"	289.63063873286	13.72755851045	"WR*"		"Gaia DR2 4319406076548902784"
11570104	"WR 124-18"	"WR 124-18"	289.63063873286	13.72755851045	"WR*"		"Gaia DR3 4319406076548902784"
11570104	"WR 124-18"	"WR 124-18"	289.63063873286	13.72755851045	"WR*"		"[KSF2015] 1669-3DF"
11570104	"WR 124-18"	"WR 124-18"	289.63063873286	13.72755851045	"WR*"		"TIC 401991525"
11570104	"WR 124-18"	"WR 124-18"	289.63063873286	13.72755851045	"WR*"		"WR 124-18"
11570105	"WR 124-19"	"WR 124-19"	290.01028177383	12.138978224400002	"WR*"		"2MASS J19200246+1208202"
11570105	"WR 124-19"	"WR 124-19"	290.01028177383	12.138978224400002	"WR*"		"Gaia DR2 4315954572104614400"
11570105	"WR 124-19"	"WR 124-19"	290.01028177383	12.138978224400002	"WR*"		"Gaia DR3 4315954572104614400"
11570105	"WR 124-19"	"WR 124-19"	290.01028177383	12.138978224400002	"WR*"		"[KSF2015] 1660-1169"
11570105	"WR 124-19"	"WR 124-19"	290.01028177383	12.138978224400002	"WR*"		"TIC 300545513"
11570105	"WR 124-19"	"WR 124-19"	290.01028177383	12.138978224400002	"WR*"		"WR 124-19"
11570106	"WR 124-20"	"WR 124-20"	291.3254791666667	17.037758333333336	"WR*"		"2MASS J19251811+1702159"
11570106	"WR 124-20"	"WR 124-20"	291.3254791666667	17.037758333333336	"WR*"		"[KSF2015] 1697-38F"
11570106	"WR 124-20"	"WR 124-20"	291.3254791666667	17.037758333333336	"WR*"		"TIC 67965189"
11570106	"WR 124-20"	"WR 124-20"	291.3254791666667	17.037758333333336	"WR*"		"WR 124-20"
11570107	"WR 124-21"	"WR 124-21"	291.53480169435	17.77305793415	"WR*"	17.29	"2MASS J19260835+1746230"
11570107	"WR 124-21"	"WR 124-21"	291.53480169435	17.77305793415	"WR*"	17.29	"Gaia DR2 4322817483169888512"
11570107	"WR 124-21"	"WR 124-21"	291.53480169435	17.77305793415	"WR*"	17.29	"Gaia DR3 4322817483169888512"
11570107	"WR 124-21"	"WR 124-21"	291.53480169435	17.77305793415	"WR*"	17.29	"[KSF2015] 1702-23L"
11570107	"WR 124-21"	"WR 124-21"	291.53480169435	17.77305793415	"WR*"	17.29	"TIC 68373748"
11570107	"WR 124-21"	"WR 124-21"	291.53480169435	17.77305793415	"WR*"	17.29	"WR 124-21"
11570108	"WR 124-22"	"WR 124-22"	291.82493437187	16.09016734921	"WR*"		"2MASS J19271798+1605245"
11570108	"WR 124-22"	"WR 124-22"	291.82493437187	16.09016734921	"WR*"		"Gaia DR2 4321618083470555264"
11570108	"WR 124-22"	"WR 124-22"	291.82493437187	16.09016734921	"WR*"		"Gaia DR3 4321618083470555264"
11570108	"WR 124-22"	"WR 124-22"	291.82493437187	16.09016734921	"WR*"		"[KSF2015] 1695-2B7"
11570108	"WR 124-22"	"WR 124-22"	291.82493437187	16.09016734921	"WR*"		"TIC 69210721"
11570108	"WR 124-22"	"WR 124-22"	291.82493437187	16.09016734921	"WR*"		"WR 124-22"
11681693	"WR 115"	"MR  87"	276.37505635876	-14.64471314116	"WR*"	11.86	"2MASS J18253002-1438409"
11681693	"WR 115"	"MR  87"	276.37505635876	-14.64471314116	"WR*"	11.86	"ALS  5023"
11681693	"WR 115"	"MR  87"	276.37505635876	-14.64471314116	"WR*"	11.86	"ALS  9602"
11681693	"WR 115"	"MR  87"	276.37505635876	-14.64471314116	"WR*"	11.86	"CSI-14-18226  2"
11681693	"WR 115"	"MR  87"	276.37505635876	-14.64471314116	"WR*"	11.86	"CSI-14-18226  3"
11681693	"WR 115"	"MR  87"	276.37505635876	-14.64471314116	"WR*"	11.86	"Gaia DR2 4104216429639420032"
11681693	"WR 115"	"MR  87"	276.37505635876	-14.64471314116	"WR*"	11.86	"Gaia DR3 4104216429639420032"
11681693	"WR 115"	"MR  87"	276.37505635876	-14.64471314116	"WR*"	11.86	"GEN# +6.10005023"
11681693	"WR 115"	"MR  87"	276.37505635876	-14.64471314116	"WR*"	11.86	"Hen 3-1693"
11681693	"WR 115"	"MR  87"	276.37505635876	-14.64471314116	"WR*"	11.86	"HIC  90299"
11681693	"WR 115"	"MR  87"	276.37505635876	-14.64471314116	"WR*"	11.86	"HIP 90299"
11681693	"WR 115"	"MR  87"	276.37505635876	-14.64471314116	"WR*"	11.86	"LS 5023"
11681693	"WR 115"	"MR  87"	276.37505635876	-14.64471314116	"WR*"	11.86	"LS  IV -14   56"
11681693	"WR 115"	"MR  87"	276.37505635876	-14.64471314116	"WR*"	11.86	"MR  87"
11681693	"WR 115"	"MR  87"	276.37505635876	-14.64471314116	"WR*"	11.86	"SSTGLMC G016.9771-01.0337"
11681693	"WR 115"	"MR  87"	276.37505635876	-14.64471314116	"WR*"	11.86	"TIC 413230352"
11681693	"WR 115"	"MR  87"	276.37505635876	-14.64471314116	"WR*"	11.86	"TYC 5702-2667-1"
11681693	"WR 115"	"MR  87"	276.37505635876	-14.64471314116	"WR*"	11.86	"UBV   15654"
11681693	"WR 115"	"MR  87"	276.37505635876	-14.64471314116	"WR*"	11.86	"UCAC4 377-109699"
11681693	"WR 115"	"MR  87"	276.37505635876	-14.64471314116	"WR*"	11.86	"WR 115"
11683296	"WR 131"	"MR  97"	300.07967625698	33.26419443721	"WR*"	12.08	"2MASS J20001912+3315511"
11683296	"WR 131"	"MR  97"	300.07967625698	33.26419443721	"WR*"	12.08	"ALS 10699"
11683296	"WR 131"	"MR  97"	300.07967625698	33.26419443721	"WR*"	12.08	"CSI+33-19583"
11683296	"WR 131"	"MR  97"	300.07967625698	33.26419443721	"WR*"	12.08	"CSI+33-19584  2"
11683296	"WR 131"	"MR  97"	300.07967625698	33.26419443721	"WR*"	12.08	"EM* CDS 1116"
11683296	"WR 131"	"MR  97"	300.07967625698	33.26419443721	"WR*"	12.08	"Gaia DR2 2034210349533480192"
11683296	"WR 131"	"MR  97"	300.07967625698	33.26419443721	"WR*"	12.08	"Gaia DR3 2034210349533480192"
11683296	"WR 131"	"MR  97"	300.07967625698	33.26419443721	"WR*"	12.08	"HBHA 3203-22"
11683296	"WR 131"	"MR  97"	300.07967625698	33.26419443721	"WR*"	12.08	"HIC  98466"
11683296	"WR 131"	"MR  97"	300.07967625698	33.26419443721	"WR*"	12.08	"HIP 98466"
11683296	"WR 131"	"MR  97"	300.07967625698	33.26419443721	"WR*"	12.08	"[KW97] 41-39"
11683296	"WR 131"	"MR  97"	300.07967625698	33.26419443721	"WR*"	12.08	"LS  II +33   14"
11683296	"WR 131"	"MR  97"	300.07967625698	33.26419443721	"WR*"	12.08	"MR  97"
11683296	"WR 131"	"MR  97"	300.07967625698	33.26419443721	"WR*"	12.08	"TIC 103727946"
11683296	"WR 131"	"MR  97"	300.07967625698	33.26419443721	"WR*"	12.08	"TYC 2674-3432-1"
11683296	"WR 131"	"MR  97"	300.07967625698	33.26419443721	"WR*"	12.08	"UBV   17080"
11683296	"WR 131"	"MR  97"	300.07967625698	33.26419443721	"WR*"	12.08	"WR 131"
12470326	"WR 121-15"	"WR 121-15"	281.08607398949	-2.61421920249	"WR*"		"2MASS J18442065-0236510"
12470326	"WR 121-15"	"WR 121-15"	281.08607398949	-2.61421920249	"WR*"		"Gaia DR3 4258706295872782592"
12470326	"WR 121-15"	"WR 121-15"	281.08607398949	-2.61421920249	"WR*"		"TIC 204043999"
12470326	"WR 121-15"	"WR 121-15"	281.08607398949	-2.61421920249	"WR*"		"WR 121-15"
15197688	"WR 48-11"	"WR 48-11"	197.898337	-62.75901	"WR*"		"2MASS J13113560-6245324"
15197688	"WR 48-11"	"WR 48-11"	197.898337	-62.75901	"WR*"		"AP J13113560-6245324"
15197688	"WR 48-11"	"WR 48-11"	197.898337	-62.75901	"WR*"		"[RC2018] A1"
15197688	"WR 48-11"	"WR 48-11"	197.898337	-62.75901	"WR*"		"SPICY 16233"
15197688	"WR 48-11"	"WR 48-11"	197.898337	-62.75901	"WR*"		"SSTGLMC G305.2360+00.0224"
15197688	"WR 48-11"	"WR 48-11"	197.898337	-62.75901	"WR*"		"TIC 442058169"
15197688	"WR 48-11"	"WR 48-11"	197.898337	-62.75901	"WR*"		"WR 48-11"
15197689	"WR 147-1"	"WR 147-1"	309.59552761633	42.46761349977	"WR*"		"2MASS J20382292+4228034"
15197689	"WR 147-1"	"WR 147-1"	309.59552761633	42.46761349977	"WR*"		"AP J20382292+4228034"
15197689	"WR 147-1"	"WR 147-1"	309.59552761633	42.46761349977	"WR*"		"Gaia DR3 2069445505277962624"
15197689	"WR 147-1"	"WR 147-1"	309.59552761633	42.46761349977	"WR*"		"TIC 189282083"
15197689	"WR 147-1"	"WR 147-1"	309.59552761633	42.46761349977	"WR*"		"WR 147-1"
15327709	"WR 46-18"	"WR 46-18"	182.21868961869373	-62.84851921475695	"WR*"		"2MASS J12085247-6250546"
15327709	"WR 46-18"	"WR 46-18"	182.21868961869373	-62.84851921475695	"WR*"		"DENIS J120852.4-625055"
15327709	"WR 46-18"	"WR 46-18"	182.21868961869373	-62.84851921475695	"WR*"		"Gaia DR3 6054384023029223168"
15327709	"WR 46-18"	"WR 46-18"	182.21868961869373	-62.84851921475695	"WR*"		"[RC2018] E3"
15327709	"WR 46-18"	"WR 46-18"	182.21868961869373	-62.84851921475695	"WR*"		"SPICY 12319"
15327709	"WR 46-18"	"WR 46-18"	182.21868961869373	-62.84851921475695	"WR*"		"SSTGLMC G298.0981-00.3769"
15327709	"WR 46-18"	"WR 46-18"	182.21868961869373	-62.84851921475695	"WR*"		"WISE J120852.48-625054.6"
15327709	"WR 46-18"	"WR 46-18"	182.21868961869373	-62.84851921475695	"WR*"		"WR 46-18"
15327710	"WR 47-5"	"WR 47-5"	192.7040653589275	-62.41104778032444	"WR*"		"2MASS J12504897-6224397"
15327710	"WR 47-5"	"WR 47-5"	192.7040653589275	-62.41104778032444	"WR*"		"DENIS J125048.9-622440"
15327710	"WR 47-5"	"WR 47-5"	192.7040653589275	-62.41104778032444	"WR*"		"Gaia DR3 6055240641333628800"
15327710	"WR 47-5"	"WR 47-5"	192.7040653589275	-62.41104778032444	"WR*"		"[RC2018] B13"
15327710	"WR 47-5"	"WR 47-5"	192.7040653589275	-62.41104778032444	"WR*"		"SPICY 14899"
15327710	"WR 47-5"	"WR 47-5"	192.7040653589275	-62.41104778032444	"WR*"		"SSTGLMC G302.8599+00.4606"
15327710	"WR 47-5"	"WR 47-5"	192.7040653589275	-62.41104778032444	"WR*"		"WISE J125049.00-622439.7"
15327710	"WR 47-5"	"WR 47-5"	192.7040653589275	-62.41104778032444	"WR*"		"WR 47-5"
15327711	"WR 56-1"	"WR 56-1"	205.458421	-62.340527	"WR*"		"2MASS J13415002-6220258"
15327711	"WR 56-1"	"WR 56-1"	205.458421	-62.340527	"WR*"		"DENIS J134149.9-622025"
15327711	"WR 56-1"	"WR 56-1"	205.458421	-62.340527	"WR*"		"[RC2018] B37"
15327711	"WR 56-1"	"WR 56-1"	205.458421	-62.340527	"WR*"		"WR 56-1"
15327712	"WR 60-7"	"WR 60-7"	210.63931969914623	-61.340936760659446	"WR*"		"2MASS J14023344-6120273"
15327712	"WR 60-7"	"WR 60-7"	210.63931969914623	-61.340936760659446	"WR*"		"DENIS J140233.5-612027"
15327712	"WR 60-7"	"WR 60-7"	210.63931969914623	-61.340936760659446	"WR*"		"Gaia DR3 5866435047236526848"
15327712	"WR 60-7"	"WR 60-7"	210.63931969914623	-61.340936760659446	"WR*"		"[RC2018] B51"
15327712	"WR 60-7"	"WR 60-7"	210.63931969914623	-61.340936760659446	"WR*"		"WISE J140233.42-612027.3"
15327712	"WR 60-7"	"WR 60-7"	210.63931969914623	-61.340936760659446	"WR*"		"WR 60-7"
15327713	"WR 60-8"	"WR 60-8"	213.063338	-61.712597	"WR*"		"2MASS J14121520-6142453"
15327713	"WR 60-8"	"WR 60-8"	213.063338	-61.712597	"WR*"		"DENIS J141215.2-614245"
15327713	"WR 60-8"	"WR 60-8"	213.063338	-61.712597	"WR*"		"[RC2018] B56"
15327713	"WR 60-8"	"WR 60-8"	213.063338	-61.712597	"WR*"		"SPICY 21281"
15327713	"WR 60-8"	"WR 60-8"	213.063338	-61.712597	"WR*"		"SSTGLMC G312.3517-00.3277"
15327713	"WR 60-8"	"WR 60-8"	213.063338	-61.712597	"WR*"		"WISE J141215.21-614245.4"
15327713	"WR 60-8"	"WR 60-8"	213.063338	-61.712597	"WR*"		"WR 60-8"
15327714	"WR 64-2"	"WR 64-2"	225.30855500000004	-58.81877500000001	"WR*"		"2MASS J15011405-5849075"
15327714	"WR 64-2"	"WR 64-2"	225.30855500000004	-58.81877500000001	"WR*"		"[RC2018] B85"
15327714	"WR 64-2"	"WR 64-2"	225.30855500000004	-58.81877500000001	"WR*"		"WISE J150114.03-584907.6"
15327714	"WR 64-2"	"WR 64-2"	225.30855500000004	-58.81877500000001	"WR*"		"WR 64-2"
15327715	"WR 64-3"	"WR 64-3"	225.69228611445044	-58.45188338258195	"WR*"		"2MASS J15024614-5827067"
15327715	"WR 64-3"	"WR 64-3"	225.69228611445044	-58.45188338258195	"WR*"		"DENIS J150246.1-582706"
15327715	"WR 64-3"	"WR 64-3"	225.69228611445044	-58.45188338258195	"WR*"		"Gaia DR3 5879721167786590720"
15327715	"WR 64-3"	"WR 64-3"	225.69228611445044	-58.45188338258195	"WR*"		"[RC2018] B87"
15327715	"WR 64-3"	"WR 64-3"	225.69228611445044	-58.45188338258195	"WR*"		"WISE J150246.14-582706.4"
15327715	"WR 64-3"	"WR 64-3"	225.69228611445044	-58.45188338258195	"WR*"		"WR 64-3"
15327716	"WR 64-4"	"WR 64-4"	226.04653813308875	-58.456024337952236	"WR*"		"2MASS J15041116-5827217"
15327716	"WR 64-4"	"WR 64-4"	226.04653813308875	-58.456024337952236	"WR*"		"DENIS J150411.1-582721"
15327716	"WR 64-4"	"WR 64-4"	226.04653813308875	-58.456024337952236	"WR*"		"Gaia DR3 5879722512132456192"
15327716	"WR 64-4"	"WR 64-4"	226.04653813308875	-58.456024337952236	"WR*"		"[RC2018] B88"
15327716	"WR 64-4"	"WR 64-4"	226.04653813308875	-58.456024337952236	"WR*"		"WISE J150411.18-582721.3"
15327716	"WR 64-4"	"WR 64-4"	226.04653813308875	-58.456024337952236	"WR*"		"WR 64-4"
15327717	"WR 64-5"	"WR 64-5"	226.88273262450457	-58.252744181075556	"WR*"		"2MASS J15073185-5815098"
15327717	"WR 64-5"	"WR 64-5"	226.88273262450457	-58.252744181075556	"WR*"		"Gaia DR3 5880092291630768512"
15327717	"WR 64-5"	"WR 64-5"	226.88273262450457	-58.252744181075556	"WR*"		"[RC2018] B91"
15327717	"WR 64-5"	"WR 64-5"	226.88273262450457	-58.252744181075556	"WR*"		"SPICY 25566"
15327717	"WR 64-5"	"WR 64-5"	226.88273262450457	-58.252744181075556	"WR*"		"SSTGLMC G320.0540+00.0209"
15327717	"WR 64-5"	"WR 64-5"	226.88273262450457	-58.252744181075556	"WR*"		"WR 64-5"
15327718	"WR 64-6"	"WR 64-6"	227.74022584500958	-57.957977025664164	"WR*"		"2MASS J15105766-5757286"
15327718	"WR 64-6"	"WR 64-6"	227.74022584500958	-57.957977025664164	"WR*"		"DENIS J151057.7-575728"
15327718	"WR 64-6"	"WR 64-6"	227.74022584500958	-57.957977025664164	"WR*"		"Gaia DR3 5880077688741091968"
15327718	"WR 64-6"	"WR 64-6"	227.74022584500958	-57.957977025664164	"WR*"		"[RC2018] B93"
15327718	"WR 64-6"	"WR 64-6"	227.74022584500958	-57.957977025664164	"WR*"		"SPICY 25925"
15327718	"WR 64-6"	"WR 64-6"	227.74022584500958	-57.957977025664164	"WR*"		"SSTGLMC G320.5939+00.0474"
15327718	"WR 64-6"	"WR 64-6"	227.74022584500958	-57.957977025664164	"WR*"		"WISE J151057.66-575728.8"
15327718	"WR 64-6"	"WR 64-6"	227.74022584500958	-57.957977025664164	"WR*"		"WR 64-6"
15327720	"WR 70-13"	"WR 70-13"	234.44380476939622	-56.14595322192694	"WR*"		"2MASS J15374651-5608454"
15327720	"WR 70-13"	"WR 70-13"	234.44380476939622	-56.14595322192694	"WR*"		"DENIS J153746.5-560845"
15327720	"WR 70-13"	"WR 70-13"	234.44380476939622	-56.14595322192694	"WR*"		"Gaia DR3 5883566881502595968"
15327720	"WR 70-13"	"WR 70-13"	234.44380476939622	-56.14595322192694	"WR*"		"[RC2018] B105"
15327720	"WR 70-13"	"WR 70-13"	234.44380476939622	-56.14595322192694	"WR*"		"WISE J153746.51-560845.4"
15327720	"WR 70-13"	"WR 70-13"	234.44380476939622	-56.14595322192694	"WR*"		"WR 70-13"
15327721	"WR 70-14"	"WR 70-14"	234.82068112452208	-55.82180606606556	"WR*"		"2MASS J15391701-5549189"
15327721	"WR 70-14"	"WR 70-14"	234.82068112452208	-55.82180606606556	"WR*"		"DENIS J153917.0-554917"
15327721	"WR 70-14"	"WR 70-14"	234.82068112452208	-55.82180606606556	"WR*"		"Gaia DR3 5885078984866033920"
15327721	"WR 70-14"	"WR 70-14"	234.82068112452208	-55.82180606606556	"WR*"		"[RC2018] B107"
15327721	"WR 70-14"	"WR 70-14"	234.82068112452208	-55.82180606606556	"WR*"		"WISE J153917.02-554919.1"
15327721	"WR 70-14"	"WR 70-14"	234.82068112452208	-55.82180606606556	"WR*"		"WR 70-14"
15327722	"WR 70-15"	"WR 70-15"	239.74157100000002	-52.768227	"WR*"		"2MASS J15585797-5246056"
15327722	"WR 70-15"	"WR 70-15"	239.74157100000002	-52.768227	"WR*"		"DENIS J155857.9-524605"
15327722	"WR 70-15"	"WR 70-15"	239.74157100000002	-52.768227	"WR*"		"[RC2018] B123"
15327722	"WR 70-15"	"WR 70-15"	239.74157100000002	-52.768227	"WR*"		"WISE J155857.96-524605.4"
15327722	"WR 70-15"	"WR 70-15"	239.74157100000002	-52.768227	"WR*"		"WR 70-15"
15327723	"WR 72-5"	"WR 72-5"	241.7560994052946	-51.97181789561	"WR*"		"2MASS J16070146-5158184"
15327723	"WR 72-5"	"WR 72-5"	241.7560994052946	-51.97181789561	"WR*"		"DENIS J160701.4-515818"
15327723	"WR 72-5"	"WR 72-5"	241.7560994052946	-51.97181789561	"WR*"		"Gaia DR3 5981484198751444096"
15327723	"WR 72-5"	"WR 72-5"	241.7560994052946	-51.97181789561	"WR*"		"[RC2018] B132"
15327723	"WR 72-5"	"WR 72-5"	241.7560994052946	-51.97181789561	"WR*"		"WISE J160701.46-515818.4"
15327723	"WR 72-5"	"WR 72-5"	241.7560994052946	-51.97181789561	"WR*"		"WR 72-5"
15327724	"WR 75-31"	"WR 75-31"	246.30665300000004	-48.972912	"WR*"		"2MASS J16251359-4858224"
15327724	"WR 75-31"	"WR 75-31"	246.30665300000004	-48.972912	"WR*"		"DENIS J162513.5-485822"
15327724	"WR 75-31"	"WR 75-31"	246.30665300000004	-48.972912	"WR*"		"[RC2018] A11"
15327724	"WR 75-31"	"WR 75-31"	246.30665300000004	-48.972912	"WR*"		"SPICY 36886"
15327724	"WR 75-31"	"WR 75-31"	246.30665300000004	-48.972912	"WR*"		"SSTGLMC G334.7557+00.2255"
15327724	"WR 75-31"	"WR 75-31"	246.30665300000004	-48.972912	"WR*"		"WR 75-31"
15327725	"WR 76-11"	"WR 76-11"	250.05378299999995	-46.1483	"WR*"		"2MASS J16401290-4608538"
15327725	"WR 76-11"	"WR 76-11"	250.05378299999995	-46.1483	"WR*"		"DENIS J164012.8-460854"
15327725	"WR 76-11"	"WR 76-11"	250.05378299999995	-46.1483	"WR*"		"[RC2018] B154"
15327725	"WR 76-11"	"WR 76-11"	250.05378299999995	-46.1483	"WR*"		"WR 76-11"
15904672	"WR 121-16"	"WR 121-16"	282.91545925349	-5.5808515869	"WR*"	14.024	"2MASS J18513970-0534510"
15904672	"WR 121-16"	"WR 121-16"	282.91545925349	-5.5808515869	"WR*"	14.024	"ASASSN-V J185139.71-053451.1"
15904672	"WR 121-16"	"WR 121-16"	282.91545925349	-5.5808515869	"WR*"	14.024	"Gaia DR2 4254815437833064064"
15904672	"WR 121-16"	"WR 121-16"	282.91545925349	-5.5808515869	"WR*"	14.024	"Gaia DR3 4254815437833064064"
15904672	"WR 121-16"	"WR 121-16"	282.91545925349	-5.5808515869	"WR*"	14.024	"TIC 53097895"
15904672	"WR 121-16"	"WR 121-16"	282.91545925349	-5.5808515869	"WR*"	14.024	"UCAC4 423-098655"
15904672	"WR 121-16"	"WR 121-16"	282.91545925349	-5.5808515869	"WR*"	14.024	"WR 121-16"
17919703	"WR  77a"	"WR  77a"	251.73140199648998	-45.85957803733556	"WR*"	20.3	"Cl* Westerlund    1     CN      Q"
17919703	"WR  77a"	"WR  77a"	251.73140199648998	-45.85957803733556	"WR*"	20.3	"Gaia DR2 5940106689983759360"
17919703	"WR  77a"	"WR  77a"	251.73140199648998	-45.85957803733556	"WR*"	20.3	"Gaia DR3 5940106689983759360"
17919703	"WR  77a"	"WR  77a"	251.73140199648998	-45.85957803733556	"WR*"	20.3	"WR  77a"
23924117	"WR 60-5"	"WR 60-5"	211.51508974695412	-60.45822182199028	"WR*"		"Gaia DR3 5866501365851281024"
23924117	"WR 60-5"	"WR 60-5"	211.51508974695412	-60.45822182199028	"WR*"		"WR 60-5"
23924118	"WR 67-3"	"WR 67-3"	228.91430804667334	-58.137797242133324	"WR*"		"Gaia DR3 5877142611191579904"
23924118	"WR 67-3"	"WR 67-3"	228.91430804667334	-58.137797242133324	"WR*"		"WR 67-3"
